fv700043,0.000,0.990,@h@
fv700043,0.990,2.860,@ its And@rs
fv700043,5.000,6.270,its @
fv700043,6.270,6.920,# jA
fv700043,7.640,8.967,mind@r lOl@x pE+z @k
fv700043,9.400,10.440,Ale mInd@r lOl@x
fv700043,11.040,12.167,tOt ny tu tOx
fv700043,13.020,14.830,@ In dist Ew@ z@ dar
fv700043,14.830,16.472,@r @ pOtS@ vAN G@makt
fv700043,18.201,19.230,t Is t@ zEG@
fv700043,19.940,21.210,dA wist_t Al n@n tE+t
fv700043,21.210,22.690,Ale dA wIst_t@ vAn In d b@Gin
fv700043,22.690,25.282,dA s@ t_tar @ @n antAl wek@n Eb@ lat@ liG@n I
fv700043,26.194,28.180,vordA s@ t spYl Eb@n Opx@styrt
fv700043,28.180,30.380,b@stElbOn Eb@n Opx@styrt xu
fv700043,31.530,34.280,@ Eb@ z@ dij@ b@stElbOn Opx@styrt
fv700043,35.650,38.340,dAn Em @k ik @ tirEkt_tA forsxOd b@talt
fv700043,40.920,41.860,ne ne ne ne ne
fv700043,41.860,43.230,#
fv700043,43.230,44.380,# dA sA+
fv700043,44.380,45.760,dA sA+ pAs lOl@x sIn
fv700043,45.760,46.690,zEx #
fv700043,46.690,47.636,t iz dist E
fv700043,47.636,50.860,t is ni-j-@ d@ wEstfland@rz Ov ip@r Of so I
fv700043,51.580,52.460,@m
fv700043,53.120,53.670,Gu
fv700043,53.670,54.600,#
fv700043,54.600,55.970,Eb @g dar t@rYx
fv700043,55.970,58.120,@ wek Of twe dri lat@n ov@rGan
fv700043,58.830,60.150,ma dAd Iz d@ loGikA
fv700043,61.030,62.730,tOdA k fOnt fAn xuw
fv700043,64.430,68.220,ne dAs jY+st I ig b@tal mE+ vorsxOt En dAn zE En dAn styr@ zE+
fv700043,68.770,69.370,Gu
fv700043,72.620,73.550,[]
fv700043,73.550,75.580,En dAn @ b@GIn @g mE+ tOx
fv700043,75.580,79.337,wA sOrG@ t@ mak@n OmdA-j-ik wet x@wonl@g mu j@_@m_mant Op forAnt
fv700043,79.337,80.910,@t sAldo stOrt@
fv700043,81.460,83.880,[] dYz Ig bEl na Gind@r v2 t@ zEG@ vAn u zIt_tAd ir
fv700043,84.430,87.070,warOm @ Ik Ep nOG AltE+t nIks x@zin
fv700043,87.940,90.152,zEG@ z@ dar lAkOnik ne dAs jY+st
fv700043,90.152,93.160,@ G Et_tA nOx ni x@zi wAnt Ik Eb d@ b@vEst@GIN nOG Alt@t ni
fv700043,93.990,95.550,k sEx te[] di GAst@ vA Ale kOm
fv700043,95.550,99.700,G Et_t@ b@vEst@GIN ni G Ed mE+ v@zek@rt_tAd Al@z In Ord@ wAz dar ja mar
fv700043,99.700,101.070,d@r Iz @ prOblemk@
fv700043,101.070,102.280,mE @n otEl
fv700043,103.870,106.450,@ t prOblemk@ zA+ d@rIm b@stant
fv700043,107.500,109.640,dAt_tA[] otEl d@n tur dA wE+ dun
fv700043,110.190,111.790,dar kOm@ w@ d@n twe@d@n dAx
fv700043,112.550,114.370,dAz Op n@n dOnd@rdAx dAxt Ik
fv700043,114.370,115.190,k weG @t ni jY+st
fv700043,115.190,115.960,k wIl @rvAn Af sIn
fv700043,116.670,118.270,En dAd Iz dij@n dAG Alt@t_tu
fv700043,120.300,121.670,t@n erst@ AlI
fv700043,122.110,125.955,vOn @g dA nOGAl bizar dA sE+ wErk@ mE ot@lz dA e@n@n dAx_x@slot@ zE+n
fv700043,125.955,127.060,Ik frax mE+ Af [] [] []
fv700043,127.600,129.420,ja wEl ja wE+ Em@ dA nOx foGAt
fv700043,129.420,130.190,And@s
fv700043,130.190,132.875,Ik snAp nOG Alt@t ni mEns@ di vor @n wek @
fv700043,132.875,134.310,buk@ wA []At_ti dAm_mut@ dun z@
fv700043,134.850,135.460,ma Gu
fv700043,136.120,138.480,@ z Ad@ dYz dar Gen OplOsIN vor
fv700043,138.480,139.360,nOx ni
fv700043,139.360,141.120,En Ik At so stErg d@n IndrYk
fv700043,141.120,144.140,dA s@ dar Yn_nOx ni t@ vel an dot Ad@ G@dan an dA spYl
fv700043,145.020,147.760,dYz Ik sEx teG@ dij@n tip @ lYst@rd is
fv700043,148.640,149.411,@m
fv700043,151.574,153.260,# bA jA dAs t erst@ wA [] vrux
fv700043,153.260,155.780,kY j@ ny kY j@ ni-j-Op n@n And@r@n datYm v@trEk@
fv700043,156.280,157.760,Ik sE+ m@ner AlI
fv700043,157.760,158.360,#
fv700043,158.360,160.010,GE+ Ept @t_tri wek@ lat@ liG@
fv700043,160.510,162.590,dAn zE+n @r nOx Iz dri wek@n ov@G@Gan
fv700043,162.590,165.940,di-j-And@r@ datAz Em @k y vAn in d b@Gin G@Gev@ Alt@rnAtiv@
fv700043,166.440,168.470,di zit@n Al_lAN vOl dYz dA lYk ni
fv700043,169.290,170.390,mar Ik stEl vor
fv700043,170.390,171.220,@
fv700043,171.220,172.970,Az dAd otEl@k@-n-@ prOblem is
fv700043,172.970,175.340,du G@won yw@n tur In d@n OmG@kerd@ rixtiN
fv700043,176.220,177.747,dA At @m dYs nOx ni-j-aN G@dAxt
fv700043,178.250,181.989,zAt @m an t_teG@prYt@l@ v[] t@ zEG@ jA mA dAs tOG Al@mal ni-j-evidEnt
fv700043,182.590,183.410,@
fv700043,183.410,186.785,As @k @m vrux warOm ja wAn di kAnz di b@wExwE+z@rIN
fv700043,186.785,189.180,Iz In e@n rixtiN k sEx ja m@ jA []
fv700043,189.180,191.810,Ik sit mE n@n zer Ervar@ stAfkartlez@r dys
fv700043,192.310,197.910,#
fv700043,197.910,199.230,jhA jhA ja
fv700043,199.230,201.750,dYz dA kOn Al@mal Ge prOblem zE+m bO~
fv700043,202.910,204.390,k xiN kOntAkt Opnem@
fv700043,204.940,206.527,En E+ GIN its lat@ wet@
fv700043,207.300,208.570,Y+tE+nd@l@k sE+n d[]
fv700043,208.570,211.530,twe@ daG@n ov@rG@Gan Ik ord@ niks Ik Em t@ryx@bElt
fv700043,213.120,216.200,wAs @r Ond@rtys@n_n@n dErd@ di mE+n dOsir b[] zIG At
fv700043,217.680,219.660,@
fv700043,219.660,221.310,dA wAs frE+dAx dA k x@bElt Ep
fv700043,222.740,224.109,En @
fv700043,224.109,225.120,#
fv700043,225.120,226.310,d@ twe vor@G@
fv700043,226.310,228.290,di war@ mE f@rlOv Of wet @k fel
fv700043,228.290,230.810,AfE~ z At_tAt spYl tuG@styrt x@kreG@
fv700043,231.530,236.483,@ zE+ evd ar Ond@rt ke@r@ v@rOntsxyld@xt s@ GIN Al dun wA dA s@ kOn Om @
fv700043,236.483,237.900,@ dAt_t@ zuk@
fv700043,237.900,242.290,Ov @n AltErnAtif Ik Em ar zElf x@zExt Ig dAx k Em ers x@spelt mEt_t x@dAxt frAns
fv700043,242.290,244.930,ma Axt@rAv Em @k x@dAxt ja dAd Is t@ zOt I
fv700043,244.930,246.580,zEzOnd@rt kilomet@r_rE+@
fv700043,246.580,248.728,v2 dAn @n dAx mind@r t@ dun dij@n
fv700043,248.728,249.710,AlI
fv700043,249.710,252.010,twe@ daG@ stAp@ dAd Iz @m bIk@ krANksIn@G I
fv700043,252.670,253.573,@m
fv700043,254.310,255.070,Ik Em ar G@zExt
fv700043,255.070,257.550,Ik Em Al nOG Alt@d AltErnAtiv@ vAn
fv700043,257.550,258.650,v2 mE+ pArt
fv700043,258.650,260.080,e@nd@r twElk
fv700043,260.080,261.070,OtEl
fv700043,261.510,263.210,In d@ byrt fAn d@n twe@d@n dAx
fv700043,263.710,264.310,Is xu
fv700043,265.020,266.970,En w@ zOrG@ zElf wEl @
fv700043,266.970,269.970,dA w Onz bAGaZ@ dor n@n tAksi lat@ v@rvur@n Of xOt wIt wA
fv700043,270.410,272.000,mE+ kAn dAd Al@mal ni sxel@
fv700043,272.930,274.310,Ov Op @n And@ mAnir
fv700043,274.310,276.830,ma As t_tarvAn AvANt_tA wIl @k wEl @m bIk@ zuk@
fv700043,277.270,279.156,u dAd @t_tar G@rakt ja A~fE~
fv700043,280.365,281.730,@
fv700043,281.730,284.096,vAndax eft_ti t@ dYz di bElt wEl zElf t@ryx
fv700043,284.096,287.065,di-j-eft fAndaG Al t@rYx@bElt @ vo t@ zEG@ ja
fv700043,287.615,294.375,@ t eft hel_lAN G@dyrt for dA g dij@n turOp@rejt@ Gind@ vAstkrE+x wAnt sE+ wErk@ dar dYs mE mE-j-ok so @n AGEntsxAp
fv700043,295.526,297.226,@
fv700043,297.226,299.030,En di vind Op t erst@ G@zixt nIks
fv700043,299.030,304.755,mar Ig b@lov y vAn Al@s t@ dun Em_mOrG@ zElv Az @k nOG AltE+t xen_niwz Eb ik xa y Elk@n dAG bEl@ tO[] fo t@ zEG@ bO~
fv700043,304.755,305.944,[] [] d@ vorY+txAN Is
fv700043,306.690,310.075,mar @ u vErd@r dAt_tAt xad u klE+n@r d@ kAnz Is nAtyrl@k I
fv700043,311.565,313.375,wAnt mE+n And@r Alt@rnA AlI
fv700043,313.375,314.365,Y+tE+nl@k
fv700043,314.365,316.900,wAnt_tA sE+ z@ dAn @ dAn #
fv700043,316.900,320.846,dAn Ok Op @t latst ja [] zEG@ z@ @ iN Grot@ sted@n Iz dA ni so mujl@k In frANkrIk
fv700043,321.396,325.792,t prOblem b@Gind in d@ klE+n@ sted@ war dAt @r ma e@l wE+n@G otElAkOmodasis_sIn
fv700043,325.792,327.106,En di zit@ vOl Al@mal
fv700043,327.106,328.260,wAnt @t Is
fv700043,328.260,331.590,@ pINkst@rwikEnt Ov Ik wet ni xu wElk wikEnt_tAt_t Iz dAn
fv700043,332.435,335.034,AwEl bO~ dYs @ dA sit E+vOl
fv700043,335.831,340.011,En Als latst@ Em @k ar dAn_nOx_x@zExt @ A~fE~ dA xiN z@ dAn ok iz b@kE+k@
fv700043,340.011,341.570,ik wil dEsnots_sElf
fv700043,341.981,344.621,@ itsk@ Gan zuk@ war dA w@ d@n ers@n dAx
fv700043,344.621,346.211,Onz@n_nOrmal@n tOxt_tun
fv700043,347.091,350.250,In d@ plats fAn @ t@ slap@ war dA w@ must@ slap@
fv700043,350.250,351.651,mA wA dAd @t otEl tu Is
fv700043,352.090,353.081,wIl @k ik t@ryx
fv700043,353.741,356.591,@ mE op@mbar v@vur Of tAksi
fv700043,356.591,359.154,t@ryx na d@n erst@ nar tOt t erst@-n-otEl Gan
fv700043,359.890,361.871,wAnt_tAz im bom dAs xej@n klE+n stAt
fv700043,362.471,366.811,AlI [] dAs xe@ Gro@t stAtS@ wAnt_tAz dAz e@n vAn d oftsted@ dar vAn d@m burGOJ@
fv700043,367.471,369.360,@ En d@n dAG d@rOp
fv700043,369.360,372.471,m mE+ t@ryx lat@ vur@ @m
fv700043,372.471,374.704,an t E+ntpYnt fAn vAn vAn dA spYl I
fv700043,374.704,376.591,Ale an d b@Ginpynt fAn d@n dErd@n dAG I
fv700043,377.031,377.604,Gu
fv700043,377.604,378.461,#
fv700043,378.461,380.381,mA t Is ma v2 t@ zEG@ di ja
fv700043,380.381,382.081,G@ mut so b@ GOt
fv700043,383.071,386.921,mEt_t@ pAp @ d@ pAp In yn@ mOnt stek@ wAnd blE+gbar
fv700043,387.581,389.961,zE+n z@ dA ni-j-Al t@ G@wEnt fAn vAn In e@n@ ker
fv700043,389.961,392.839,bY+t@n Yn Yn Y+tx@te@k@nd@ pad@ t@ Gan
fv700043,393.511,394.171,#
fv700043,394.171,394.831,ma Gu
fv700043,395.771,397.862,Ale k wI[] k wA+ ny bEl@ wAnt
fv700043,397.862,398.951,t wAz @m bItS@-n-idijot
fv700043,399.451,405.761,As x@ niksk@ Gort Et En As @k ik nOG Alt@t niks xort Et As x ir zat@rdAx kOmt fAn dAn t or@ vAn ja []
fv700043,405.761,406.790,d@r Is nOG Alt@t niks
fv700043,406.790,408.400,En Alz @t sat@rdAx nOG Alt@t niks is
fv700043,408.400,410.841,ja dAn vrez Ig dA w@ t Op Onz@m bY+k moG@ sxrE+v@
fv700043,412.768,414.671,AwEl vo mE+ Is jyni ok t@ lat
fv700043,417.471,418.131,ja
fv700043,418.131,419.721,Ik At Al G@dAxt fAn And@s
fv700043,419.721,420.823,d@n ElzAs t@ dun
fv700043,422.083,425.383,@ mar Ik fre@z darvor I dAz Ok pINkst@rwikEnt I
fv700043,426.753,430.315,En dA sE+n AlI Ik Em di dOrpk@s x@zin dA sE+n d@ klAsik@ dOrpk@s
fv700043,431.030,433.047,d@n ElzAz dA wE+ ok x@dan Em@n I frAns
fv700043,433.047,435.263,@ ribovile rik@wir
fv700043,435.263,437.853,ja dA sE+n Al@m@l turistis@ plE+st@rplats@
fv700043,439.503,442.614,@ Of
fv700043,442.614,444.910,d@ voGez@ dENk Ig dA mInd@ Ga sE+n
fv700043,444.910,446.803,ma-j-Ik dYrvd@-n-@t ni sEG@
fv700043,446.803,449.466,En Ik fre@s @ bIk@ vAn @t_t@ dun ok wAnt
fv700043,449.773,454.823,[] Ik Eb y dAd Al G@zExt uk Ik Eb dar zIt@ kE+k@n_nar war dA w Al@mal zIt@ En ov@rnAxt@
fv700043,454.823,455.983,dAd Iz Ext
fv700043,455.983,456.513,Ale
fv700043,456.513,457.793,#
fv700043,457.793,459.823,As w@ dar Op Ob di vE+v daG@
fv700043,460.373,464.658,e@n@ ker Gan ov@rnAxt@ war dAt @r @n dEft@x kAfe zA+ op@ zIn dA sA+ mE+ zwar v@wOnd@r@
fv700043,465.651,466.633,dYs @
fv700043,469.593,470.203,Gu
fv700043,472.453,475.803,ma bO~ Az @k for @ zat@rdAG its wet_tAm bEl @k I
fv700043,483.003,485.143,AwEl Ik Em zo @m bIk@ d@n IndrYk fAn
fv700043,485.143,485.803,ja
fv700043,486.290,490.143,ny @ wA dAt @r And@rs xan wE+ mut@ b@Gin@ dENk@n @m bItS@ ma
fv700043,491.183,493.060,@ As w@ dit jar
fv700043,493.060,494.260,tOx nOG its wIl@ dun
fv700043,494.260,496.181,vAn @ dar teG@
fv700043,496.181,498.661,E+nt sEptEmb@r b@Gin Oktob@r t@ Gan flIk@n I
fv700043,501.791,506.231,kwa wer Iz dA nOG AltE+t @ Gut_t@ dun_nOrmal AlI
fv700043,506.231,508.475,dAz d@zElvd@ rizikoz Az dA x@ ny lopt I
fv700043,508.475,509.421,dA wer
fv700043,509.911,511.011,mar t@rvor jA
fv700043,511.011,511.731,[] []
fv700043,514.031,514.861,Gu
fv700043,514.861,516.731,hu lat sE+ jYli ir nOrmal
fv700043,519.801,523.670,# @ ZA~klod e Ond@rtys@n uk is x@bElt @ Ig dAxt
fv700043,523.670,525.839,teG@ []@ zev@n@n Of so [] g bEn_ni sek@r
fv700043,526.671,528.051,g bEn_ni sek@r [] []
fv700043,531.121,534.150,ja dAs mE kind@r@ ma E+ evd Al G@bElt xist@r@
fv700043,534.150,536.296,v2 t@ zEG@ dA dA kim ni mekOmt
fv700043,538.311,540.341,En Ik wet ni wA dA jyli Gan dun [] [] []
fv700043,545.756,546.356,a
fv700043,548.857,553.998,Ik mut_tA wEl wet@ wAnt dA sE+ Gen twe klE+N GAst@k@z di di zomar ni metEl@ v2 t et@n I
fv700043,558.066,558.826,ja
fv700043,562.616,563.166,[]
fv700043,580.146,581.086,[] []
fv700043,581.966,582.800,[]
fv700043,586.516,587.116,@h@
fv700043,588.496,589.866,#
fv700043,589.866,591.356,En di kAn_ni mE tIm
fv700043,591.356,592.620,d@n A+tst@
fv700043,592.620,594.408,di kAn_ni mE tIm [] [] []
fv700043,597.116,597.996,a jA
fv700043,599.536,600.146,Gu
fv700043,600.636,602.624,w@ zYl@ z ir vor d@n teve kAp@
fv700043,602.624,605.526,[] nar ErG@z @n @ sOftpOrnodINsk@ En
fv700043,607.606,609.143,#
fv700043,609.143,609.662,ja
fv700043,609.662,611.900,#
fv700043,613.046,614.150,#
fv700043,614.150,615.370,#
fv700043,615.370,615.902,ja
fv700043,617.386,622.052,#
fv700043,622.052,623.812,ja #
fv700043,623.812,625.022,#
fv700043,625.022,626.062,jA jA
fv700043,626.062,626.722,Gu
fv700043,627.820,630.874,bO~ GE+ ort nOrmal vAm_mE+ itsk@ nOx for d@ zat@rdAG I
fv700043,631.645,632.206,Gu
fv700043,632.206,633.042,AlI
fv700043,633.702,634.309,frAns
fv700043,634.309,635.405,sAly I []
fv700043,25.270,26.194,m
fv700043,27.623,28.180,@@
fv700043,39.550,40.920,En_ny zE+n z@ fAjit
fv700043,41.860,43.230,#
fv700043,43.230,44.329,# AlI jON
fv700043,44.329,46.690,#
fv700043,61.030,62.876,[] #
fv700043,62.876,64.430,#
fv700043,66.570,68.770,[] twe dri wek@ []
fv700043,69.370,72.620,G@lEt Ob d@ vorG@sxid@nIz Iz dA red@l@k@ tErmE+n
fv700043,72.620,73.550,[]
fv700043,80.910,81.460,[] []
fv700043,109.640,110.190,ja
fv700043,118.820,119.420,m
fv700043,125.958,127.600,[] [] [] tOx nOx forGAt
fv700043,128.860,130.070,[]
fv700043,134.310,134.850,@h@
fv700043,191.810,194.580,#
fv700043,194.580,195.380,[]
fv700043,195.380,196.794,#
fv700043,196.794,197.910,[]
fv700043,198.664,199.230,ja
fv700043,248.280,249.550,#
fv700043,269.970,270.960,#
fv700043,292.935,293.705,m
fv700043,310.075,311.945,[]
fv700043,322.825,323.536,[]
fv700043,329.475,330.125,[]
fv700043,331.555,333.205,ja ja t Is pINkst[]
fv700043,359.121,359.891,m
fv700043,365.651,366.811,[]
fv700043,375.410,376.591,ja []
fv700043,392.741,393.511,jA jA jA
fv700043,409.891,410.881,[]
fv700043,410.881,412.801,En dAn zAl t_t@ lat sE+n vor @
fv700043,413.370,414.071,[]
fv700043,414.671,415.601,[] ne
fv700043,415.601,418.843,@ Om Om in d@zElvd@ p@rjod@ k sEx mar wAt @
fv700043,420.823,421.651,m
fv700043,425.383,426.753,[] [] [] []
fv700043,432.353,433.409,[]
fv700043,438.479,439.079,m
fv700043,457.303,458.484,[]
fv700043,464.653,465.651,m m m
fv700043,471.523,472.453,tja jON
fv700043,475.803,479.653,En d@ mOral vAn t f@ral iz As x@ bY+t@ bElGij@ Gat suk@ w@
fv700043,479.653,480.753,Ob d@ wEpsajt
fv700043,480.753,483.000,frAns@ firmAs [] frANkrE+k is
fv700043,483.000,484.263,[]
fv700043,500.691,501.791,[] [] []
fv700043,508.475,509.421,[]
fv700043,511.011,512.221,#
fv700043,513.261,514.031,m
fv700043,516.731,518.871,AwEl At_teG@n u lat Ad_d@ G@zExt
fv700043,525.241,526.671,teG@ zev@n yr jA
fv700043,527.697,528.481,@m
fv700043,528.971,530.071,dAs mE kInd@r@
fv700043,533.421,535.291,[] kIm di kOm ni
fv700043,536.061,537.566,kIm ni ne ne
fv700043,538.351,539.241,ja wAn[]
fv700043,539.846,540.614,AwEl ne
fv700043,540.614,543.006,w@ war@ vAm plAn z@ me t@ pAk@ wAnt @
fv700043,543.556,545.146,t Is nOG AltE+ nit_t@ b@trA+@
fv700043,546.356,547.956,z@ slam_m@kar d@ kOp in []
fv700043,550.366,551.767,AwEl [] []
fv700043,553.987,556.416,jA jA ma wAxt Ik sAl nOx n@ ker
fv700043,556.416,558.066,d@rEkt na mE+n@ SEf stAp@
fv700043,559.936,561.086,En dAn @
fv700043,561.086,562.126,@m b@vEst@GIN
fv700043,565.916,567.076,dYs_sat@rdAx
fv700043,568.496,569.216,bE+
fv700043,569.216,570.366,bE+ wili
fv700043,570.366,571.212,jA
fv700043,575.536,576.636,dYs dAz In Ord@
fv700043,579.266,580.146,ja
fv700043,581.086,581.966,ja dAs xut
fv700043,581.966,585.146,@ Ale vorlop@G d@n A+ts@ mE wE+n@x @
fv700043,585.146,586.516,AntuzjAzm@ ma
fv700043,586.516,588.496,[] kAn E+ kAn d@ pOt Op I
fv700043,593.386,596.143,ja m@ ne di wAs_soG@zExt wEx @ mEt_t sxol
fv700043,596.143,597.116,an ze
fv700043,600.636,601.510,[]
fv700043,603.486,605.086,AwEl @ G@ Geft @m
fv700043,605.086,607.056,G@ Geft @m vAn di vEt@G@ buksk@z I
fv700043,609.696,611.271,#
fv700043,611.618,614.146,Ik or dar Gen OntkEnIN [] v@rOntward@Gd@
fv700043,614.146,615.352,#
fv700043,615.352,617.932,dAt wOrt_tOx nOG AltE+d Opx@nom@ dA x@sprEk
fv700043,619.412,620.460,Anonim []
fv700043,620.460,622.052,#
fv700043,622.052,623.812,a jA jA
fv700043,623.812,626.062,mu dA mu kyn@ dA mu kyn@
fv700043,626.722,627.822,m
fv700043,630.842,631.645,AwEl dAs xu
fv700043,632.206,633.042,ja
fv700043,633.042,633.700,AlI
fv700043,633.700,634.742,tOt_tAn I jA
fv700043,634.742,635.405,jA
fv700043,570.366,571.212,ja
fv700043,571.212,573.166,[] zat@rdAx_xa w@ nar wili-j-I
fv700043,573.166,574.156,k Eb y dA x@zExt I
fv700066,0.000,2.043,u En tOt wAner must xE+ wErk@
fv700066,2.456,3.416,vAndax
fv700066,8.454,9.085,ja
fv700066,11.462,12.522,a
fv700066,13.105,14.614,En Y+tx@pYt
fv700066,15.051,16.214,Y+tx@pYt
fv700066,18.442,19.222,#
fv700066,21.853,22.981,ja zek@r
fv700066,25.312,26.097,@h@
fv700066,31.298,32.935,a []s xu f2 d@ kOndisi-j-I
fv700066,35.561,39.244,ja Grit As x I frANkrE+k sIt_ti kInd@rs xan y og du lop@n or
fv700066,40.582,42.395,# b@rE+t y ma vor
fv700066,42.395,43.417,dAz @ huj uf@nIN
fv700066,44.428,45.581,@n huj@ uf@nIN
fv700066,46.747,47.762,m #
fv700066,47.762,49.919,@m Iz y kOt lex
fv700066,54.864,57.144,a@ ne zo kal #
fv700066,59.127,61.174,ja ne k Eb Yld@r nOx_x@zin
fv700066,61.174,63.049,tun @k mEt_t@n A+to
fv700066,63.049,64.857,a h Eb @t xort
fv700066,65.812,68.045,dAt @ k Ep x@klAksOnert
fv700066,79.989,83.364,a ja Ig dAxt @t wEl or mar AlI kOm #
fv700066,83.364,85.086,m zEx
fv700066,85.086,87.380,Ig bEl @ ker In v@rbAnt mEt_tInzdAx
fv700066,87.707,88.391,@m
fv700066,88.391,90.394,k Eb @ hel klE+m prOblem
fv700066,91.436,93.455,t Iz E+h@l@k xu niwz En slExt niws
fv700066,93.455,94.871,Ik Ep nam@l@k wErk
fv700066,95.806,98.075,#
fv700066,98.075,99.818,ja Ik Eb dA wErk IN knOk@
fv700066,101.326,101.980,ja
fv700066,102.660,103.413,dYs
fv700066,103.413,106.160,@ t prOblem Iz Ig b@hIn mandAx En @
fv700066,106.160,107.195,nOrmal G@zin
fv700066,107.195,114.249,z Ad@ mE+ dA so Ob di Ob dA sOlisitasiG@sprEk x@zExt_tAt_tA nOrmal Al@ daG@n vAn Alf twe tOt rOnt sev@n yr hIN zE+n
fv700066,114.980,115.628,dYs
fv700066,115.628,116.510,A ja
fv700066,116.510,120.805,Ik wet E+h@l@k nO ni wAner dA k Ig dInzdAx tY+s xa zE+n dar kOm @t Op ner
fv700066,122.312,125.506,dYs Ik sAl y dar And@rs mandAx for bEl@n
fv700066,126.439,129.145,ma k wA+ y Al @m betS@ vorb@rE+d@n dAt_t_tYs
fv700066,129.145,130.620,ni vrux_xa sE+n
fv700066,132.646,133.226,m
fv700066,133.226,133.937,ja mA
fv700066,134.728,137.650,k At E+h@l@k wEl hrax nO n@ ker west wOk@n dYs
fv700066,138.490,139.795,k hob dAt_tA nOx_xa lYk@
fv700066,143.355,144.378,jA
fv700066,144.378,146.705,ma zowizo h@ hat_tOx nOx kom
fv700066,148.568,151.332,ne ne ne k Ep sIn hem prOblem #
fv700066,154.587,155.228,jA
fv700066,158.963,161.507,ja AwEl k si dA ok sIt@n wAnt @
fv700066,161.507,163.129,t sAl mul@k wOr@n Om @
fv700066,163.660,166.465,y-j-And@rs nOx fel t@ pAk@n t@ krE+h@n dENk @k
fv700066,171.421,175.156,ja mE+n v@rjardAh di mut x@virt wOrd@n E #
fv700066,175.573,176.392,ja ja ja
fv700066,184.930,187.460,ne ma nOrmal G@zin zAl t wEl han mAr
fv700066,187.460,191.973,t xa sowizo wA lat@r zE+n dAn dA w@ m@sxin And@rs_sA+d@ plAn@ vAndar
fv700066,194.043,194.592,jA
fv700066,195.355,198.470,ma k xa ny wEl ni nar frANkrE+k_kYn@ kom@n E
fv700066,201.414,205.991,ja Ik fInt_t Ext jAm@r Ik At @r Ext wEl nar Y+tx@kek@n OmdA k Ik nO nojt
fv700066,205.991,208.073,In t sY+d@n vA frANkrE+g bE G@west
fv700066,208.875,209.860,ne dYs
fv700066,209.860,211.398,Ik sAG dAd Ext wEl tO
fv700066,211.398,213.111,[]o hel@mal zIt@n ok
fv700066,213.111,217.557,OmdA AlI ja k At so Alv En Alf mE kris x@plAnd Om Op rE+s t@ han
fv700066,218.410,221.444,ma dA kOn dAn ok nit_torhan wAN kris xa Op tur E
fv700066,221.444,223.321,zIt_twe mand@n In italij@
fv700066,224.139,225.078,dYs
fv700066,225.078,229.045,k sEx ja dA ha k Ik zek@r na hrit ma jA #
fv700066,232.290,233.555,ja k wet @t
fv700066,234.780,237.850,ja ma k wet nO ni pr@sis wAt_tA k Al@mal ha mut@n dun
fv700066,240.972,241.419,ja
fv700066,244.285,244.956,ja
fv700066,246.227,249.052,@m Ept x@ nOG its xort fAn [] [] Of so
fv700066,254.311,254.959,#
fv700066,256.408,257.973,ja zEx wEl #
fv700066,281.084,282.005,@h@
fv700066,286.341,287.743,o v@rAsIN
fv700066,289.726,292.120,A ja h@ wet @t nOx ni
fv700066,299.705,300.225,ja
fv700066,301.239,304.275,k xa a ja k xa ar mOr@n ok @ ker prOber@m bEl@ wAnt
fv700066,304.275,307.027,k Eb @m b@rIxtS@ G@styrt ma s@ rejAhert nit jON
fv700066,307.826,310.483,ne g b@GIm_mE+ Al zOrG@n t@ makN
fv700066,311.243,312.052,dYz @
fv700066,312.679,315.040,ja dYs Ext As x@ zo vEr vAn Elkar wont
fv700066,315.040,316.822,h@ zA+t sEG@n tel@fon E
fv700066,316.822,317.894,idejal mA
fv700066,318.572,321.589,ja vo bE+ In dA bOz dar Iz dAt_tYs ni idejal E
fv700066,322.825,323.932,[] ja #
fv700066,339.072,342.723,ja ma[] k fInt t rar dA s@ Gem b@rIxtS@ dAn t@rYxstyrt Ale ja
fv700066,343.638,345.151,dA sA+ @m
fv700066,345.151,346.464,G@mAk@l@k@r zE+n
fv700066,348.896,350.278,mar ja
fv700066,354.204,355.679,ja dAt_t_tE+t []
fv700066,359.251,363.747,m ja mar zowizo k xa wEl prOber@n Om ar mOrh@ vAst_t@ krE+[]
fv700066,366.905,368.406,dANk y
fv700066,369.418,370.350,@m
fv700066,370.350,374.866,@ ja g bEn dOnd@rdAhav@nt_tAn_nar Y+s x@kom@ En @ d@r laG@m briv@m
fv700066,374.866,380.294,EN k sAx so n@m brif_fAN knOk@ lIh@ ma k At_tA Al vOled@h Y+tx@slot@n EN_Ng du Em op@n En
fv700066,380.294,382.526,ja Ik At x@dAxt_tAt @r @ wE+h@rIN In
fv700066,382.526,385.699,stOnt e di briv@n di-j-Ik AltE+t krE+x #
fv700066,385.699,386.639,mar @ ja
fv700066,386.639,389.748,t stOnt @rOp dA k aNG@nom@ wAs mandAh b@hIn@n
fv700066,393.633,395.290,ja Ig dAxt_tAd ok
fv700066,395.290,396.037,Ale ja
fv700066,396.978,397.505,dYs
fv700066,397.799,401.705,k wAs_sElfs ni senywAxt@h A[] [] dim brif op@ndet e wer en@
fv700066,402.832,403.767,dYs jA
fv700066,404.899,406.090,# ja mO
fv700066,407.573,408.254,ja
fv700066,408.254,410.516,Ig bEn zo id@ren Is_so kEnd_d@ dA
fv700066,410.516,414.560,zo Im_mE+ fAmili id@ren Is_so syp@rEntuZAst e dA jON
fv700066,414.560,417.487,twe jar Al zOnd@r wErk ny E+nd@l@k wErk
fv700066,417.487,421.600,En dAn zE+n z@ kwat OmdA k Ik so ni-j-EntuZAzd bEn
fv700066,424.006,427.043,jA f Ik hob dAd @d mevAlt
fv700066,427.043,429.294,dYs t en@xst@ ny-j-Iz dA fo mE+ zo[] Ext
fv700066,429.294,431.287,h@won AfwAxt@n zo
fv700066,432.238,434.001,dYz Az d mevAld Oke mAr
fv700066,436.401,437.378,ja Ik ok
fv700066,438.908,440.062,#
fv700066,440.062,441.852,t is t op@n E
fv700066,441.852,442.333,m
fv700066,443.344,443.973,ja
fv700066,444.690,445.916,And@rs xen_niws
fv700066,448.386,451.103,ne a Ig bE hIst@r@ mE+n @
fv700066,451.103,455.527,vIlt@n kYs@nz En tAS@s xan sx vErv@n In t mijAp
fv700066,456.851,459.404,ja mE+N kYs@n Is wEl Gu G@lYkt
fv700066,461.308,462.729,@m ja d@n
fv700066,462.729,464.105,ja t kYs@ wEl Al
fv700066,464.105,467.236,k xa dInzdAxmOrh@n_nOrmal mEt_t@n A+to d@ rEst xan al@
fv700066,467.572,470.865,OmdAt_t wAs nO frE+ nAt En Ob din trAm dA wex_x@lE+k lot
fv700066,470.865,475.057,k sAx dA Ext ni sIt@n En dA stINkt Az dA so nEt x@vErft Is nar d@n AmOJAk
fv700066,475.545,478.124,dYz dAs_so nit_t@ aNh@nam@ h2r Om_me Ob d@n trAm
fv700066,478.124,480.116,tu t@ kom@ #
fv700066,480.116,480.654,dYs jA
fv700066,480.654,481.567,ma jA
fv700066,483.276,484.079,wAblift
fv700066,486.834,489.360,ha zo Eb @k @t nOh ni b@kekN
fv700066,489.360,490.990,ja wAnt E+h@l@k
fv700066,490.990,492.192,#
fv700066,492.192,493.704,dAz Int@rsAn
fv700066,497.209,498.320,ja
fv700066,498.320,501.786,k xIN nOrmal mE ti kAktyslY+z@n vErv@n
fv700066,501.959,505.450,ja di war@n_nAtyrl@k nOx ni bIn@n k Eb di vAn
fv700066,505.912,506.419,ja
fv700066,506.572,510.178,Ik E k Eb di dAn vAndax mOxt @g di han al@
fv700066,510.178,515.205,mar ny-j-Is t prOblem h@won vAn ja k xa nOx so wE+n@x tE+t ov@rEb@n Om t@ vIlt@n En
fv700066,515.712,517.063,# t Is wEl
fv700066,517.063,518.518,@m betS@
fv700066,518.518,520.383,jAm@r nAtyrl@k mar ja
fv700066,521.485,522.475,k sAl wEl zin
fv700066,523.498,524.079,m
fv700066,530.066,533.640,ja m@ ja # G@won_niws Iz uk xud or
fv700066,535.800,539.030,nej@ Ebd_d@ nOG its x@dan vor @ frANkrE+k
fv700066,543.264,545.823,ja h_hEpt_tar its fA G@zExt ma
fv700066,549.789,550.480,m
fv700066,552.843,553.665,u En
fv700066,553.665,557.650,hE+ mut_tA ny Al Op forAnt so wet@n wAt_tA j@ hat_tun Of ni
fv700066,560.534,563.248,# [] Gut jON #
fv700066,564.770,566.473,@ ni b@hIn@n @
fv700066,566.473,572.250,AktivitE+t@n OrhAnizer@n As x@ heN kInd@rz Ept e Grit #
fv700066,573.064,573.848,m
fv700066,575.417,576.117,ja
fv700066,582.818,583.409,ja
fv700066,587.251,588.984,m han y A+d@rz y vur@n
fv700066,592.299,594.962,u E h_hat @ d@n A+to dar dAn A+d@n
fv700066,597.794,599.927,y vad@r Is tOh ok AltE+t
fv700066,605.840,610.935,ja ma nAtyrl@k t Is xAnd@x ma bE+ mE+ tY+s_sA+ @r nimAnt sE+n A+to kYn@ mIs@n dYs
fv700066,2.643,4.455,@m AwEl ja ny
fv700066,4.455,8.471,ny vAndax must @k nOx_xan mA t Is Alen d@ zat@rAG OmdAt_t_tAn zo dryk wAs
fv700066,9.070,11.462,En wAsxE+nl@k Is t_t@ latst@ ker dYs
fv700066,12.424,13.105,ja
fv700066,13.105,14.504,[]
fv700066,14.504,15.145,E
fv700066,16.111,18.369,ja jON t wAs_so dryk fAndax hO
fv700066,19.256,22.285,t wAs xuj wer E ja nAtyrl@k id@ren_na t stAt
fv700066,22.981,25.237,En ja dAn Eb@ z@[] sxun_nod@[] E
fv700066,26.557,28.121,E ja vor Elk par sxun@ dA x@
fv700066,28.121,31.250,dA s@ mut@ dAm_mut@ GE+ na bov@ lop@ trAp@n Op trAp@n Af
fv700066,33.071,34.640,ja ja mA ny zIn @k ik Ext
fv700066,34.640,35.493,[]
fv700066,39.040,40.336,ja ja ja k wet @t
fv700066,40.336,41.700,#
fv700066,43.848,44.326,wAt@
fv700066,45.758,46.338,ja
fv700066,49.953,50.972,@m
fv700066,51.520,53.261,ja mE+n m@m bEt stat @r nOG in
fv700066,53.261,54.864,ma vor d@ rEst Iz Al@s wEx ja
fv700066,56.740,57.524,ja
fv700066,58.138,59.127,u dA vor wA
fv700066,61.992,62.776,ja ja
fv700066,64.959,65.539,wAt@
fv700066,68.472,70.350,a jA jA jA diN@ zE+ @t
fv700066,70.350,71.541,@m
fv700066,71.541,72.667,Ale
fv700066,72.667,76.896,hErlind@ zE+ Inens_so fAn o kIg dOr Iz Elz En Ik so u war war war war
fv700066,76.896,79.984,En ja ja Ik A zE+ At y G@zin ma-j-Ik At y ni x@zin
fv700066,82.865,83.516,ja
fv700066,87.161,87.673,ja
fv700066,90.315,91.493,ja ne zEx mar
fv700066,95.072,96.324,ja Is t Ext
fv700066,96.711,98.047,tEl mi tEl mi
fv700066,100.650,101.349,ja
fv700066,101.826,102.523,Ale
fv700066,105.576,106.157,@ja
fv700066,114.366,114.947,ja
fv700066,120.880,121.951,A jA ja ja
fv700066,125.587,126.712,AwEl t Is xu
fv700066,130.618,133.089,AwEl ma trEk @t y ni-j-an AlI wAd Iz dA ny
fv700066,138.006,138.546,jA
fv700066,140.270,144.305,mA w@ Gan zin I Alz dA ni m@r lykt_tAn dAn dAn dun w@ t sElv Ov Of dAn
fv700066,146.639,148.840,ja ja [] As x@ zin Ept E As As [] []
fv700066,151.266,154.560,@ vor mE+ Iz dA vor mE+ Is t Al@mal Ale Is t x@lE+k E
fv700066,154.985,159.287,ma As As k nOx kAN kom@ ja Grax sElvz dA kYn@ w@ nOG @ bIk@ bE+ bAb@l@
fv700066,160.192,161.261,jA
fv700066,166.649,167.218,b@ ja
fv700066,167.218,171.617,k GAn k GAn_nOG is k xa nOx Afkom@ E+ ej sEx [] yw@ v@jadAx Is tOx bIn@kOrt Ok E
fv700066,173.738,174.981,a ja t Iz dA
fv700066,176.694,177.655,dYs ma @m
fv700066,177.655,180.133,AwEl Ge prOblem dAn dAm bEld_d@ GE+ En
fv700066,180.133,181.410,Al Is t Om t@ zEG@ vAn
fv700066,181.410,182.552,kIkt xrit
fv700066,183.417,184.905,dIt Is fel t@ v@rmuj@nt
fv700066,184.905,186.186,[]
fv700066,190.787,191.341,jA
fv700066,192.192,195.216,AwEl jA mA Ge@ prOblem Ext_t@r mut_t@ ni me-j-inzit@
fv700066,199.502,201.395,a jA mA jA mA zo nid E
fv700066,201.395,202.410,[]
fv700066,208.145,208.846,mA GE+
fv700066,212.406,213.117,jA
fv700066,217.834,218.185,jA
fv700066,223.460,223.935,jA
fv700066,224.890,225.270,Al@
fv700066,227.789,228.403,jA
fv700066,229.426,232.138,ma kE+k ma t Is tOx_xuj niws G@ G Et wErk E
fv700066,232.973,234.405,En dAs mEt_ti kintS@z dAn
fv700066,237.492,238.304,jA
fv700066,238.304,240.757,ma ja k xa t_tAn wEl or@ dinzdAx wAt_tA x@
fv700066,241.897,244.212,As x@ zo Al @n vorsmaksk@-n-Et xAt
fv700066,249.229,250.131,@m
fv700066,250.131,251.105,AwEl
fv700066,251.105,254.957,Gist@r@n Of # [] [] [] [] [] []
fv700066,254.957,256.189,# @mAj
fv700066,257.483,258.172,#
fv700066,258.172,261.575,@m Gist@r@ Of erGist@r@ wAner wAs t
fv700066,261.575,264.521,en vAn di twe Ik wet ni mer ja t makt ni-j-Y+t
fv700066,264.521,267.015,ma dAn Eb @k @ b@rIxtj@ G@kreG@ vAn
fv700066,267.015,268.087,@m
fv700066,268.087,270.601,k Eb ir nOG its liG@ vor y
fv700066,270.601,271.472,@m
fv700066,271.472,272.324,kOm_mar Af
fv700066,272.324,274.547,diN@ mOrG@ ov@rmOrG@n Of []
fv700066,274.547,275.308,blA blA bla
fv700066,275.308,279.063,EN k Ad [] dAn @ b@rIxtS@ t@rYx@styrt_tA k evEntywel d@
fv700066,279.063,281.146,d@ zOndAGav@nt sA+ kom@
fv700066,281.652,283.810,ma dAd is t Ale
fv700066,283.810,285.891,vor d@ rEst wet @k @t ni
fv700066,288.807,289.872,u b@duld_d@
fv700066,291.236,292.478,AwEl ja
fv700066,292.478,296.699,ne ja Ik wet ni-j-Ov dA Ov dAt_t lykt for ar Om Om zOndAx Ale
fv700066,296.699,299.630,[] [] mOrG@nav@nt dar Is lANs t@ xaN k wet @t ni
fv700066,307.225,308.094,u
fv700066,316.859,317.881,ja
fv700066,320.713,321.814,ne ne
fv700066,324.545,329.710,ja ne dAd Iz Ext wEl Amb@tA wAnt vor@G@ [] [] k Ig dar en@ prOber t@ bEl@n Ok dAd Is
fv700066,329.710,331.007,[] [] Ale
fv700066,331.007,333.951,mE+m_mut sAkt Al Om d@r en@ t@ bEl@ vAn ja
fv700066,335.153,336.986,dA xa wArsxE+nl@k tOx ni lyk@n En
fv700066,336.986,339.069,kOm @ b@rIxtS@-n-En [] [] [] Ale
fv700066,342.143,342.643,m
fv700066,346.549,347.140,ja
fv700066,350.195,352.268,ma must @t sE+n dA k @r mOrG@ G@rak
fv700066,352.268,354.253,k sAl t ar ni ke zEG@ vAn []
fv700066,355.106,356.287,kYnd_d@ GE+
fv700066,356.287,359.508,lYkt_tA for y Om b@rIxt@ t@ryx t@ styr@n Ov u zit_tA
fv700066,363.653,364.301,jA
fv700066,365.457,367.076,Ale ma sEx prOfiSAt
fv700066,367.667,369.219,En sins wAner wet_t@ dA
fv700066,372.851,373.432,ja
fv700066,384.822,385.456,ja
fv700066,388.591,391.370,Ale ma dAs tOx rar wAnt mestAl [] [] [] [] vor
fv700066,391.370,393.648,As x aNG@nom@ [] dA s y [] [] zA+d@ bEl@n []
fv700066,394.760,395.531,ja
fv700066,397.553,398.505,Ale
fv700066,401.819,402.380,ja
fv700066,403.832,405.004,Ale Gu
fv700066,406.076,408.219,t Is ny t op@ dAt_t o[] pl@zAnt Is
fv700066,421.490,423.840,ja m@ ja G@ mut AlI G@ kYnt ny [] [] []
fv700066,426.886,427.477,ja
fv700066,430.821,431.542,jA
fv700066,435.618,436.559,mA k op @t
fv700066,437.220,439.306,k ob dA G@ Grax nar knOk@zut xa
fv700066,441.076,441.747,ja
fv700066,444.070,444.690,A~fE~
fv700066,446.072,447.956,@m ne
fv700066,455.506,456.658,ja En
fv700066,458.580,461.114,O ma k sIm b@niwt E d@ lIG@ z Op y kOt
fv700066,467.255,467.645,a jA
fv700066,470.600,471.114,zo
fv700066,475.250,476.291,a jA []o
fv700066,478.331,479.145,ja #
fv700066,480.921,483.361,[] [] dAn [] [] m@sxi rY+mt@-n-Ob d@n trAm
fv700066,483.822,486.916,dAn E d@ t@minst@ m@sxi rY+mt@-n-Ob d@n trAm vor yw E+G@
fv700066,488.359,489.040,ja
fv700066,494.227,496.350,AwEl mO g bEm b@niwt k xa z@ dAn
fv700066,501.818,502.529,ja
fv700066,504.302,506.305,dA wAs_so rot sek@r I vAn di kAktys
fv700066,506.305,506.627,ja
fv700066,506.627,507.348,[]
fv700066,515.378,515.772,JA
fv700066,522.475,523.024,jA
fv700066,525.066,526.168,Ale Gu
fv700066,527.010,529.869,ne k Em ni so spEktAkylE:r niws x@lE+k xE+
fv700066,531.478,532.399,ne
fv700066,533.274,534.402,n
fv700066,535.014,535.642,ne
fv700066,539.437,540.141,@m
fv700066,540.141,543.553,ja zo n@ pinatA G@makt kEnd_d@ dA
fv700066,544.973,546.906,AwEl ja dAt@ En dAn
fv700066,546.906,549.220,zo bek@ prYl@rE+ kOpis xan_nem@n En
fv700066,549.220,550.088,Ale
fv700066,550.088,552.755,[] [] @rme bez@x s[]
fv700066,557.291,560.700,ne ne ne ma dAd Is x@won ja wIt_t@ mE+n EntuZAzm@-n-I
fv700066,562.298,564.702,ja dA [] [] []
fv700066,569.228,570.821,ja #
fv700066,572.233,572.984,ja jON@s
fv700066,576.173,579.745,jO ma bIn@kOrt xa g dAn_nOG Iz bEl@ na di m@vrA+ En dAn
fv700066,581.016,582.368,k si Ale wAnt t kOrt Av E
fv700066,583.319,587.405,t Is @m bin@ @n twint@xtAl daG@ []
fv700066,589.488,591.470,@ ne k xa warsxE+nl@k mEt_t@n A+to Gan
fv700066,594.857,595.437,jA
fv700066,595.437,596.849,[] d@ kAmjOnEt fAm pApA
fv700066,597.818,598.256,jA
fv700066,600.013,600.594,ja
fv700066,601.545,604.590,ma ja dAz Ext wEl hAnd@x wAnt And@rs xa k Ig dar twe mant Ext
fv700066,604.590,606.131,d@ myr@n Oplop@n I
fv700066,610.378,610.935,jA
fv900058,2.557,3.607,a jA
fv900058,4.836,6.239,Ik Ep t x@sprEk ny-j-Opx@zEt E
fv900058,6.822,8.923,[]s moGd_d@ GeN G@hE+m@ dIN@ v@rtEl@n #
fv900058,9.949,10.707,ja
fv900058,12.437,13.160,#
fv900058,13.160,14.609,ja dA stat @r ny-j-Al@mal Op E
fv900058,15.535,17.428,dA stat @r ny-j-Al@mal Op E
fv900058,17.428,18.615,a ja sEx
fv900058,18.615,20.728,En u Iz dA so Alen zOnd@r @
fv900058,21.982,23.902,Er@x OxArm@
fv900058,24.688,26.386,s te@k@n dA G@ [] @m Grax sid I
fv900058,28.884,30.243,a jA jA
fv900058,32.224,33.847,[] [] #
fv900058,33.847,36.632,Ale En En @ En Ond@rtys@ vel G@dijet
fv900058,40.349,42.520,zE+d_d@ GE+ @n AhOrNkyr an t_tun
fv900058,42.520,43.391,Iz dA Ext
fv900058,43.391,45.304,AmAj wAd @ kArAkt@r
fv900058,50.088,51.742,AmAj sEx dAs xu
fv900058,51.742,54.480,k_kAn dA dA kAN k ni sEG@ #
fv900058,54.480,56.051,[] nOG AltE+ ni x@stArt
fv900058,57.587,58.262,jO
fv900058,58.262,59.388,#
fv900058,61.891,63.646,ja ja dij@ wAnz []
fv900058,65.293,69.362,a ja dij@ wAns # din iz Al_lAN G@pAserd bE+ mE+
fv900058,69.362,71.501,sEx En Ig dAxt_tA xE+ vAndax_xIN Afkom@
fv900058,72.486,73.367,a tOx
fv900058,75.460,76.772,a ja
fv900058,78.698,80.727,ja dAm bEn @k Ik wEl an t wErk@n E
fv900058,84.113,85.430,a jA j@ja
fv900058,85.430,88.230,dAN kOmd_d@ GE+ na t sxol tOt an d@ tOt an d@n A+to Of wA[]
fv900058,88.230,89.671,GE+ kOmt_tOd an d@n A+to
fv900058,92.019,93.321,a jA jAjA
fv900058,93.321,94.991,jO m@ zEG @t ny []
fv900058,95.524,97.697,a ja z@ mut Efk@s nOG its_sEG@
fv900058,113.828,115.168,[]
fv900058,116.359,117.469,[]
fv900058,118.681,120.210,[]
fv900058,129.760,131.739,[] twint@x ov@r vir E
fv900058,146.408,148.810,[] kAn @k Ik x@won vruG@r nar Y+s kom@
fv900058,149.694,151.576,dAm_mut @k ni wAxt@n Op y
fv900058,151.576,152.301,a
fv900058,152.301,153.807,AmAj zo spOrtif
fv900058,153.807,155.021,#
fv900058,156.983,159.086,u wAs kAtrINkA ar@ v@rjardAx_x@west
fv900058,160.639,161.950,[] wAblif
fv900058,165.148,166.892,werAl []
fv900058,191.678,193.384,[] [] [] [] [] []
fv900058,194.586,196.067,oxArm sEx
fv900058,197.730,199.226,dAs Ext wEl Er@x E
fv900058,201.367,204.894,ja m@ jA Az Al Al y vrind@ di G Y+tnod@xt AvbElt
fv900058,207.258,208.189,@h@
fv900058,215.851,217.580,Ale zE+zElv [] [] [] []
fv900058,218.671,220.260,[] [] tOG Al its E
fv900058,225.067,225.820,ja
fv900058,228.066,228.828,ja
fv900058,228.828,229.495,ja
fv900058,235.005,235.814,a ja
fv900058,237.165,238.004,[] []
fv900058,283.261,284.814,[] [] [] []
fv900058,291.332,292.978,Ig dAxt_tAt @m ni xIN bEl@
fv900058,297.587,299.497,vor t@ zEG@ dAt @m y mIst@
fv900058,299.497,301.199,Om t@ zEG@ dAt @m y mist@
fv900058,307.432,309.813,# zEx amAj []
fv900058,313.839,315.236,Aj []
fv900058,317.884,319.494,zEx ma Ik mut y wEl b@dANk@n E
fv900058,319.494,323.252,[] wE+ kEn@ m@kar wEl vE+v@ndErt@x jar ma GE+ Ept niks lat@n or@n vAn y E
fv900058,324.283,325.195,wAner
fv900058,325.195,326.270,vir mart
fv900058,327.130,328.680,#
fv900058,328.680,329.560,[]
fv900058,332.589,334.431,Ale #
fv900058,335.669,336.969,a mErsi z@n@
fv900058,336.969,339.093,#
fv900058,339.093,339.778,jAja
fv900058,339.778,342.031,dAs_sek@r G Et xuj@ vorbeld@n E
fv900058,344.171,346.409,[] [] [] [] Gut
fv900058,349.157,350.637,Is t Ext war dA
fv900058,401.586,404.120,a k wA+-n-@t Syst sEG@ dAs fel t@ vel
fv900058,413.740,416.465,ja mA idz dA G@ v@ryrt_tA kYn moGd_d@ ni fErd@r v@ryr@n
fv900058,416.465,417.654,idz dA x@ hyrt []
fv900058,418.079,418.994,a jA
fv900058,426.835,429.139,a ja zo wEl In dAd [] []
fv900058,429.692,430.412,A ja
fv900058,430.412,434.094,ma e dA x@ da[] @N kitS@nEt En zo In stan E [] d@ GE+ nOx fel kOst@ t@ dun I hE+di
fv900058,438.121,439.631,Ale ja []
fv900058,443.687,445.019,ja ja ja
fv900058,446.009,448.011,E+ kAn d@r m@sxin @ G@mensxAp
fv900058,448.815,451.437,E+ kAn @r @ G@mensxApsY+s fAm_mak@n E
fv900058,451.437,453.551,E+ kAn @r tOx @ G@mensxApshY+s fAm_mak@
fv900058,456.880,457.490,E
fv900058,457.933,459.504,[] [] [] nOx nojt its fA Go@rt
fv900058,466.844,468.066,a ja j@ja
fv900058,469.779,471.121,a dAt_tAxt @k Al
fv900058,478.239,481.854,ja G@ wet_tA g dar Ep nojt so Axt@r Ep x@stan ok ni mE-j-ils tun I
fv900058,483.413,485.416,[] dAS_Syst @tsE[]
fv900058,485.776,487.526,#
fv900058,489.510,490.763,ja dA sA+ lAN dyr@
fv900058,490.763,495.285,#
fv900058,497.357,500.816,a ja n@ vrint mE brurAlyr@z a ja jAjA jAjA
fv900058,502.809,504.561,G@lEk As x@ hord E Gud E
fv900058,505.793,506.783,G@wEld@x
fv900058,506.783,507.463,#
fv900058,507.463,508.932,o Al vel jar@n #
fv900058,511.671,513.045,ne nej@ dAt_tud_d@ GE+ zo wEl
fv900058,513.045,514.822,#
fv900058,517.017,518.442,jA ja
fv900058,519.337,520.072,ja
fv900058,520.538,523.458,mA ja t Iz E+nt fAn d@ weg dAn Is @r Al ni sovel ni m@r In Y+z E dYs
fv900058,523.458,525.165,[] prOblem Gat_tA ni sE+n
fv900058,527.375,528.296,a jA
fv900058,529.587,531.424,dAd Em @k Al wEl Ond@rvOnd@
fv900058,533.463,535.712,En E d@ GE+ [] Y+t y E+G@ G@bElt sEx
fv900058,535.712,537.903,En Al bE+na @ kwArtir hE+di
fv900058,540.378,541.298,jaja
fv900058,541.298,544.291,zEx mA ny sta hel dA f@ral Ob dA bAntS@ ma dA xeft_tOx ni-j-E
fv900058,546.372,547.248,A
fv900058,548.375,550.750,jO mEns@ di t [] Intr@sert E
fv900058,553.300,556.202,o G@ mox ma tim_m@nyt@n Opnem@ zEGd [] [] dA wIst @k nOx ni []
fv900058,556.845,557.887,a ja
fv900058,559.687,560.803,#
fv900058,560.803,562.949,dar Is_s@ wer mE-j-ar sEkslev@
fv900058,565.436,566.671,ja ja
fv900058,566.671,568.572,dAs ok ni-j-ONG@zOnt E
fv900058,568.572,569.526,#
fv900058,569.526,570.915,dAz ok ni-j-ONG@zOnt I
fv900058,572.130,573.153,#
fv900058,0.634,4.990,[] d@ d2r Ik Em [] tA k ni xintr@sert wAz En di b@GOn dAd In t@ sprek@n Im_mE+m bEl #
fv900058,6.161,6.992,a ja
fv900058,6.992,7.954,ja
fv900058,8.545,10.036,Ge G@hE+m@ diN@
fv900058,10.374,13.400,k sAl Al@ detAjs fAm_mE+ sEkslev@ dAn Axt@rweG@ lat@
fv900058,13.400,14.662,#
fv900058,14.662,16.094,wAt@
fv900058,16.765,17.486,ja En dAn
fv900058,20.741,22.633,#
fv900058,22.633,25.197,ja Ex mAmA Ext kE+Er@x
fv900058,26.453,29.382,ja mA Ext_tAd Is f@rsxrik@l@g dAd Is Ext nit_t@ dun
fv900058,29.382,32.515,[] [] mE+n daG@ zo vOl t@ plAn@n Az it ma niks xa Ext f@rY+t
fv900058,32.515,34.314,#
fv900058,36.622,39.745,@ ja Ik Ep @ nOG AltE+t n@ n
fv900058,39.745,41.380,niks xet@ []
fv900058,41.928,43.101,ja
fv900058,43.101,43.902,ja
fv900058,45.254,50.161,Ale jA Ik Ep wEl Al its xet@n OmdA k Ik And@rs fAm_mE+n@ sys fAl dAs nOG it And@rs mA Ext ser wE+n@x
fv900058,55.883,56.683,#
fv900058,56.683,57.860,dA kOmt wEl
fv900058,57.860,59.558,#
fv900058,59.558,62.041,ojt wAns In @ lajftajm
fv900058,62.710,65.957,ja Ik wIl @k Ik t@r Gu-w-Y+t sin Az @k mE+n@ vEnt_t@ryxkOmt s@
fv900058,66.936,67.626,#
fv900058,69.301,70.252,AmAj []
fv900058,71.144,72.455,ja ma Ik_kOm_mOr@G@
fv900058,72.455,75.020,OmdA k ik mOrG@nav@n_na d@ wim Ga En @
fv900058,75.020,76.613,#
fv900058,76.613,79.765,ja ma ne mA dAN kOm @g ig mOrG@namidAG Al nar Y+z En []
fv900058,80.685,84.528,ja m@ mAmA GE+ kOmt Om vir yr tY+z [] [] Ik mut Om Axt yr pAz bE+ d@ wim zE+n
fv900058,84.528,87.055,dYz dAm bEn @k tOx nOx fir yr tY+s
fv900058,87.821,88.501,wA
fv900058,89.658,93.336,@ ja dA kAn zE+n And@rs pAk ik wEl d@m bys na na na tY+s
fv900058,93.336,94.648,m[] [] [] []
fv900058,97.519,98.299,ja
fv900058,98.629,99.311,ja
fv900058,111.708,112.740,t@ vut Of wA
fv900058,114.451,118.327,k sAl z[] wElk@ bOt@ dA k anEm Is t xu #
fv900058,123.374,125.900,#
fv900058,125.900,127.073,k sAl t OnthA+@n E
fv900058,127.073,127.604,#
fv900058,128.153,129.452,jA m@ dAs xu
fv900058,133.887,135.139,twInt@x ov@r vir
fv900058,135.139,138.746,ja ma dAN kAn zE+n dA k Ik dA k Ik fruG@r nar Y+s kOm k sAl wEl zin [] [] dA k tY+z bEn
fv900058,140.639,142.249,ja dAs xu k sAl dAt_tun
fv900058,142.249,143.259,Okej
fv900058,143.793,144.704,ja
fv900058,145.716,146.438,ja
fv900058,148.511,149.674,A ja ja
fv900058,150.955,151.595,ne
fv900058,154.149,155.555,#
fv900058,155.555,156.080,ja
fv900058,156.080,156.959,#
fv900058,159.054,160.238,dA wAs kE+saj
fv900058,160.238,161.194,#
fv900058,161.927,167.190,dA wAs kE+saj d@r Ad@ zev@ mEns@n Afx@bElt Ob d@ latst@ mOmEnt En @ E+G@l@k Y+tE+nd@l@k wi dAt_tar zAt
fv900058,167.576,170.279,di-j-ar zyz Iz dAm bIn@G@kom@ di-j-ar brur Is nOx_x@kom@
fv900058,170.279,178.550,dAn war@ virZini EN kristjA~ @r dA sE+n twe Ale dAz @ kOp@l [] b@vrint kOp@l vAn dAJElA ar bEst@ vrindIn ma dAJElA di Gat_tij@n dAx f@rY+z@ [] Is ni x@kom@
fv900058,178.550,181.635,En dAm_mus_s@ di Al@mal vorstEl@ an ar zys En dA wAz dA
fv900058,181.635,185.519,ja En dIt Is ils@ En ils@-n-Iz @ vrindIn vAn hE+di En dIt Iz ar@ mAn En
fv900058,185.519,192.576,dIt Is xwEndolin EN GwEndolin Iz @n vr[] vAn hE+di En dIt Is iN@-n-En iN@-n-Iz @ vrindIn vAn hE+di En dIt Is filip En filip Is n@ vrint fAn E+di
fv900058,192.576,194.562,En dA wAz dYs kAtrINkA ar feS@-n-I
fv900058,195.935,196.638,ja
fv900058,198.888,201.261,ja Erx mAmA dut @r it an E
fv900058,204.906,207.556,ja mA mAmA dA sE+n vrind@ vAn vrind@n E
fv900058,208.371,209.142,AlI ja
fv900058,209.142,215.520,ny t wAs wEl G@zEl@x [] [] [] darna nOx na l2v@ G@kom@n z Iz dAm blE+v@ slap@ di wAs k we ni-j-u kOntEnt En dAn mandAx bE k Ig dar nOx it mE xan drINk@
fv900058,215.937,218.729,En t wAz Ext wEl AlI t wAs wEl In Ord@ z@ wAs z@ wAs x@lyk@x
fv900058,220.111,223.918,wAnt_t wAz dAn ok @N GAns@ diskysi ov@r t fE+t_tA wE+ na ytrExt xan E
fv900058,224.268,225.450,des wikEnt
fv900058,225.850,228.427,En d@ joriz dij@ kOmt zat@rdAGav@nt_t@ryx
fv900058,229.257,234.872,En Ik sE+ teG@n ar k sEx [] kAtrINkA k sEx_x@ moxt Op yw@ kOp xa stan ma As wE+ ni n@r Y+s kom@ zat@rdAGav@nt_tAm pAk ig d@n trE+n
fv900058,235.683,237.075,k sEx ik wil tY+s_sE+n
fv900058,237.707,241.680,k sEG draj @t Om zEt y Im_mE+m plats m@sxin dA xE+ ok wEl tY+s_sA+ wil@ zE+n k sEx
fv900058,241.680,245.406,stEl dA xE+ Op skivAkAnsi wart_tAn zA+d_d@ GE+ m@sxin ok xrax wIl@ dAd yw@ vrint wEl tY+s wAs
fv900058,245.406,250.960,k sEx @ Ik Ik @ k si dA Ext ni sIt@ k sEx k wIl @k Ik mE y wEl Gan stAp@ dar ma dAn sta k ik tOx mE+N kAs Op t@ frEt@
fv900058,250.960,253.613,En dAn s mOrG@s nOx_x@zEl@G OndbE+t@ vor mE+ Gat_tA x@won
fv900058,253.613,254.705,hOrOr zE+n
fv900058,254.705,257.829,En [] [] zoits fAn ja dA xIN ni En dA kOn_ni En dA wAs xe wikEnt En
fv900058,257.829,264.288,AlI ja mus_s@ mE+ zat@rdAGav@nt AfsEt@ dAn At sE+ dar niks aN k sEx ja kAtrINkA k Ep xen zin Om t@ kiz@ [] mE+ r@lasi Em_mE+ En @N Guj vrintsxAp fAm_mE+
fv900058,264.288,266.390,k sEG dA kYnd_d@ mE+ ni lat@ dun Ik sEx @
fv900058,266.390,268.774,As x y @ bIk@ Im_mE+m plats_stElt_tAn @
fv900058,268.774,273.733,dAn zYld_d@ t wEl wet@ k sEx trA+@s m@sxim_mE+n@ v@rjardAG Al v@rGet@n dAn zE+d_d@ GE+ mE en[] meG@Gan G@ zE+t_tar blE+v@ pit@
fv900058,273.733,279.180,ik Eb y vor neG@n yr ni t@rYx@zin k sEx @ As x@ dAn k2z@z mut mak@ k sEG dAn wIt_t@ wEl wElk@ k2z dA x@ zA+ mak@n E
fv900058,280.222,284.157,En @ Y+tE+nd@l@k_kom@ w@ dAn tOx t@ryx zat@rdAGav@nt #
fv900058,285.407,287.354,dYz @m
fv900058,287.354,288.433,Ik E d@ joriz Al
fv900058,289.063,291.689,mandAGav@nt dinzdAGav@nt an d@n telefon G@hAt
fv900058,292.929,297.881,ne E+ ef mE+ zat@rdAx_x@bElt Om t@ zEG@ dAt @m Gu wAz aNG@kom@ En dAn d@ mandAGav@nd bEld@-n-@m hel_lat
fv900058,297.881,299.121,s avOns
fv900058,299.121,299.947,wAt@
fv900058,299.947,308.287,ja w Eb@ dYs Alem_ma stan zaG@ zaG@ teG@n Elkar dA [] [] Elkar ONG@lofl@k mis@ [] tE+t wEl hel trax_xa Em bla bla bla bla bla En @k miz y En @k si y nOx_xrax En @
fv900058,308.287,310.031,Al@ sEntimEntel@m brOl
fv900058,310.031,314.137,En dA wAz dAn E+ At E+ [] E+ wAs x@vAl@ En E+ dAxt_tA sE+ rib@ G@kn2st war@
fv900058,314.137,319.046,mwa E+ stOnt @ Gist@r@n Al t@ryx Ob d@ lAt@ dYs t wAs ni so ErG Az dAt @m v@rmut At
fv900058,323.288,324.112,wAner
fv900058,326.272,328.786,sEx mAma dA kAn @k Ik tOx ni wet@
fv900058,328.786,332.611,Ik wet_tA xE+l@ dA xE+l@ Axt A+Gystys_sovel jar@ G@trA+t sE+ mA
fv900058,332.611,334.433,vir mart
fv900058,334.433,336.266,Ale G@fel@sitert E
fv900058,336.996,339.010,k ob dA k Ik @t ok so lAN Y+tA+
fv900058,342.003,344.507,ja t Iz dA dA sEG@ wE+ ok Alt@t_teG@n Elkar
fv900058,346.660,349.280,ja [] ma d@n erik d@n erik eft @n hY+s x@vOnd@n E
fv900058,349.280,350.344,#
fv900058,350.344,354.062,ma ja wE+ war@ Gist@ na t_tejat@r G@Gan En iN@ di wAz darbE+ wAnt_ti-j-eft og di kart@n_nOx
fv900058,354.062,359.210,E w@ war@n_nOx n@ kOfi Gan driNk@ darvor En di krE+G @t In ar star mAn En di b@Gint Ext Amb@tAnt_t@ dun En Ik
fv900058,359.210,361.431,Int@rv@Jer In @t fordel vAn d@n erIk En Inens
fv900058,361.431,364.215,pAkt_ti ar bul@ bE+ En zExt Ik sAl di kart wEl b@tal@n Ik sIn@ wEx
fv900058,364.215,366.720,E wE+ Al@[] twe zo total v@rbA+@rert wAnt_t wAs
fv900058,366.720,370.323,t xiN Om t fE+t_tAt_t@n erik nOG AltE+ bE+ ar wond@ dAt @m nOG AltE+ nIks x@vOn@n At_tAt @m_mujl@g de
fv900058,370.323,372.166,E jY+st war A w@ t styg bin@Ga war@
fv900058,372.166,374.489,wAz dar zon Y+z@k@ ma dAd Is flAk an dij@ zE+ wErk En Ik@
fv900058,374.489,378.688,ho erik @n hY+z@k@ @N GAns hY+s mE vir kam@rs fo vir@n[]wint@GdY+z@nt frAN
fv900058,378.688,383.334,E wE+ zo [] ma dA kAn ir ni-j-i l2v@ dAd is x@woN G@stort_tA iz dA mut @N krOt sE+n dAd Is nit_t@ dun
fv900058,383.334,387.329,ny vAndaG din At n@n Alv@n dAx_x@nom@n [] In d@ pAspArtu t@ blar@n En t@ bEl@n En zo
fv900058,387.329,389.973,En E+ zId bE+ mE+ In d@ k2k@n En wE+ zo an t sin En Inens
fv900058,389.973,394.639,hE+ bElt na di GAst wE+ zo Ext Al@ twe Y+t pyr niwsxir@xE+t fA w@ mut@ dar Is xan_na kE+k@n I
fv900058,394.639,397.703,En di vEnd bElt_tryx ja Ig bEn @r [] As x@ wIlt kom@ ziN kOm_mar Af
fv900058,397.703,400.066,As erst@ G@rejAGerd En dAn dar Gan zin
fv900058,400.066,403.300,nAtyrl@g dA is fel t@ dyr v@r dij@ ker@l Om dA Alen t@ hyr@n E
fv900058,403.300,404.220,wA
fv900058,404.220,407.114,ja tyrl@k ma dAd Is sxit@r@nt mAmA
fv900058,407.114,407.905,[] [] E+ kAn
fv900058,407.905,415.084,vAn d bov@st@ v@rdip t sE+n dri v@rdip@ kAn @m G@won As @m dar @N kitS@nEt In zEt En_n@n duS dAN kAn @m dA f@ryr@n As n@ styd@jo v@r n@ stydEnt [] vo vE+ftindyz
fv900058,415.084,415.867,wA
fv900058,416.817,420.130,jawEl jawEl jawEl jawEl @t mOxt []vErd@r Ond@rv@ryrt wYr@
fv900058,420.130,427.461,dij@ kAn dAt_tYs f@ryr@ vor vE+ftindyz@n frAN dAN dAn hyrt_tin @n hY+s f@r z@n E+G@ v@r neG@dY+z@nt frAN dYz Ik Em di zIt@n ov@ral@n En di-j-et_tA x@pAk #
fv900058,428.152,430.065,Ext k we ni-j-u nE+x jO
fv900058,433.655,434.649,ja mAmA
fv900058,434.649,435.930,m
fv900058,435.930,441.638,[]dAs m@sxin @N kitS@nEt In d In d@n In d@n hybo kOst sev@dY+z@nt frAN En_n@n duZ og dAs fertindyz@nt frAN
fv900058,441.638,443.641,dA hald_d@ d@rY+t bin@ d@ mant E
fv900058,444.783,447.022,ja ja E G@ mut @ bIk@ loGiz dEN[] [] []
fv900058,447.022,449.192,As xE+ @n ApArt@mEnt In [] g b@dul
fv900058,449.192,451.551,Ig b@tal Axtin an @n ApArt@mEnt
fv900058,452.783,457.420,dAs trip@l zo Grot ja nOrmal G@zin wAz [] d@ plEniN dA k Ig bE+ d@n erik xIN won@n E
fv900058,457.420,458.216,wA
fv900058,459.608,461.380,@h@
fv900058,461.380,466.758,jA Ik wA+ @r tOG Y+t En d@n erik wA+ v@rY+z@n As w@ dAn sam@n it xrot kOnd@n yr@ vo wA ni wAnt wE+ kYn@n @t_tOx kE+Gu find@
fv900058,468.129,470.072,[] ny zE+n d@ plAn@ wEl v@rAnd@rt E
fv900058,471.288,473.028,ny ja dA wAs_so wEl zo vAn
fv900058,473.028,477.905,ja hE+di must_t@ GE+ n[] nOx frE+G@zEl G@west sE+n dA wAz dA p@rfEkt x@west [] [] jaja #
fv900058,481.677,483.830,ne ma ja mEt_t@n erig dAs it And@rz I
fv900058,484.844,486.884,dAs ni war m@ma
fv900058,486.884,489.799,dAs n@m brur dAs tsElvd@-n-Az ik mE-j-Ons krist@l zA+ Gan sam@won@
fv900058,492.508,494.868,# ja ne ne dAs nOG it And@rz dAn
fv900058,495.413,498.108,dAs n@ vrint mE brurAlyr@s #
fv900058,500.760,501.680,En u Is [] mE y
fv900058,501.680,502.773,#
fv900058,504.415,507.440,nOG AltE+d Ob dijet #
fv900058,508.851,511.925,ja dYz Az @k ik mOrG@ tY+z bEm_mut_t@ mE+ ni sIt@n ov@ral@n Om it_t@ et@n E
fv900058,513.043,514.054,ja t Iz dA
fv900058,514.775,517.469,ne ne ma dAm_mut_t@ mE+ teG@nA+@ Om_mE+N kAs fOl t@ slaG@
fv900058,517.469,520.527,wAnt Ik si[] w[] sxel vAn d@n ON@r z@ dAz it And@rs
fv900058,522.930,523.994,m
fv900058,524.759,527.983,[]s xu zolAN Az d@ G@hAgdbAl@ ma ni-j-In d@ friGo lIG@n Is t xu
fv900058,527.983,529.625,dar kAn @g dYs ni-j-AvblE+v@n E
fv900058,530.957,532.098,ja ja ja
fv900058,537.856,540.739,a ja mAmA dAs kE+Erx
fv900058,544.186,547.306,ja mAmA Ik wet_tAt_tA bAntS@-n-Opsta En dAn
fv900058,547.306,548.736,wi Gat_tarna lY+st@r@
fv900058,550.524,553.874,awEl ja dAm_mut@ zE+ [] wet@n E mE+n_nam is has
fv900058,555.471,557.011,a vAlA dAz In Ord@ dAn E
fv900058,557.011,560.821,dA stan d@ vE+f latst@ m@nyt@ d@r ni m@r Ob dA kAn @k ny Al@ detAjs fAm_mE+ sEkslev@ v@rtEl@
fv900058,560.821,562.701,#
fv900058,562.701,565.424,ja ma k Ep ny Ge sekslev@ n@ mer
fv900058,568.563,569.194,wAblif
fv900058,570.950,573.153,a ne dAd is
fv900058,44.929,46.789,[]
fv900058,80.604,81.964,[] [] []
fv900058,92.075,94.269,[]
fv900058,94.269,96.271,[] [] [] [] [] []
fv900058,97.531,98.841,sEx hE+di
fv900058,98.841,101.308,mOrG@n E Eb @g dYs niks t@ dun
fv900058,101.308,102.848,ma As x@ dAn_na t sxol kOmt
fv900058,102.848,104.012,kAn @k Ig dAn_ni me
fv900058,104.012,106.660,na t Axtst@ yr
fv900058,106.660,107.947,ja na t Axtst@ yr
fv900058,107.947,109.039,En dA w@ dAn Ef@
fv900058,109.039,110.852,t stAt INGan En zo sam@n_nar Y+s
fv900058,112.915,113.613,ja
fv900058,120.132,120.641,jA
fv900058,120.641,123.741,[] dar vAld_d@ vAn Av dAn zid_d@ d@r Gu-w-Y+t Az y vEntS@ t@rYxkOmt
fv900058,125.047,126.013,#
fv900058,126.961,128.131,jA ma iz dA xu
fv900058,129.051,130.855,ma styrt nOx n@n EzEmEs Of so
fv900058,132.026,134.160,ja twint@x ov@r vir Eb @k Ik pAs x@dan E
fv900058,138.636,140.976,jA ma styrt [] [] EzEmEz dA k its wet E
fv900058,142.259,144.060,Gu AlI k xev Ons mAmA t@ryx E
fv900058,144.060,144.613,daax
fv900058,550.799,553.709,[]
fv900058,570.861,572.101,hAlo
