fv600005,0.000,3.240,an d@ Ord@ Iz d@ Aktywel@ vrax fAn d@ her l@klErk
fv600005,3.240,5.110,G@rIxt_tOt_t@ her vAn d@n brAnd@
fv600005,5.110,9.350,ov@ d@ ErkEnIN vAn @n ko[]Ordinat@r dor @t vizo
fv600005,9.350,11.590,d[] el l@klErk heft @t wort
fv600005,85.850,88.260,d@ mInIst@rprezidEnt eft @t wort
fv600005,228.640,231.133,@d InsidEnt Is x@slot@n
fv600005,11.590,14.180,m@ner d@ vorzIt@r m@ner d@ minist@rprezidEn[]
fv600005,14.180,16.100,her@ minist@rs x@Axt@ kOleGAs
fv600005,16.100,17.640,@
fv600005,17.640,19.500,d@ d@kretreG@lIN
fv600005,19.500,20.660,vorzit dAt
fv600005,20.660,21.480,d@ vOrmIN
fv600005,21.480,27.360,En d@ b@G@lE+dIN vAn d@ kaEmos En d@ mId@stAntsOplE+dIN tuv@rtrA+t wOrt an @t flams Instityt for @t sElfstAnd@x Ond@rnem@n
fv600005,27.360,31.260,En dAt_t@ koOrdinasi vAn dez@ vOrmIN G@b2rt_tor @t vizo
fv600005,31.260,37.460,@ ov@renkOmst@x d@ vruG@r@ nAsjOnal@ wEtxevIN kAn dartu @n koOrdinat@r anG@stElt wOr[]@n ErkEnt_tor d@ minist@r
fv600005,37.460,39.880,d@ reG@lz di tund@rtE+t xEld@x war@n
fv600005,39.880,43.610,zE+n_ny ok nOx_xEld@x In AfwAxtIN dAt niw@ b@slY+t@ G@trOf@ wOrd@n En vorzin dYs
fv600005,43.610,45.590,dAt_t@ koOrdinat@r mut
fv600005,45.590,48.010,@ vOldun am b@pald@ vorward@n t@m_mInst@
fv600005,48.010,50.370,vE+v@ntwInt@x jar zE+n t@n oxst@ vE+v@nsEst@x
fv600005,50.370,54.440,@m b@kwamE+tsEgzam@n AflEG@n En @ G@zOntE+tsEgzam@n ev@nens
fv600005,54.440,57.130,wElny OnlANz eft_t@ rat fAm b@styr vAn @t fizo
fv600005,57.130,59.792,@N koOrdinat@r aNG@stElt
fv600005,59.792,63.220,@ Op nAr mE+n G@vul @n OnwEt@G@ wE+z@
fv600005,63.220,64.050,v@rmIts
fv600005,64.050,65.282,d@ reG@lGevIN vorzit
fv600005,65.282,68.347,dAt_t@ koOrdinat@r mut ErkEnt wOrd@n dor d@ minist@r En_nid_dor @d vizo
fv600005,69.484,72.170,En Ik frax dYz an d@ minist@r @ wAt
fv600005,72.170,75.910,d@ G@mensxApskOmisaris@n In dez@ zak Eb@ G@dan di zet@ln In t fizo
fv600005,75.910,77.780,En t@n twed@ Op wElk@ wE+z@
fv600005,77.780,80.360,d@ minist@rprezidEnd_dENkt an dez@
fv600005,80.360,85.850,OnreG@lmat@G@ anstElIN vAn @n koOrdinatOr @n E+nd@ t@ stEl@m_mEd_d@ tupAsIN vAn d@ rExtstreG@ls t@ GArAnder@n
fv600005,186.240,192.780,jA m@ner d@ vorzIt@r Ik nem_mEt @ G@nuG@ kEnIs fAn @t Antwort fAn d@ minist@rprezidEn vornam@l@k wAd b@trEft @t forlop@x kArAkt@r vAn d@
fv600005,192.780,195.630,ErkEnIN Of_fAn d@ anstElIN vAn d@ hY+d@G@ koOrdinatOr
fv600005,195.630,198.870,t@mer OmdAt @ dez@ an dez@ p@rson
fv600005,198.870,201.070,En Ik hEb @t ni ov@r d@ p@rson mAr Alen ov@r @t prInsip@
fv600005,201.070,203.270,warOm dAt_tez@ p@rson_nOx mud b@wE+z@n
fv600005,203.270,205.300,d@ leftE+t sAl wEl b@kEnt sE+n v@rmut @k
fv600005,205.300,209.880,mAr bE+vorbelt nOx d@d @d b@tkwam@zEgzam@m_mut AflEG@n En_nOG @n G@neskYnd@x Ond@rzuk mut Ond@rGan dAt
fv600005,209.880,212.710,kOmt nOGAl E+G@nard@x for dAt_ti aNG@stElt wOrt
fv600005,212.710,215.190,Em pAz Axt@rAf mud b@wE+z@n dAt sE+ an d@ vorward@ vOldut
fv600005,215.190,219.360,En t@n twed@ bE+ d@ definitiv@ anstElIN vAn @n koOrdinatOr zA+ Ik tOx for plE+t@n
fv600005,219.360,223.390,dAt mEn @ merd@r@ moG@l@khed@n op@n mEd And@r@ word@n dAt mEn dez@
fv600005,223.390,228.640,fYNksi op@n v@rklart for merd@r@ kAnidat@n zodan@G dAt_tIt Op @n vrE+ kOrEkt@ mAnir kAn G@b2r@n Ig dANk y
fv600005,88.260,90.499,wEl @ vorzIt@r kOleGAs
fv600005,91.366,92.930,@r Is @n
fv600005,92.930,94.460,b@slIsIN G@nom@n
fv600005,94.460,95.400,di
fv600005,95.400,96.390,t@rYxat
fv600005,96.390,100.120,tOd In nextin Axt@nsev@t@x En war @n
fv600005,100.120,101.990,kOOrdinatOr wAs anG@stEl[]
fv600005,101.990,103.140,tOt xud b@GrIp
fv600005,103.140,104.790,E+G@l@k Iz @t @
fv600005,104.790,108.080,d@ nOminatimanstElIN vAn @n koOrdinatOr mar
fv600005,108.080,111.726,@n tim di-j-@t wErk dut zoAls fruG@r Afx@sprok@ wAs
fv600005,111.726,112.639,twe
fv600005,112.639,117.250,OmwIl@ vAn d@ pEnsjunG@rExt@xthE+t vAn d@
fv600005,117.250,118.240,b@trOk@n@
fv600005,118.240,120.100,must @r vorzin wOrd@
fv600005,120.100,122.648,In d@ kOntinywitE+t fAn d@ ObdrAxt
fv600005,122.648,123.859,En Ob di bazis
fv600005,123.859,124.561,heft
fv600005,124.561,125.936,d@ rat fAn b@styr vAn
fv600005,125.936,126.860,vizo
fv600005,126.860,127.790,d@
fv600005,127.790,129.330,fE+t@l@k@
fv600005,129.330,130.281,kOOrdinatOr di
fv600005,130.281,133.130,d@ med@wErkst@r Of med@wErk@r wAs vAn
fv600005,133.130,134.780,d@ pEnsjunG@rExt@Gd@
fv600005,134.780,138.364,vor @n vorlop@G@ perjod@ anG@stElt
fv600005,139.068,139.890,d@
fv600005,139.890,146.590,kOmisaris d@ G@mensxApskOmisaris heft @ Gen fOrmel v@rzEt x@Y+t mar heft mE+ wEl
fv600005,146.590,147.690,h@d_dOsir
fv600005,147.690,148.670,ov@rG@makt
fv600005,148.670,151.860,En Ik hEb @t @ ny pAs b@kom@n
fv600005,151.860,153.620,En hE+ fOrmylert_tarIn
fv600005,153.620,156.140,@n antAl vraG@n En b@dENkIN@n
fv600005,156.140,159.650,Ik sAl @ Y+t@rart dId_dOsir tOt mE+ trEk@n
fv600005,159.650,160.310,En
fv600005,160.310,164.380,war ny vorzin Iz dAt @ @n definitiv@ reG@lIN zoAlz y wet
fv600005,164.380,165.750,mut_tOt stAnt kom@n
fv600005,165.750,168.750,In @ A+GYstYs fir@neG@t@x t@n latst@
fv600005,168.750,171.350,zAl Ik @n InspAnIN dun Om
fv600005,171.350,172.620,tOd @n definitiv@
fv600005,172.620,174.320,anG@pAst@ reG@lIN t@ kom@n
fv600005,174.320,176.350,nar @d b@GIn vAn vOlG@nt jar tu
fv600005,176.350,178.990,zodan@x dAt @ di ov@rGANsperjod@
fv600005,178.990,180.530,@ vrE+ b@pEr@kt Is
fv600005,180.530,182.830,Ik sAl @t dOsir vErd@r Ond@rzuk@n
fv600005,182.830,184.980,En y vAn mE+m b@vIndIN@n
fv600005,184.980,186.240,kEnIsxev@n
fv600012,0.000,2.690,an d@ Ord@ Iz d@ vrax fAn d@ her d@wInt@r
fv600012,2.690,4.060,G@rIxt_tOt_t@ her wEks
fv600012,4.060,7.080,ov@r d@ t@wErkstElIN vAn_nit eeGeAmt@nar@
fv600012,7.080,8.840,In d@ vlams@ op@rA
fv600012,8.840,10.338,d er d@wInt@r eft @t wort
fv600012,102.780,104.640,d@ mInIst@r eft @t wort
fv600012,223.243,224.783,[]Int@r
fv600012,342.687,344.589,@d InsidEnt Is x@slot@
fv600012,10.000,18.290,m@ner d@ minist@r y wet_tAt @t_t@wErkstElINzb@lE+t In d@ vlams@ op@ra Al sInts x@rY+m@ tE+t @n sten dEs anstots Iz En @n diskysipYnt og bIn@n @t pErsOnel
fv600012,18.290,19.770,vAn d@ vlams@ op@rA
fv600012,19.770,25.810,d@ IntEndAnt m@ner mArk_kl@m2r eft @r blE+gbar @m pYnt fAN G@makt Om nOGAl wAt In d@ vorbE+@ jar@n
fv600012,25.810,27.810,@ nitflams@ Artist@n
fv600012,27.810,29.050,an t@ trEk@n zowEl vor
fv600012,29.050,29.995,kor Als for
fv600012,29.995,30.990,OrkEst
fv600012,30.990,32.580,@m wAt
fv600012,32.580,33.790,t@rExt_tAxt Ik
fv600012,33.790,34.940,kwad blut eft x@zEt
fv600012,34.940,36.480,bE+ hel wAt flams@
fv600012,36.480,37.932,Artist@n di
fv600012,37.932,39.010,Y+t@rart ok
fv600012,39.010,39.880,Grax
fv600012,39.880,41.200,@ In an d@ bAk
fv600012,41.200,44.280,zA+d@n kom@n Ond@r And@r@ bE+ d@ vlams@ op@rA kONkret
fv600012,44.280,46.370,rE+st @r ny @n prOblem
fv600012,46.370,49.092,@ bE+ d@ t@wErkstElIN vAn zev@n@ntwInt@x
fv600012,49.092,49.940,@m
fv600012,49.940,51.580,nitflams@
fv600012,51.580,54.550,@ @m Artist@n di in
fv600012,54.550,58.610,d@ vlams@ op@rA t@wErkx@stElt sE+n Ig dAxt_tAt @t xIN ov@r ost2ropejan@n
fv600012,58.610,60.040,En Amerikan@n
fv600012,60.040,63.390,warvAn @n antAl vAn hEn @t jY+st@ antAl Iz mE+ nid b@kEnt
fv600012,63.390,67.730,Ob dIt mOmEnt sElfs xen v@rblE+fsf@rGYnIN mer hEb@n di-j-Al twe ker v@rlENt Is x@wOrd@n
fv600012,67.730,69.870,En war blE+gbar
fv600012,69.870,72.120,nar mE+ Is f@rtEld ok Op hoG@r nivo
fv600012,72.120,74.100,G@zOxt wOrt nar @n OplOsIN
fv600012,74.100,76.240,Om dar en mA+ an t@ pAs@n
fv600012,76.240,79.270,Ik men ok t@ hEb@ moG@n b@GrE+p@n dAt
fv600012,79.270,80.530,y p@rsonl@k
fv600012,80.530,85.970,Al v@rsxIl@nd@ ker@n OpmErkIN@n Ept x@makt OmtrEnt @t pErsOnelzb@lE+t En d@
fv600012,85.970,88.060,@ @ Opsiz di G@nom@ wOrd@n
fv600012,88.060,91.900,OmtrEnt_tAt pErsOnelzb@lE+t In d@ vlams@ op@rA Grax hAd Ik y vAn y
fv600012,91.900,93.880,@n @ GlObal Antwort x@hAt
fv600012,93.880,96.790,ov@r di @ pOl@tik En t@n twed@
fv600012,96.790,102.780,@ @t kONkret@ prOblem wAt fAn_nad@rbE+ Y+tx@lExt x@kreG@n dAt sIx ny kONkret stElt In d@ vlams@ op@rA
fv600012,224.783,227.523,Ik @ hor dAt y @
fv600012,227.523,231.313,blE+gbar @t prOblem Ind@rdat wEl kEnt mar dAt y t@r zak@
fv600012,231.313,232.913,Gen Ext@
fv600012,232.913,234.773,p@rsonl@k@
fv600012,234.773,240.163,@ stAntpynt Inemt In di zin dAt y nit plE+t Om In dIt x@vAl In dIt kONkret@ G@vAl dAt
fv600012,240.163,241.043,tOx @n
fv600012,241.043,243.013,@n_nit Omb@lAN@r@k presedEnt Is
fv600012,243.013,246.253,@ @r zA+ G@plE+t wOrd@n vor @t anwErv@n
fv600012,246.253,249.163,vAn E+G@n vlams pErsOnel
fv600012,104.640,105.580,@
fv600012,105.580,110.790,dANk y wEl vorzIt@r Ik sA+ an d@ her d@wInt@r wIl@ zEG@n dAd Ik Ind@rdat Al mermals
fv600012,110.790,113.650,In G@sprEk@n nit Alen mEt_t@ vlams@ op@ra
fv600012,113.650,115.300,ok mEt_t@ filArmoni
fv600012,115.300,118.210,En mEt And@r@ kyltyrel@ InstElIN@n G@plE+t hEp
fv600012,118.210,120.410,Om In d@
fv600012,120.410,122.330,anwErvINspOlitik fAn
fv600012,122.330,125.070,kyltyrel@ pErsOnelsled@n En @t xat_tAn
fv600012,125.070,127.600,hoftsak@l@k ov@r myzikAnt@n En zAN@rs
fv600012,127.600,130.400,mAksimal rek@nIN t@ hA+d@n mEt
fv600012,130.400,132.167,d@ Afx@styderd@n
fv600012,132.167,133.926,vAn Onz@ kOnsErvAtorijA
fv600012,133.926,135.296,@
fv600012,135.296,138.146,wAt_t@ vlams@ op@rA b@trEft mut Ik y tOx sEG@n
fv600012,138.146,139.850,wAd_d@ antAl@n b@trEft
fv600012,139.850,141.335,mut@ wE+ dAt r@lAtiver@
fv600012,141.335,144.086,@r zE+n Ob dit oG@blik twejOnd@rt Axt@nsef@t@x
fv600012,144.086,147.656,kyltyrel@ pErsonelsled@ In dinzd bE+ d@ vlams@ op@rA
fv600012,147.656,149.466,darvAn is
fv600012,149.466,151.556,drij@ntAxt@x prosEnt vAn
fv600012,151.556,153.416,bElGis@ nASOnAlitE+t
fv600012,153.416,156.386,zev@ prosEnt b@hort_tOt @
fv600012,156.386,157.980,lAnd@n vAn d@ twalf
fv600012,157.980,159.026,And@r@ lAnd@n
fv600012,159.026,161.226,2ropes@ lAnd@n vAn d@ eeGe
fv600012,161.226,164.576,En tin prosEnt Ind@rdat sev@n@ntwInt@x
fv600012,164.576,166.116,b@hort_tOt
fv600012,166.116,168.146,@ niteeGelAnd@n
fv600012,168.146,171.060,@t is jY+st_tAt fAn di zev@n@ntwInt@x
fv600012,171.060,173.210,@r blE+gbar vE+f
fv600012,173.210,175.126,@ Artist@n zE+n
fv600012,175.126,177.486,di Ob dId oG@blIk mujl@ked@n hEb@n
fv600012,177.486,180.040,mEt Yn ArbE+tskart
fv600012,180.040,181.990,En y wet_tAt ArbE+tskart
fv600012,181.990,183.696,En v@rblE+fsf@rGYnIN
fv600012,183.696,185.176,am_m@kar G@kOp@lt sE+
fv600012,185.176,189.800,Al dez@ Artist@n Eb@n In prInsip@ @N kOntrAkt fAn Onb@pald@ dyr
fv600012,189.800,191.446,mar Als_sE+ dYs fAn
fv600012,191.446,193.636,@n vremd@ nASOnAlitE+t sE+n
fv600012,193.636,196.716,dAn wOrt per@jodig d@ ArbE+tskart f@rniwt
fv600012,196.716,200.286,En @r zE+n dYs fE+f x@vAl@ di dar mujl@ked@n me hEb@n
fv600012,200.286,202.050,@t iz ok so dAt
fv600012,202.050,206.656,d@ dirEksi vAn d@ op@ra darOnt kOntAkt eft x@nom@n mEt mE+n kOleGA
fv600012,206.656,208.796,vAn ArbE+t m@vrA+ d@tjE:Z@
fv600012,208.796,211.106,Om t@ vraG@n dAt for dez@
fv600012,211.106,212.366,vE+f Artist@n
fv600012,212.366,216.593,d@ ArbE+tskart Opniw zA+ v@rniwt wOrd@n
fv600012,216.593,220.223,t@nE+nd@ @ @n E+nd@ t@ kYn@ stEl@n an d@ mujl@ked@n
fv600012,220.223,223.243,di dez@ mEns@n Ob dId oG@blIk Ervar@n
fv600012,249.163,251.693,bwa Ig dENk @ m@ner d@wInt@r
fv600012,251.693,253.477,Indin Ind@rdat
fv600012,253.477,256.253,Ob d@ twejOnd@rt Axt@nsef@t@x
fv600012,256.253,257.903,drij@ntAxt@x prOsEnt
fv600012,257.903,260.373,mEns@ zE+n di Afx@styderd@n zE+n vAn
fv600012,260.373,262.133,Onz@ kOnsErvAtorijA
fv600012,262.133,265.423,dAt dIt @n b@horl@k antAl Is t@n twed@
fv600012,265.423,267.623,zIt x@ nAtyrl@k AltE+t mEt
fv600012,267.623,269.933,d@ Artistik@ A+tonOmi
fv600012,269.933,272.403,di G@ @N kYltyrel@ InstElIN mut
fv600012,272.403,274.209,mAksimal lat@n
fv600012,274.209,278.817,Indin zE+ Ext@ kwAlitE+tsprOdykt@n wIl Aflev@r@n_ny Ik x@lof t@ moG@ zEG@n
fv600012,278.817,281.787,dAt_t@ vlams@ op@rA Ob dIt oG@blIk
fv600012,281.787,286.667,mer dAn In d@ lIft sIt dAt sElfs wAner w@ d@ bY+t@lAns@ r@sEnsiz d@rOp nalez@n
fv600012,286.667,287.877,di @
fv600012,287.877,290.567,bizOnd@r lov@ns zE+n vor d@ vlams@ op@rA
fv600012,290.567,292.387,mer lov@nt dAn
fv600012,292.387,294.967,@ d@ E+G@ r@sEnsis_sOms
fv600012,294.967,298.917,@ Ik x@lov dYs ni dAd ir ov@rdrev@n Is En
fv600012,298.917,300.347,Ik sEx y nOx n@ ker
fv600012,300.347,301.615,b@lANrE+k is
fv600012,301.615,303.637,dAd Onz@ kyltyrel@ InstElIN@n
fv600012,303.637,306.827,kwAlitE+tsfOl zE+n vorAl dez@ InstElIN@n
fv600012,306.827,308.197,di @
fv600012,308.197,310.947,vel GElt kOst@n mar t@rExt ok fel GElt kOst@n
fv600012,310.947,314.805,OmwIl@ vAn @t fE+t_tAt_t@ op@rA @n vrE+ kOmplEks@ disiplin@ is
fv600012,314.805,317.257,war v@rsxIl@nd@ kyltyrel@ disiplin@z bE+
fv600012,317.257,319.127,b@trOk@n wOrd@n dENk mar an
fv600012,319.127,320.447,zAN myzik
fv600012,320.447,321.547,Akter@n
fv600012,321.547,326.157,dekO:rbA+ kOstym@z OntwErp@n Enzovorts wAt_tarbE+ kOmt @t iz dys
fv600012,326.157,329.837,@n zer ArbE+tsIntEnsiv@ kyltyrel@ InstElIN
fv600012,329.837,331.157,vAn hoG@ kwAlitE+t
fv600012,331.157,333.360,En Ig dENk dAt mEn darIn mut
fv600012,333.360,338.737,trAxt@n h@t jY+st@ ev@wIxt_t@ zuk@n En Ig bEn vAn ordel G@lEt Ob d@ sE+f@rz di-j-Ik y G@Gev@n Ep
fv600012,338.737,339.947,dAt_tAt ev@wIxt
fv600012,339.947,341.867,vorAlsnOx anwez@x Is
fv600014,0.000,2.171,dam@s En er@ an d@ Ord@ zE+n d@
fv600014,2.171,5.191,sam@nG@vuGd@ Int@rpelasis fAn
fv600014,5.191,6.341,m@vrA+ dywA
fv600014,6.341,10.412,tOt_t@ her d@ bAts@lir mInIst@r vis@prezidEnt fAn d@ vlams@ @GerIN
fv600014,10.412,13.431,vlams mInIst@r vAn lefmilj2 En hY+sfEstIN
fv600014,13.431,16.291,ov@r h@t mEstAksiplAn
fv600014,16.291,17.991,vAn d@ her vAn loj
fv600014,17.991,19.642,tOt_t@ her vAn d@m brAnd@
fv600014,19.642,24.521,mInIst@rprezidEnt fAn d@ vlamse r@GerIN vlams mInIst@r vAn ekonomi kaEmo wet@nsxAbzb@lE+t
fv600014,24.521,25.681,enErGi
fv600014,25.681,27.271,En EkstErn@ b@trEkIN@
fv600014,27.271,30.901,ov@r @t lAndbA+b@lE+d vAn d@ vlams@ r@GerIN
fv600014,30.901,36.282,na d@ Gutk2rIN vAn @t sIntmexilsAkort En d@ Y+tfurIN vAn @d mEstAksiplAn
fv600014,36.282,39.411,En vAn d@ her d@nE+s tOt mInIst@r d@ bAts@lir
fv600014,39.411,42.382,ov@r h@t mEstAksiplAn
fv600014,42.382,45.672,m@vrA+ dywA heft @t wort
fv600014,54.572,58.691,m[] d@ vorzIt@r m@ner d@ mInIst@r G@Axt@ kOleGAs
fv600014,58.691,60.392,@t @
fv600014,60.392,61.551,mEstAksiplAn
fv600014,61.551,64.242,Iz AlIxt @t_tOsir dAt na d@ vAkAnsip@rjod@ @
fv600014,64.242,66.442,d@ mest@ b@rurIN eft_t@wex@brAxt
fv600014,66.442,69.967,En vAnY+t milj2stAntpYnt Is nAtyrl@k @n Gud@ zak
fv600014,69.967,72.972,@t Y+txANspYnt Iz Im@rz @n lefmilj2prOblem
fv600014,72.972,76.492,En t Is xut dAd_darov@r @n rY+m pyblig debAt G@vurt wOrt
fv600014,77.802,78.802,m[] d@ mInIst@r
fv600014,78.802,81.822,y bEnt @rIn G@slaxt fAn dIt_tOsir @n
fv600014,81.822,83.522,zer p@rsonl@k@ strE+t_t@ mak@n
fv600014,83.522,87.064,warbE+ y zElfs yw mInIst@rfYNksi In d@ wexsxal heft x@lExt
fv600014,87.064,89.769,En dIt xAt wEl Als nev@nEfEkt_tAt xAns
fv600014,89.769,91.651,d@ prOblemAtik @n Ext@
fv600014,91.651,93.528,zwArtwIt strE+t G@wOrd@n Is
fv600014,93.528,95.602,@t wAz d@ bur@bOnt teG@n d@ bAts@lir
fv600014,95.602,96.871,En dar kOn mar en
fv600014,96.871,98.962,wInar En en v@rliz@r zE+n
fv600014,98.962,100.341,In dez@ strE+t
fv600014,100.341,102.591,ny h@t nadel
fv600014,102.591,106.871,vAn @n dErG@l@k@ G@pOlArizerd@ stElIN@norlOx Is wEl dAt Elk@
fv600014,106.871,107.862,And@r@ vizi
fv600014,107.862,109.621,Elk@ pOzisjOnerIN
fv600014,109.621,112.802,di nit OmId@l@k In en vAn bE+d@ kAmp@ t@ sitywer@n Is
fv600014,112.802,115.722,dAt_tez@ wAt v@rlor@ GIN@ In dez@ strE+t
fv600014,115.722,117.972,m@n kAn In@dat fAnY+t milj2oxpYnt
fv600014,117.972,118.632,tOx
fv600014,118.632,120.992,Ernst@G@ b@zwar@n Eb@n teG@n @t milj2AksiplAn
fv600014,120.992,122.421,@m teG@n @t mEstAksiplAn
fv600014,123.572,125.341,mEt And@r@ word@ m@ner d@ mInIst@r
fv600014,125.341,127.481,y bEnt @r E+G@l@k @
fv600014,127.481,129.965,Gut In G@slaxt Elk fYndAmEntel debAt
fv600014,129.965,131.321,ov@r d@ lAndbA+ In vland@r@n
fv600014,131.321,132.702,hAnd@x t@ OntwE+k@n
fv600014,132.702,136.300,wAt y Op kOrt@ t@rmE+n nAtyrl@k xut Y+tkOmt
fv600014,136.300,138.190,mar wAt Op its lAN@r@ t@rmE+n
fv600014,138.190,139.452,zek@r Gen Gud@ zak Is
fv600014,139.452,141.806,nit for y En zek@r nit for d@ lAndbA+@s
fv600014,141.806,143.742,ma-j-Ik_kOm dar strAks nOx Op t@rYx
fv600014,145.112,147.900,vor wAt_t@ b@ordelIN vAn @t plAn zElv b@trEft
fv600014,147.900,149.892,wIl Ik hir nOxmalz b@klEmton@n
fv600014,149.892,151.422,dAt wE+ dYs AhAlEf
fv600014,151.422,154.992,zoAlz In Elk lAndbA+dOsir Y+txan vAn twe bazizdulstElIN@n
fv600014,154.992,157.691,En dAd Is en @r mut @n OplOsIN kom@
fv600014,157.691,159.281,vor d@ milj2prOblem In d@ lAndbA+
fv600014,159.281,160.651,En di zE+n zer s@rj2s
fv600014,160.651,163.841,En twe d@ lAndbA+@rs Alz b@rupskAteGori
fv600014,163.841,165.601,mut ov@rlevINskAns@ krE+G@n
fv600014,165.601,168.700,En vor wAt @t milj2AspEkt b@trEft
fv600014,168.700,170.702,En wE+ hEb@n dIt vAn bE+ d@ anvAN G@zExt
fv600014,170.702,174.552,kYn@ wE+ Ons xrot@ndels t@rYxfInd@n In d@ dulstElIN@ vAn @d mAp
fv600014,174.552,177.351,d@ Imput fAn stIkstOf En fOsfat In @d milj2
fv600014,177.351,179.233,mud_drAstis InG@pErkt wOrd@n En
fv600014,179.233,180.871,d@ proGrEsiv@ b@mEstINsnOrm@n
fv600014,180.871,181.911,di-j-y vorOpstElt
fv600014,181.911,184.982,zE+n In di sta[] In di zIn @n @ stAp In d@ Gud@ rIxtIN
fv600014,184.982,186.962,d@ vraG Is wEl
fv600014,186.962,189.871,Ov dez@ dulstElIN@ kYn@ b@rE+kt wOrd@n
fv600014,189.871,191.851,dor d@ vorG@stEld@ matreG@l@n
fv600014,191.851,196.631,En Of dez@ matreG@l@ wEl d@ jY+st@ hEvbom@ zE+n Om dez@ dulstElIN@n t@ b@rE+k@n
fv600014,197.561,199.320,@t Y+txANspYnt fAn @d mAp Is
fv600014,199.320,200.151,dAt_t@ OmvAN
fv600014,200.151,205.751,vAn d@ vestap@l ONG@wE+z@xt sAl blE+v@n @r wOrt sElfs x@stElt_tAt dez@ nOx lIxtS@s @ zAl tunem@n
fv600014,205.751,208.992,@t xlobal@ mEstov@rsxOt zAl dYs nid_dal@n
fv600014,208.992,212.012,InteG@ndel dor @t f@rsxErp@n vAn d@ mE b@mEstINsnOrm@n
fv600014,212.012,214.151,zAl d@ mEstov@rsxOt nOx tunem@n
fv600014,214.151,215.691,En @t wOnd@rmId@l
fv600014,215.691,218.601,di dez@ ov@rsxOt@n dAn mut lAt@ v@rdwE+n@n
fv600014,218.601,222.661,Iz d@ mEstf@rwErkIN En dar v@rwAxt y blE+gbar hel vel vAn
fv600014,222.661,224.550,En vOlG@z y prO[]oz@s
fv600014,224.550,226.571,zoAz @t v@rmElt stat In @t mEstAksiplAn
fv600014,226.571,228.389,zA+ narG@lAN vAn @t senarijo
fv600014,228.389,230.142,d@ huvelE+t_t@ v@rwErk@ mEst
fv600014,230.142,231.732,evOlywer@n nar
fv600014,231.732,235.802,vir kOmA vir miljun tOt zev@n miljun tOn In @t jar twedY+z@nt En en
fv600014,235.802,237.552,dAt sE+n dYs enOrm@ huveled@n
fv600014,237.552,242.221,En In fE+t@ stat Of_fAlt y plAn mEt d@ moG@l@ked@ vAn di mEstf@rwErkIN
fv600014,243.036,247.272,ny h@t blInd@ v@rtrA+@n In di mEstf@rwErkIN Is fOlG@z Ons nOGAl diskytab@l
fv600014,247.272,251.781,erst En vorAl stat_tez@ v@rwErkIN tExnoloGis hel@mal nOx nit Op_pYnt
fv600014,251.781,253.531,En In_ned@rlAnt Is m@n dar Al
fv600014,253.531,254.962,ENk@l@ jar@ me bez@x
fv600014,254.962,255.571,En
fv600014,255.571,260.241,zE+ zE+n tOt @d b@slY+t x@kom@n dAt @t OnmoG@l@k Is Om teG@n anvardbar@ prE+z@n @n Gut
fv600014,260.241,262.051,En v@rAntwort E+ntprOdYkt_t@ b@kom@n
fv600014,262.051,263.812,dAn Iz @r d@ AfsEt
fv600014,263.812,266.671,y spekylert Ob_bY+t@lAnts@ AfsEtmArkt@n
fv600014,266.671,269.142,wAt fOlG@z Ons kOmplet Y+t_t@ lYxt x@Grep@n Is
fv600014,269.142,272.822,mOmEntel Iz d@ Invur vAm_mEst In Ons lAnt zElfs xrot@r dAn d@ Y+tfur
fv600014,272.822,274.289,Ik frax mE+ dAn ok Af
fv600014,274.289,276.452,war dez@ AfsEtmArkt@ zYl@ G@vOnd@ wOrd@
fv600014,276.452,277.882,G@lEt ok Op @t fE+t
fv600014,277.882,279.860,dAt fel@ nabyr@G@ reGijos
fv600014,279.860,282.161,mEt idEntig d@zEld@ mEstprOblem@ t@ kAmp@n Eb@n
fv600014,283.041,284.632,an d@ mEstf@rwErkIN zElf
fv600014,284.632,286.392,zE+n milj2b@zwar@ v@rbOnd@n
fv600014,286.392,289.132,@d blE+kt Om zer enErGiv@rslInd@nd@ prOsedes t@ Gan
fv600014,289.132,292.872,h@t f@rorzakt ok stANk En v@rkershInd@r vor d@ OmGevIN
fv600014,292.872,296.551,En zoAlz y AlIxt wet Is In_ned@rlAnt en vAn d@ Grotst@ prOblem@ jY+st
fv600014,296.551,298.481,dAt m@n Gen ImplAntINsplats fInt
fv600014,298.481,300.341,vor di v@rwErkINsfAbrik@n
fv600014,300.341,304.962,[] @t sAl j@ Ind@rdat mar ov@rkom@n dAt m@n @n dErG@l@k@ fAbrik In j@ Axt@rtY+n nerpot
fv600014,306.062,307.591,kiz@ vor mEstf@rwErkIN
fv600014,307.591,311.332,Iz ok @n vrE+ dybj2z@ Opsi OmdAt mEn In @n sistem t@rExtkOmt
fv600014,311.332,315.281,warbE+ d@ Aflev@rIN vAm_mEstov@rsxO[]sxOt@ mut f@rzek@rt sE+n
fv600014,315.281,317.504,Om en@xsIns Y+t_t@ InvEsterINskOst@n t@ kom@n
fv600014,317.504,321.111,En y z y zExt_tAt sElf E+G@l@k In d@ tEkst fAn @d mAp
fv600014,321.872,327.752,y stElt_tar @n v@rzek@rd@ mEstanvur na d@ v@rwErkINsfAbrik@ vOrmt en vAn d@ knElpYnt@ vor @t OpstArt@n @rvAn
fv600014,327.752,330.551,dYz dAd b@tek@nt_tAt_tez@ kOnstryksi redz bE+ vorbat
fv600014,330.551,331.822,@n hipotek lExt
fv600014,331.822,334.562,Ob d@ EfEktiv@ AvbA+ vAn d@ vestap@l
fv600014,334.562,337.202,d@ anvur vAn mEst mut Im@rs v@zek@rt blE+v@n
fv600014,337.752,339.982,v@rd@r Is @r nOx d@ vrax nar d@ b@talbarE+t
fv600014,339.982,340.991,vAn @t sistem
fv600014,340.991,345.661,zek@r vor klE+n@ zElfstAnd@G@ bur@n di-j-@t ny rets mujl@k hEb@n Om d@ kOp bov@ wat@r t@ hA+d@n
fv600014,345.661,349.731,zYl@n d@ kOst@n vAn d@ mEstv@rwErkIN tOx AlIxt @ vrE+ zwar aNkom@n
fv600014,349.731,352.752,En warsxE+nl@k xrot@r zE+n ok dAn d@ @ hEfIN
fv600014,353.901,357.752,@n latst@ vraG Iz dAn wi dez@ mEstf@rwErkIN Y+tE+nd@l@k In hAnd@ zAl nem[]
fv600014,358.512,359.240,ny rets
fv600014,359.240,360.215,zE+n @r @n antAl
fv600014,360.215,363.405,vlYG@ jON@s di @t xAt In d@ mArkt @ Gut hEb@n ING@sxAt
fv600014,363.955,365.815,En di hop@ mEt mEstf@rwErkIN
fv600014,365.815,368.565,@n fIks@ ov@rhE+tsypsidjerIN t@ kYn@ bIn@rE+v@
fv600014,370.105,371.585,k Eb_blE+gbar @
fv600014,371.585,373.505,mE+ tOx lAt@ v@rtEl@n dAt In d@ kEmp@n
fv600014,373.505,377.735,m@n @n Grot @n Grot@ mEs mEstf@rwErkINsfAbrik@ wIl OpstArt@n
fv600014,377.735,383.394,war m@n finAnsjel@ hYlp fraxt vAnY+t ned@rlAnt mEt_t@ b@dulIN dAt ok ned@rlAns@ mEst dar zAl v@rwErkt wOrd@n
fv600014,383.394,388.565,mar dAt m@n ok hopt Op swar@ ov@rE+tst2n vAnY+t_t@ eeGe En vAnY+t @t flams@ G@wEst
fv600014,389.385,393.394,og divErs@ Grot@ vevud@rb@drE+v@ zE+ stErk x@Intr@sert
fv600014,393.394,394.545,dAd blE+kt Y+t Al@s
fv600014,394.545,396.635,ny wAner dez@ ny ok nOx ens
fv600014,396.635,399.325,d@ mEstf@rwErkIN Gan mOnOpOlizer@n
fv600014,399.325,402.894,zYl@n d@ bur@n nOx mer G@bOnd@ zE+n an dez@ Indystrijel@ Grup@n
fv600014,402.894,407.295,dYs nit Alen vor Yn vevud@r nit Alen vor d@ AfsEt vAn Yn vles mar ny ok nOx ens vor
fv600014,407.295,408.555,d@ mEstf@rwErkIN
fv600014,408.555,412.125,wAt nAtyrl@k @ vo G@vOlx zAl Eb@n dAt_t@ AfANk@l@kE+t fAn bur@n
fv600014,412.125,415.084,t@n anzin vAn d@ InteGrAtor@n_nOx fErd@r zAl tunem@
fv600014,415.084,416.558,In_ned@rlAnt
fv600014,416.558,417.845,war m@n Ob dIt_t@rE+n tOx
fv600014,417.845,419.510,its mer ErvarIN eft_tAn bE+ Ons
fv600014,419.510,422.995,b@GInt m@n In t@ zin dAt_t@ pist@ vAn d@ mEstf@rwErkIN nit wErkt
fv600014,422.995,425.414,En Is m@n Y+tE+nd@l@k tOt_t@ kONklyzi G@kom@n
fv600014,425.414,426.954,dAt ENk@l d@ AvbA+
fv600014,426.954,428.694,vAn d@ vestap@l @n OplOsIN Is
fv600014,428.694,430.245,ny hir
fv600014,430.245,432.604,wE+G@rt m@n blE+gbar dez@ rejAlitE+t Ond@r oG@ t@ zin
fv600014,432.604,434.660,m@n blE+ft bE+ @t Y+txANspYnt
fv600014,434.660,436.894,dAt mEstov@rsxOt@ mut@ anvart wOrd@n
fv600014,436.894,438.937,En dAt mEstf@rwErkIN d@ OplOsIN Is
fv600014,438.937,442.724,[]z @t kOmt @r dYz Op ner dAt y wEl d@ Ernst fAn d@ sitywasi
fv600014,442.724,444.154,Gut InsxAt
fv600014,444.154,447.175,mar dAt y wE+G@rt_t@ loGis@ kOnsekwEnsis t@ nem@n
fv600014,447.175,451.784,nam@l@g d@ AvbA+ vAn d@ vestap@l En mer b@palt_tAn vAn d@ Grotsxal@G@ bijoIndystri
fv600014,451.784,453.654,Em_mEd_dIt pYnt
fv600014,453.654,455.685,kom@ w@ tOt_t@ kErn vAn @t prOblem
fv600014,455.685,457.714,En ok tOt_t@ kErn vAm_mE+n tYs@kOmst
fv600014,457.714,458.970,mer b@palt
fv600014,458.970,459.474,@
fv600014,459.474,461.505,wElk sort fAn vehA+d@rE+
fv600014,461.505,464.084,wIl@ w@ hir nOG In vland@r@ ov@rhA+d@n
fv600014,464.084,466.014,E wElk@ b@drE+v@ mut@n @rY+t
fv600014,467.545,468.645,zoAlz y AlIxt wet
fv600014,468.645,471.055,wOrt d@ GAns@ vArk@sEkt@r b@herst
fv600014,471.055,473.004,dor @n antAl Grot@ aGrob@drE+v@n
fv600014,473.004,475.784,@t xat_tAn Om d@ zoG@namd@ InteGrAtor@n
fv600014,475.784,478.740,di bur@n deGrAder@n tOt lonArbE+d@rs
fv600014,478.740,481.214,di ENk@l d@ dir@n Op stAl mut@ vEtmEst@n
fv600014,481.214,482.644,En @t kwekmAt@rjal
fv600014,482.644,484.625,di zElv d@ tulev@rars_sE+n
fv600014,484.625,486.935,vAn vevud@r vAn @t kwekmAtrijal
fv600014,486.935,489.014,En di zElf og d@ Afnem@r zE+n vAn @t fles
fv600014,489.014,494.125,Ob di mAnir wIn@ zE+ zowEl Op @t fud@r Alz Op @t fe En AlIxt In d@ tukOmst nOx Op d@ mEst ok
fv600014,495.005,495.995,t@r hErIn@rIN
fv600014,495.995,497.644,tOx ENk@l@ vorbeld@ Gev@
fv600014,497.644,504.860,@t wEstblvlams@ b@drE+v danis eft Op di mAnir @n klE+n@ hAxt AxtOnd@rtY+z@nd bu @ vArk@nz bE+ bur@ zIt@n
fv600014,504.860,507.144,vor aveve vAn d@ bur@bOnt
fv600014,507.144,509.505,Gat @t Om drijOnd@rt A virOnd@rtY+z@nt fArk@s
fv600014,509.505,512.475,vo vAnd@n AvEn@ Gat @t Om virOnd@rtY+z@nt fArk@s
fv600014,512.475,514.615,En zo kAn Ik nOG @n tE+tS@ dorGan En
fv600014,514.615,515.934,@ vOlG@s_sxAtIN@n
fv600014,515.934,517.745,zA+ tsef@t@x tOt_tAxt@x p@rsEnt
fv600014,517.745,519.835,vAn d@ vArk@s hir In vland@r@n
fv600014,519.835,521.975,In hAnd@ zIt@ vAn dez@ InteGrAtor@
fv600014,521.975,524.934,m@n kAn dYz d@ vArk@stelt In vland@r@n
fv600014,524.934,528.074,nit lAN@r mer b@stEmp@l@n Alz @n lAndbA+b@drE+v@xE+t
fv600014,528.074,532.014,@t xat ir Om Indystrijel@ vlesprOdYksi mEt lonArbE+d@rs
fv600014,532.014,534.495,En d@zElvd@ sitywasi dut sIx ok for
fv600014,534.495,538.235,In d@ plY+mvekwek@rE+@n war d@ mest@ kwek@rs ok vOled@x AfhANk@l@k sE+n
fv600014,538.235,539.654,vAn di InteGrAtor@n
fv600014,540.534,542.574,vor Ons m[] d@ mInIst@r Iz @d_dY+d@l@k
fv600014,542.574,545.924,dAt @d_dez@ Grot@ b@drE+v@ zE+n di-j-@t milj2 kApOtmak@n
fv600014,545.924,547.625,@t sE+n dez@ b@drE+v@n di-j-ok
fv600014,547.625,549.215,d@ bur@stil t@n Ond@r dun Gan
fv600014,549.215,551.332,En @t sE+n di di-j-@r Y+tE+nd@l@k Y+t mut@
fv600014,551.332,553.554,@t sE+n og dez@ b@drE+v@n
fv600014,553.554,555.034,di v@rAntword@l@k sE+n
fv600014,555.034,556.345,vor d@ vArk@spEst
fv600014,556.345,558.715,En d@ r@sEnt@ G@b2rt@nIs@n Ond@r mer In wIN@n@
fv600014,558.715,560.424,zE+n dar @t sprek@nt forbelt fAn
fv600014,560.424,564.544,@d b@drE+f war vArk@spEst Y+tx@brok@n Is Is fOled@x In [] hAnd@ vA vAnd@n AvEn@
fv600014,564.544,567.784,En m@n zExt Ind@rdad_dAt @t m@sxin wEl OpsEt@l@k sA+
fv600014,567.784,572.235,zo G@stimylert x@west sE+n Al Iz @t mar Om d@ premis Op t@ strE+k@ Y+t @t fOns
fv600014,572.235,573.490,[]z Ik dEN dAt_tAt Ind@rdat
fv600014,573.490,575.764,kObOjprAktE+k@ zE+n di nit kYn@ G@dYlt wOrd@n
fv600014,576.355,577.664,Ik wIl @r ok an ErIn@r@n
fv600014,577.664,581.455,dAt nar anlE+dIN vAn d@ vor@G@ vArk@spEstepidemi id@ren v@rklart eft
fv600014,581.455,584.034,dAt @r matreG@l@ zA+d@ G@nom@ wOrd@n
fv600014,584.034,587.225,Om d@ G@slot@ fAmiljal@ b@drE+v@ t@ b@vOrd@r@n
fv600014,587.225,592.654,dar Is nits mA dAn ok nits fAn In Y+s x@kom@n OmdAt m@n blE+gbar nit_tYrft rak@n an d@ mAxt@G@ InteGrAtor@n
fv600014,593.814,595.294,En og d@ vorbE+@ wek@n
fv600014,595.294,596.725,wErt nOGAl G@sxErmt
fv600014,596.725,598.992,mEt_t@ tErm fAmiljal@ b@drE+v@
fv600014,598.992,601.164,war id@ren d@ mOnt fAn vOl heft
fv600014,601.164,602.480,En warvAn id@ren
fv600014,602.480,605.505,wIl dAt s@ b@hA+d@ wOrd@n og d@ mInIst@rprezidEnt eft_tAt_trA+@s x@dan
fv600014,606.164,608.635,En @r zA+ ny G@zOxt wOrd@n_nar @n Gud@ definisi
fv600014,608.635,610.174,vAn @t fAmiljal b@drE+f
fv600014,610.174,611.544,zodAt m@n wet
fv600014,611.544,613.527,wi mut Ontsin wOrd@ En wi nit
fv600014,614.564,615.885,ny In @d mAp
fv600014,615.885,618.684,wOrt Implisit @n definisi G@Gev@n
fv600014,618.684,621.324,En dIt vijA di G@dif@rEnsjerd@ hEfIN@n
fv600014,621.324,623.033,Ob_bazis fAn d@ mEstprOdYksi
fv600014,623.033,624.955,dAd Is nAtyrl@k xen OplOsIN
fv600014,624.955,629.125,v@mIts xen Ond@rsxE+t kAn G@makt wOrd@n tYs@n en@rzE+dz d@ OnAfANk@l@k@ b@drE+v@n
fv600014,629.125,633.245,En dez@ b@drE+v@n di G@Ge@l Of x@delt@l@k Opx@slOrpt sE+n dor d@ InteGrAtor@n
fv600014,634.235,636.105,vOlG@z Onz Iz @t nOxtAns nit so mujl@k
fv600014,636.105,638.574,Om @n definisi t@ Gev@n vor @d b@GrIp
fv600014,638.574,639.784,fAmiljal b@drE+f
fv600014,639.784,642.255,mar dAn Ob_bazIs fAn d@ stryktyr vAn @d []rE+f
fv600014,642.914,645.164,En wE+ hEb@ @n E+G@ vorstEl vAn definisi
fv600014,645.164,646.095,En Ig dENk
fv600014,646.095,648.235,Of Ik hop In[] AltAns
fv600014,648.235,652.904,dAt sek@r mInIst@r d@ bAts@lir Als_sosjAlistis@ mInIst@r zIx zA+ kYn@ ErkEn@ In Onz@ OmsxrE+vIN
fv600014,654.767,656.481,[] [] lY+st@r@ m@ner d@ bAts@lir
fv600014,657.904,659.115,vOlG@nz Ons
fv600014,659.115,663.894,mut@ fAmiljal@ b@drE+v@n G@defiJert wOrd@n Alz b@drE+v@n war ArbE+t
fv600014,663.894,666.914,kApital En b@lE+t In hAnd@n Is fAn @t x@zIn
fv600014,666.914,668.609,wAt_tYs Alen mar @t x@vAl Is
fv600014,668.609,671.365,wAner @n lAndbA+b@drE+f vOlkom@ lOstat
fv600014,671.365,672.635,vAn @n InteGratOr
fv600014,673.284,674.335,En @t fOlstat
fv600014,674.335,677.024,Om G@won t@ kE+k@n Ov d@ tulev@rar vAn vud@r
fv600014,677.024,679.005,En Ov d@ d@ dir@n
fv600014,679.005,684.324,En d@ Afnem@r vAn @t E+ntprOdYkt d@zElvd@ zE+n En Ov @r InteGrasikOntrAkt@ wErd@ Afx@slot@n
fv600014,684.324,686.194,Om t@ wet@n Of @ lAndbA+b@drE+f
fv600014,686.194,689.903,G@delt@l@k Of x@hel d@ @ Int@ G@Int@Grerd@ prOdYksi heft
fv600014,690.534,693.664,En In dErG@l@k@ G@vAl@ wAner b@drE+v@n dYs wErk@ mEt InteGrAtor@n
fv600014,693.664,695.320,zE+n d@ dir@n E+G@l@k
fv600014,695.320,697.325,E+G@ndOm vAn d@ InteGratOr
fv600014,697.325,700.945,En h@t tOtal antAl dir@n di bE+ d@ v@rsxIl@nd@ bur@ stan
fv600014,700.945,703.745,mut@n dAn t@n lAst@ G@brAxt wOrd@ vAn d@ InteGrat@r
fv600014,703.745,704.955,En_nit fAn d@ bur
fv600014,704.955,708.305,En dIt for Al@ matreG@l@ vorzin In @d mEstAksiplAn
fv600014,708.305,709.735,Ond@r mer vo d@ hEfIN@n
fv600014,709.735,711.495,Ond@r mer vo d@ GrOntx@bOnd@nE+t
fv600014,711.495,713.010,En anvYl@nt
fv600014,713.010,714.685,En dAt Iz @n b@lANrE+k bE+kom@nt pYnt
fv600014,714.685,716.105,anvYl@nt stEl@ wE+ vor
fv600014,716.105,718.305,dAt for dez@ InteGrAtor@n
fv600014,718.305,722.975,d@ hEfIN@n zer stErk sA+d@ v@rhoxt wOrd@n dYs m@n mut_tar @n ApArt@ kAteGori vAm_mak@
fv600014,722.975,725.900,zodAt_tez@ wE+z@ vAn b@drE+fsfurIN Y+tE+nd@l@k
fv600014,725.900,727.145,Omb@talbar wOrt
fv600014,727.145,728.976,En Y+tE+nd@l@k ok v@rdwE+nt
fv600014,728.976,730.985,dAt sA+ nit Alen @n OplOsIN zE+n
fv600014,730.985,732.855,vor @n zer Grot milj2prOblem
fv600014,732.855,735.655,dIt sAl ok Als x@vOlx Eb@n dAd_d@ prE+z@n
fv600014,735.655,737.475,t@rYx Op @n nOrmal pE+l kom@n
fv600014,737.475,740.905,zodAt_t@ klE+n@r@ OnAfANk@l@k@ bur ok mer ov@rlevINskAns@ krE+xt
fv600014,740.905,745.212,En @t Is evidEnt dAt_tIt Y+t@rart og d@ idejal@ OplOsIN Is In @t kad@r vAn
fv600014,745.212,746.922,d@ prOblemAtik fAn d@ vArk@spEst
fv600014,748.242,750.233,vo wAt_tAn d@ bur@b@drE+v@ b@trEft
fv600014,750.233,752.972,di mOmEntel an hAnd@ En vut@ G@bOnd@ zIt@n
fv600014,752.972,754.452,an dez@ InteGrAtor@n
fv600014,754.452,755.602,di zA+d@n dAn
fv600014,755.602,757.632,vijA @t lAndbA+InvEsterINsfOns
fv600014,757.632,759.122,mut@ G@st2nt wOrd@n
fv600014,759.122,761.642,zodAt sE+ kYn@ Omsxak@l@n nar @n_nOrmal@
fv600014,761.642,762.802,@n zElfstAnd@G@
fv600014,762.802,765.652,En @n ekoloGis f@rAntword@ b@ @ b@drE+fsfurIN
fv600014,765.652,770.762,Ik wIl dAn ny rets ankOnd@[] @ m@ner d@ mInIst@r dAt wE+ @n mosi zYl@ Indin@n
fv600014,770.762,773.560,warIn G@vraxt wOrt an d@ vlams@ r@GerIN Om In di zIn
fv600014,773.560,775.762,@t mEstAksiplAn @ an t@ pAs@n
fv600014,775.762,778.835,En Ik hop dAt Ig darbE+ st2n zAl krE+G@ vAn Al d@Gen@n
fv600014,778.835,781.092,di In d@ vorbE+@ wek@ hYn mOnt vOl hAd@n
fv600014,781.092,782.522,ov@r d@ fAmiljal@ b@drE+v@n
fv600014,783.282,786.324,dAn_nOx hel kOrt for wAt @t x@bitsxeG@rIxt@ b@lE+d b@trEft
fv600014,786.802,791.302,y wet dAt wE+ rets fruG@r aNG@drON@ hEb@n Op @n v@rstrENIN vAn d@ nOrm@ In kwEdzbar@ G@bid@
fv600014,791.302,793.134,mar Ig dENk dAt @t ok loGis Is
fv600014,793.134,797.352,dAt wAner strEN@r@ E+s@ wOrd@ G@stElt dar @n Inkom@sf@GudIN vor d@ bur@n teG@nov@r stat
fv600014,797.352,799.172,ny AlIxt kAn ir d@
fv600014,799.172,801.582,eeGev@rOrd@nIN b@trEf@nd@ milj2vrind@l@k@
fv600014,801.582,804.162,lAndbA+prOdYksimetod@ ING@sxak@lt wOrd@n
fv600014,804.162,808.448,Ik men b@Grep@n t@ hEb@n dAt darvor mId@l@n zYl@ vorzin wOrd@ En Ik hAt_tAn Grax
fv600014,808.448,811.032,vAn y v@rnom@ wAt_t@ stAnt fAn zak@ Is In dIt_tOsir
fv600014,811.802,813.942,t@ slOt@ nOx @n mer AlG@men@ b@dENkIN
fv600014,813.942,815.592,[]
fv600014,815.592,816.910,Ik Ep y rets x@zExt
fv600014,816.910,817.682,dAt Ik @t
fv600014,817.682,818.502,b@tr2r
fv600014,818.502,821.522,dAt y dId_dOsir nit Ept aNG@Grep@n Om
fv600014,821.522,822.828,@t xlobal@ debAt
fv600014,822.828,824.932,ov@r @t lAndbA+b@lE+t Op xAN t@ brEN@n
fv600014,825.862,829.162,In di zIn @ Ontxox@lt y mE+ E+G@l@k @m betS@ m[] d@ mInIs[]
fv600014,829.872,831.462,y wet
fv600014,831.462,835.092,dAt_t@ prOblem@ di Er mOmEntel zE+n nit somar Y+t_t@ lYxt kom@ G@vAl@
fv600014,835.092,839.542,d@ bur@ zIn Ind@rdat mAsal ov@rG@sxak@lt Op IntEnsiv@ vetelt
fv600014,839.542,841.050,OmdAt dIt_t@ en@G@ kAns
fv600014,841.050,842.116,Op ov@rlevIN Is
fv600014,842.116,844.856,En @t prE+z@nb@lE+t vAn d@ eeGe heft xEn
fv600014,844.856,845.956,In di rIxtIN G@dwON@n
fv600014,846.566,848.952,z@ wErd@n trA+@s vOlOp x@stimylert
fv600014,848.952,850.026,In di rIxtIN
fv600014,850.026,851.846,dor @t min@steri vAn lAndbA+
fv600014,851.846,853.816,dor d@ divErs@ bur@nOrGAnizazis
fv600014,853.816,854.746,En Ig dENk dAt @t
fv600014,854.746,858.036,Onv@rAntwort En OnrExtfard@x sA+ zE+n Alz d@ bur@n
fv600014,858.036,859.856,ny @t slAxtOf@r zA+d@ wOrd@
fv600014,859.856,861.886,vAn @d b@lE+t dAt x@vurt wErt
fv600014,861.886,863.976,d@ bur@ wOrd@ vAn Al@ kAnt@n
fv600014,863.976,869.186,@t mEs Ob d@ kel G@zEt En d@ hErvOrmIN@ vAn @t x@mensxAp@l@k lAndbA+b@lE+t In @t kad@r vAn d@ gEtAkord@n
fv600014,869.186,871.509,zYl@n d@ sitywasi Alem_mar slExt@r mak@n
fv600014,872.366,873.466,zowEl vor d@ bur@n
fv600014,873.466,874.956,Als Op @t flAk fAn milj2
fv600014,874.956,877.916,Em_m@n kAn di dOsirs nit somar vAn m@kar lOskOp@l@n
fv600014,877.916,882.316,Ik m Ik fOnt E+@g d@ sitywasi vAn ENk@l@ wek@ G@led@ bE+na kAfkAjans
fv600014,883.246,885.228,y vurd@ hir d@ diskysi ov@r @d mAp
fv600014,885.228,886.046,En y zAt
fv600014,886.046,887.966,lEt@rl@k En fiGyrl@k Ond@r d@ mEst
fv600014,887.966,889.611,t@rwE+l an d@ And@r@ kAnt
fv600014,889.611,890.876,@ mInIst@r burZwA
fv600014,890.876,891.926,En yw
fv600014,891.926,895.166,pArtE+G@not mInIst@r kla[] klas hel dotx@mud@rert
fv600014,895.166,897.526,d@ dZymborat forzAt @ Op 2ropes flAk
fv600014,897.526,901.156,war b@slIst wErt ov@r d@ tukOmst fAn d@ lAndbA+ En war mEt xen wort
fv600014,901.156,904.116,G@rEpt wErt ov@r d@ Grot@ milj2prOblem@ vAn d@ lAndbA+
fv600014,904.116,906.426,Ik fInt_tAt E+l@k @n kAfkAjans@ sitywasi
fv600014,909.506,915.259,kOmynika g dENk dAt @t its mer Iz dAn @n kOmynikasistornIs Ig dENg dAt @t @n OnwIl Is Om E+@l@k In t@ zin war d@ prOblem@ lIG@n
fv600014,915.259,917.239,@t mInst@ dAt kAn v@rwAxt wOrd@n
fv600014,917.239,920.090,Iz dAt @r ov@r t xlobal@ lAndbA+b@lE+t ov@rlEG Is
fv600014,920.090,922.399,tYs@n @t fed@ral@ nivo En @t x@wEst@l@k nivo
fv600014,922.399,925.649,wardor dAn Ind@rdat Al@ prOblem@ am_m@kar G@kOp@lt wOrd@
fv600014,925.649,926.959,En warbE+ G@zOxt wOrt
fv600014,926.959,928.009,In @t kad@r
fv600014,928.009,929.329,vAn d@ gEdb@sprekIN@n
fv600014,929.329,933.219,nar Alt@rnAtiv@n di sosjal rExtfard@x sE+n En ekoloGis f@rAntwort sE+n
fv600014,933.219,935.343,@t en kAn nit zOnd@r @t And@r
fv600014,936.519,938.279,tOd b@slY+t nOG dIt m@ne d@ mInIst@r
fv600014,938.279,939.429,Als xrun@n
fv600014,939.429,941.414,rejAlizer@ wE+ Ons mer dAn wi ok
fv600014,941.414,943.753,hu zwar d@ milj2prOblem@ zE+n In d@ lAndbA+
fv600014,944.869,946.679,E wAner w@ sprek@n ov@ d@ lAndbA+
fv600014,946.679,947.999,y wet @d bet@r dAn Ik
fv600014,947.999,951.079,dAn Gat @t mar Om twe kOmA vE+f p@rsEnt fAn d@ Aktiv@ b@vOlkIN
fv600014,951.079,953.929,dAd Is nit yw kispyblik dAd Is zek@r @t Onz@ nit
fv600014,953.929,956.189,mar w@ moG@ nojt f@rGet@n
fv600014,956.189,959.369,dAt lAndbA+@rs d@Gen@ zE+n di Ons futs@l prodyser@n
fv600014,959.369,961.239,di Onz@ op@ rY+mt@ b@her@
fv600014,961.239,963.489,En w@ mut@ Gud b@sEf@n dAt w@ ny
fv600014,963.489,966.899,dAt w@ ny vor Grot@ k2z@s_stan war w@ mEt_t@ lAndbA+ nartu wIl@
fv600014,966.899,968.049,OfwEl
fv600014,968.049,970.299,Gev@ w@ d@ lAndbA+ vOled@x In hAnd@n
fv600014,970.299,971.729,vAn d@ GrotIndystri
fv600014,971.729,973.540,di dAn mIts ENk@l@ ekoloGis@
fv600014,973.540,974.370,kOrEksis
fv600014,974.370,975.679,@t frE+ spEl krE+xt
fv600014,975.679,979.199,En dAt Is E+@l@g d@ k2z@ di ny G@makt wOrt In @t mEstAksiplAn
fv600014,979.199,981.559,OfwEl kiz@ w@ vor @n G@zOnd@ lAndbA+
fv600014,981.559,984.029,@n lAndbA+ di I[] hAnd@n Is fAn d@ bur@n
fv600014,984.029,987.709,an wi @n erl@k@ prE+s wOrt x@Gev@ vo prOdYkt@n di Op @n erl@k@
fv600014,987.709,989.909,En v@rAntword@ mAnir G@prOdysert wOrd@n
fv600014,989.909,991.339,wE+ kiz@n In id@r G@vAl
fv600014,991.339,993.623,vor @t latst@n En Ik vInt @t spE+t@x
fv600014,993.623,995.163,dAt y dId blE+gbar nit_tut
fv600594,0.000,2.360,m@ner d@ mInIst@r kOleGAs
fv600594,2.360,6.986,vlOt@ En mOdErn@ kOmynikasi Is @n b@lAN@rE+k ajt@m
fv600594,6.986,9.670,t@rExt for dez@ r@GerIN E w@ kE+k@n ok mEt
fv600594,9.670,11.370,hel vel b@lANstElIN Y+t wAt
fv600594,11.370,14.000,igOv@rm@nt Ons Al@mal zAl brEN@
fv600594,14.000,17.790,ny vorbE+@ zOndAx must [] vor mE+ AltAnz @n klE+n @
fv600594,17.790,20.050,vorprufj@ wOrd@ d@r wErt aNG@kOnd@xt
fv600594,20.050,22.020,dAt mEn vAnY+t_t@ vlams@ r@GerIN
fv600594,22.020,25.760,mEt @n v@rkizINswEpsajt rExtstreks nar d@ bYrG@r
fv600594,25.760,27.190,d@ rIzyltat@ On lajn
fv600594,27.190,28.180,zA+ brEN@
fv600594,28.180,30.210,Alen
fv600594,30.210,34.110,Iz di wEpsajd blE+gbar ni Ext fAn d@ GrOnt @ G@kom@
fv600594,34.110,35.760,id@ren di-j-@t x@prObert eft
fv600594,35.760,39.084,@m eft fAstx@stElt_tAt mEn Gen tuGAN kON krE+G@
fv600594,39.084,42.900,@m d@r wErt ok x@zExt Op @t r@klam@spOtS@ vAn d@ veErte dAt_tIt Al@mal
fv600594,42.900,47.950,In sam@wErkIN mEt d@ wEpsajt fAn @ [] @ d@ InfolE+n GIN Gan
fv600594,47.950,49.270,mar Y+tE+nd@l@k Is @r @
fv600594,49.270,50.860,ni fel vAN G@kom@ En dYs
fv600594,50.860,51.900,wAt Onz b@niwt Is
fv600594,51.900,54.475,wAd Iz @r E+G@l@k x@b2rt mEt_ti wEpsajt
fv600594,55.800,57.919,ja di wEpsajd Is x@krESt
fv600594,60.690,61.900,OmwIl@ vAn @t @
fv600594,61.900,65.593,Onv@rwAxt xrot antAl vraG@ mEn At sIx_x@spiG@lt an @m
fv600594,65.593,69.920,d@ v@rkizINzY+tslaG@ di b@kEnt wErd@ G@makt fijA d@ wEpsajt In @
fv600594,69.920,71.120,neG@tin_neG@n@next@x
fv600594,71.120,74.200,war OnG@ver dridY+z@nt fraG@ p@r yr
fv600594,74.200,75.460,ny hef mEn [] [] b@palt oG@mblIk
fv600594,75.460,80.965,drihOnd@rdY+z@nt hIts x@hAt Op en yr tE+t x@mId@ld@ Op sOndAx Axt Oktob@r hOnd@rt_twInt@GdY+z@nt
fv600594,80.965,82.537,yr G@mId@ld@
fv600594,82.537,84.140,En @ #
fv600594,84.140,86.770,dYs @ OmwIl@ vAn @t @ vA vAn d@ enOrm@
fv600594,86.770,89.250,tulop @ Is @t sistem dYz Ind@rdat pAs
fv600594,89.250,91.220,@ mandAx trYx Ext Op@rASOnel G@wOrd@
fv600594,91.220,93.090,@m
fv600594,93.090,94.680,mEn eft_tAn @m
fv600594,94.680,100.094,Ik Eb @r @n @ an an d Administrasi G@vraxt mE+ @n rApOrt_t@ b@zOrG@ darov@r Gat @r @ mOrG@n_n evAlywasiv@rGad@rIN
fv600594,100.094,102.458,Em w@ zYl@ zOrG@ dAt_tIt sek@r nojt nOx_x@b2rt
fv600625,0.000,2.910,wE+ zE+n an d@ vrax fAn d@ her
fv600625,2.910,6.673,ZilbE:r vAm bal@n tOt m@vrA+ d@ mInIst@r mArlen vAnd@rport@n
fv600625,6.673,7.470,m[] vAm bal@
fv600625,116.442,118.032,m@vrA+ d@ mInIst@r
fv600625,279.327,280.808,ja m@[] []
fv600625,300.822,302.599,t InsidEnt Is x@slot@n
fv600625,12.410,15.000,[]er d@ vorzIt@r m@vrA+ d@ mInIst@r m@ner d@ mInIst@r
fv600625,15.000,20.980,vor@G@ wek heft @ d@ vlams@ r@GerIN prInsipjel ar Gutk2rIN G@hExt an @d_dekret Ob d@ bazIzmObilitE+t
fv600625,20.980,21.860,g dENg dAt_tAt
fv600625,21.860,23.070,ErG b@lAN@rE+k Is
fv600625,23.070,24.390,mar
fv600625,24.390,26.455,Y+t @n antAl rejAksis
fv600625,26.455,28.620,Ob d@ Gutk2rIN darvAn AlG@men
fv600625,28.620,31.270,wOrt x@stElt_tAt_tAt E+G@l@k @n tin prosEnt
fv600625,31.270,34.620,vAn @t Of_for tin prosEnt fAn d@ b@vOlkIN @m_mObilitE+tsprOblem
fv600625,34.620,35.490,OplOst
fv600625,35.490,39.230,mar E+G@l@k tOtal nits_sA+ dun an @t fil@prOblem
fv600625,40.330,42.750,pr@fEsOr Alart b@wert_tAt En E+ zExt
fv600625,42.750,43.620,kE+k
fv600625,43.620,46.480,@n vlamIN Is_ser Ind@vid@wAlIstis ING@stElt As @t xat ov@r
fv600625,46.480,48.400,d@ k2z@ vAn z@n v@rvurwE+z@
fv600625,48.400,50.160,En ENk@l Indin w@
fv600625,50.160,52.630,wErk mak@ vAn @n Guj@ kOmynikasi
fv600625,52.630,54.610,En @n Guj@ OpfudIN
fv600625,54.610,56.970,Ob dAt oG@mblIk_kYn@ w@ Op mId@lAN@ t@rmE+n
fv600625,56.970,58.950,vE+f A tin jar @rtu kom@
fv600625,58.950,59.990,dAt mEns@
fv600625,59.990,62.080,jON@r@ vornam@l@k En ok And@r@
fv600625,62.080,64.390,zYl@ kiz@ vor And@r@ v@vursmodi
fv600625,64.390,66.030,dAn ENk@l_lat Os ma zEG@ hel
fv600625,66.030,67.680,snEl nar d@ A+to t@ GrE+p@
fv600625,68.450,73.560,In di zIn dut hE+ dAn ok @n Oprup an d@ vlams@ ov@rhE+t Om vel nar kOmynikasi t@ wErk@
fv600625,73.560,76.520,mar ok Im plats fAn t@ sprek@n ov@r v@rkersOpfudIN
fv600625,76.520,78.830,sprekt E+ ov@r mObilitE+tsOpfudIN
fv600625,78.830,82.240,En Om dAt_t@ InteGrer@ vornam@l@k In @t sekyndE:r Ond@rwE+s
fv600625,82.790,84.980,In @t r@GerAkort_tinanGand@
fv600625,84.980,88.440,Is Opx@nom@ dAt_t@ tejOretis@ rE+b@wE+sOplE+dIN
fv600625,88.440,91.680,zA+ G@InteGrert wOrd@ In dAt sekyndE:r Ond@rwE+s
fv600625,91.680,96.130,mar rE+b@wE+sOplE+dIN en@rzE+ts Iz its And@rs dAn mObilitE+tsOpfudIN
fv600625,96.130,97.560,In z@n GlObAlitE+t
fv600625,97.560,101.460,mE+n vrax m@vrA+ d@ mInIst@r Iz dAn ok bEnt y-j-@t_tar prInsipjel me ens
fv600625,101.460,102.500,En twe
fv600625,102.500,105.250,hu kYn@ wE+ In d@ nabE+@ tukOmst Al dAn_nit
fv600625,105.250,107.120,dAtxen@ wAt In @t r@GerAkort
fv600625,107.120,110.520,Is Opx@nom@ v@rtal@n nar mObilitE+tsOpfudIN
fv600625,281.162,284.452,vorzIt@r @ Ig bEn blE+ mEd @d Antwort fAn m@vrA+ d@ mInIst@r
fv600625,284.452,288.930,mar m@sxin tOx ev@ In @t r@GerAkort wAnt_tAt hEb@ w@ nEt nOx ev@n_naG@lez@ stat
fv600625,288.930,290.992,G@lYk@x m@sxin d@ tErminoloGi
fv600625,290.992,294.072,rE+Egzam@n nit mar rE+b@wE+sOplE+dIN
fv600625,294.072,296.922,En In di zIn pAst_tar mObilitE+tsOplE+dIN
fv600625,296.922,299.081,Of edykasi nAtyrl@k pErfEkt In
fv600625,126.002,127.372,@m
fv600625,127.372,128.962,ov@r @ ENk@l@
fv600625,128.962,134.182,wek@n zA zYl@ wElixt_t@ E+ntErm@ twed@ En dErd@ Grat fAn @t sekyndE:r Ond@rwE+s
fv600625,134.182,136.880,@ Ob d@ taf@l_lIG@ vAn d@ kOmIsi Ond@rwE+s
fv600625,136.880,138.086,vAn t flams pArl@mEnt
fv600625,138.086,142.426,En dAn zAl dit_tema @ Y+t@rart fel @ bred@r kyn@ b@sprok@ wOrd@n
fv600625,142.426,144.616,mar @t Iz In id@r G@vAl zo
fv600625,144.616,148.406,dAt @t El@mEnt v@rkersedykasi is Opx@nom@
fv600625,148.406,149.726,in di E+ntErm@
fv600625,149.726,154.449,En ok In d@ E+ntErm@ vAn @d bazizOnd@rwE+s @t Iz dyz @n kOnstAnt x@Gev@n In Al@ E+ntErm@
fv600625,155.166,160.644,@ mEN G@brY+kt_tar mestAl @d b@GrIp f@rkersedykasi mar @t is E+G@l@k @n zer_rY+m b@GrIp
fv600625,160.644,162.136,mEn b@dult_tar @
fv600625,162.136,164.886,v@rtrEk@n d@ sitywasi Y+t f@rtrEk@nd@ vAnY+t
fv600625,164.886,166.696,d@ sitywasi vAn @N kInt sElf
fv600625,166.696,170.106,dYs mEN b@GInt_tarme Op sEsjar@G@ leftE+t_t@ OmId@l@k@ leftE+t fAn
fv600625,170.106,172.686,@ d@ OmId@l@k@ OmGevIN vAn @t kInt_t@ sxol
fv600625,172.686,177.186,mEN Gat_tar t@r plats@ v@rkEn@n wAt_t@ moG@l@ked@ zE+n wAt_t@ knElpynt@ zE+n
fv600625,177.186,178.666,wAt_t@ G@var@ zE+n
fv600625,178.666,187.126,@ @t xat_tys E+G@l@k hel vEr En @t heft niks t@ mak@n mEt @t f@rker striktu sEnso v@rkersreGl@mEnt@ En dErG@l@k@ t iz dys hel rY+m Opx@vAt
fv600625,187.126,187.735,Alz @n
fv600625,187.735,192.126,@ edykAtif El@mEnd_dAd Is_so vErd@r G@zEt In d@ E+ntErm@ vAn d@ erst@ Grat
fv600625,192.126,196.346,vAn @t sekyndE:r Ond@rwE+s En ok In d@ twed@ En d@ dErd@ Grat Iz @t so Opx@vAt
fv600625,196.346,198.876,v@rkersedykasi is xen ApArt fAk
fv600625,198.876,200.026,@t iz @n vAk
fv600625,200.026,203.606,@ @t iz @n Ond@rdel E+G@l@k fAn @t fAk ardrE+kskynd@
fv600625,203.606,205.140,dAd am bOt kAN kom@n
fv600625,205.140,209.096,@ in v@rbAnt ok mEt @t milj2 mEt_t@ OmGevIN @ En dErG@l@k@
fv600625,209.096,213.816,En @t kOmt ok am bOt in d@ vAkov@rsxrE+d@nd@ E+ntErm@n
fv600625,213.816,215.956,g@zOntE+ts@edykasi
fv600625,215.956,217.780,En milj2edykasi
fv600625,217.780,219.200,mEt And@r@ word@n
fv600625,219.200,222.502,@t six b@weG@n d@ mobilitE+t En @t f@rker
fv600625,222.502,225.112,iz @n AspEkt_tAt Op f@rsxIl@nd@ mOmEnt@n
fv600625,225.112,226.622,@ In v@rsxIl@nd@ vAk@n
fv600625,226.622,230.362,En dor v@rsxIl@nd@ lerkrAxt@n zAl t@r sprak@ mut@ kom@n
fv600625,230.362,235.252,In @t r@GerAkort is @r Ind@rdat Opx@nom@n dAd ok @t_tejOretis rE+Egzam@
fv600625,235.252,237.002,@n Ond@rdel zA+ zE+n
fv600625,237.002,241.342,vAn di v@rkersedykasi in d@ dErd@ Grat vAn @t sekyndE:r Ond@rwE+s
fv600625,241.342,245.442,dAd Is Opx@nom@n In @ @t flams r@GerAkort @ dAd blE+ft_tys
fv600625,245.442,247.932,@ d@ b@dulIN vAn d@ vlams@ r@GerIN
fv600625,247.932,250.622,mar Ik wIl y wEl zEG@n dAt wE+ vAndax
fv600625,250.622,251.832,nOx nit
fv600625,251.832,254.912,vor hOnd@rt prosEnt dY+d@l@k wet@n Op wElk@ mAnir
fv600625,254.912,256.660,di @ dAt_tejOretis
fv600625,256.660,259.302,rE+Egzam@ zAl @ G@OrGAnizert wOrd@
fv600625,259.302,262.652,mar og dar wIl Ik sEG@ dAd @d mar @n hel klE+n Ond@rdeltj@ is
fv600625,262.652,265.122,vAn d@ v@rkersedykasi In @t AlG@men
fv600625,265.122,267.812,di Ext rY+m mut Opx@vAt wOrd@
fv600625,267.812,271.712,En war Al@ AspEkt@n vAn mobilitE+t vor En_nadel@ En dErG@l@k@
fv600625,271.712,273.757,@ an t@ pAs_sYl@ kom@
fv600673,0.000,2.339,dAn zE+n w@ ny-j-an d@ Aktywel@ vraG@n vAn
fv600673,2.339,4.720,en@rzE+ts t@ her jAn pEnris
fv600673,4.720,6.590,And@rzE+ts lydwix
fv600673,6.590,7.850,kalywe
fv600673,7.850,9.590,En Zyl vAn ap@r@n
fv600673,10.880,12.103,[] pEnris
fv600673,164.530,165.910,m@ner kalywe
fv600673,348.640,350.009,m@ner vAn ap@r@n
fv600673,12.103,14.169,vorzIt@r m@ner d@ minist@r kOleGAs
fv600673,14.169,17.030,@ @t Afx@lop@ wikEnt eft_t@ minist@rprezidEnt
fv600673,17.030,21.320,vor el wAd OpsxydiN G@zOrxt mEt sE+n Y+tsprak@ in GAzEt fAn AntwErp@ In teG@stElIN
fv600673,21.320,24.170,tOt kOleGA mAlkO:r kAn ik war @t @[]
fv600673,24.170,26.165,deltj@ wEst@rsxEld@ b@trEft wEl
fv600673,26.165,29.193,ens_sE+n mEt_t@ minist@rprezidEnt ok sE+n kritik
fv600673,29.193,32.659,Op @ d@ dEdikejt@tY:rm@n@lpOlitik @ kAn Ig del@ mar
fv600673,32.659,38.251,Ik Eb @d mujl@k En dA sAl y ni f@rbaz@ En Ik ni Alen blE+gbar @t Is @ d@ b@kOm@rnIs fAn @ Grod_del vAn dIt pArl@mEnt
fv600673,38.251,39.425,sxE+nt ny
fv600673,39.425,42.056,@ Ik Eb @d mujl@k@r mEt zE+n kritik
fv600673,42.056,44.079,Op d@ sam@wErkIN
fv600673,44.079,47.648,di @r nOx nit fOlG@z Em zA+ b@stan tYs@ Onz@ v@rsxIl@nd@
fv600673,47.648,48.639,vlams@ hav@s
fv600673,48.639,50.041,zE+n pArtE+G@not
fv600673,50.041,52.129,En AntwErps hav@sxep@
fv600673,52.129,54.346,@ lejo bArOn delwE+d@ heft dAt
fv600673,54.346,57.433,Intys@n Al rExtx@zEt eft kom@ b@vEst@G@ dAt d@ vlams@ hav@s
fv600673,57.433,59.397,In v@rG@lE+kIN mEt @n antAl jar@ G@led@
fv600673,59.397,62.763,Intys@n Al vel@ bet@r sam@wErk@ mar mEm_mAx ok ni f@rGet@
fv600673,62.763,64.363,dAt zon sam@wErkIN
fv600673,64.363,65.910,mar kAn Gruj@n
fv600673,65.910,67.198,lANzaman
fv600673,67.198,72.980,En vijA d@ strIktyr@ di jY+st Y+tx@rek@t In dAt hav@nd@kret dAt wE+ hir ynAnim Eb@ Gutx@k2rt war@ vorzin
fv600673,72.980,74.470,En dar vrINt Em @t sxuntS@
fv600673,74.470,75.460,wE+ hEb@n
fv600673,75.460,79.910,vor di sam@wErkIN di vAn Ond@rY+t mut xruj@n_not an @n hav@kOmisaris wE+ hEb@n
fv600673,79.910,83.668,vor di sam@wErkIN di vAn Ond@rY+t mut xruj@n_not an @n kOnsErtasikOmIsi
fv600673,83.668,85.210,En In dez@ twe dOsirs
fv600673,85.210,87.348,eft dez@ r@GerIN Gen ENk@l@
fv600673,87.348,89.388,mar dAn ok xen ENk@l@ vorY+txAN G@bukt
fv600673,89.388,91.528,IksElf Eb in Oktob@r vAn vor@x jar
fv600673,91.528,93.618,darov@r d@ minist@r Ond@rvraxt
fv600673,93.618,97.678,@ bE+ wE+z@ vAn vrax Om Y+tlEx ik Eb dAt nOx iz Eralt in @n sxrift@l@k@ vrax
fv600673,97.678,103.278,kOleGA kAlyw@ En IksElf zE+n dar nOG iz Op tryx@kom@ Im_mE+ vAn dIt jar En tElk@s wErt Onz b@loft wAxt kOleGAs
fv600673,103.278,108.118,@t kOmt @r @t sAl @r kom@ di hav@kOmIsarIz di krE+xt y di kOnsErtasikOmIsi di krE+xt y En dys
fv600673,108.118,109.818,zAl sam@wErkIN tys@ di hav@s
fv600673,109.818,111.880,vel@ G@mAk@l@k@r wOrd@ vAndax stEl@ w@ vAst
fv600673,111.880,113.860,dAt di instElIN@ d@r nit sE+n
fv600673,113.860,117.430,dAt_t@r @ sam@wErkiN iz di Ontstat spOntan vAn Ond@rY+t mar ni
fv600673,117.430,120.720,In d@ In d@ intEnsitE+t di dor d@ minist@rprezidEnt
fv600673,120.720,122.260,G@vraxt wOrt ik Eb @m betS@
fv600673,122.260,124.180,@ ok prOblem@ mEt
fv600673,124.180,125.830,d@ vrax fAn d@ minist@rprezidEnt
fv600673,125.830,128.520,di Alz @n kE+z@rkOst@r Alz @ sort jAkObE+n
fv600673,128.520,129.570,kOm plE+t@
fv600673,129.570,131.210,@ vor InteGrasi
fv600673,131.210,134.273,vor kOmpl@mEntAritE+t Opx@lExt fAm bov@nY+t
fv600673,134.273,135.610,wAd In teG@stElIN is
fv600673,135.610,138.600,mEt_t@ hAnzejatise trAdisiz En d@ vrE+@mArtprInsip@s
fv600673,138.600,140.470,di Onz@ vlams@ hav@nekOnOmi
fv600673,140.470,142.170,stets heft aNG@hAN@
fv600673,142.170,142.890,d@ vrax
fv600673,142.890,144.150,kAn dAn ok mar Alen
fv600673,144.150,145.630,kOrt En dY+d@l@k sE+n
fv600673,145.630,149.810,m@ner d@ minist@rprezidEnt m@ner d@ minist@r vAn Op@mbar@ wErk@ Gat y AlsnOx
fv600673,149.810,151.900,@t hav@ndekret rEspEkter@
fv600673,151.900,152.830,En @rvor zOrG@
fv600673,152.830,154.700,dAt_t@ dor Ons x@vraGd@ InstElIN@n
fv600673,154.700,158.600,AlsnOx Opx@rixt wOrd@ zodan@x dAt sam@wErkiN vAn Ond@rY+t lANzam
fv600673,158.600,160.562,evOlySOnE:r kAn Gruj@
fv600673,183.920,186.280,m@ner d@ vorzIt@r ward@ kOleGAs
fv600673,186.280,187.490,m@ner d@ minist@r
fv600673,187.490,188.810,ok Ik Eb @t @
fv600673,188.810,191.890,mErkward@G@ Int@rvjuw ny ja Int@rvjuw t wAz E+G@l@k @n vrE+@ tribyn@
fv600673,191.890,196.340,@ war d@ nam vAn @n ZurnAlizd bE+ stOnt wAnt @t wAs moj Opx@sOmt @n antAl pYntS@s
fv600673,196.340,197.930,@ G@lez@n
fv600673,197.930,201.010,En @ ok Ik Ep @ vOnt_tAd bizOnd@r
fv600673,201.010,202.000,mErkward@x
fv600673,202.000,203.810,mar Ik mut sEG@n @
fv600673,203.810,209.080,kOleGA pEnris Ik Eb d@n IndrYg dAt w ir erd@r t@ mak@n hAd@n mEt @n @ pArtE+tj@ pOlitik@ biljArt
fv600673,209.080,210.703,In di zIn dAt @ d@
fv600673,210.703,214.080,pE+l@n wEl wErd@ G@rIxt In d@ rIxtIN vAn d@ hav@b@styr@
fv600673,214.080,215.730,mar Ik_kOm_m@ ni fAn d@ IndrYk Ontun
fv600673,215.730,218.750,dAt @ d@ minist@rprezidEnt E+G@l@k vijA d@ hav@b@styr@
fv600673,218.750,220.210,vijA d@ bAnt d@ bAl
fv600673,220.210,222.950,vAn d@ b@vuGd@ mInIst@r stevart wIld@ rak@n
fv600673,222.950,226.800,wAnt @ Alz Ik xut kOn lez@n wAt @r @ In di notA In stOnt
fv600673,226.800,228.340,[]fE~ dYz dAt Int@rvjuw
fv600673,228.340,231.573,dAn @ [] lez Ig dar tOx wEl @n antAl dIN@n In en @t f@rwE+t
fv600673,231.573,235.640,zoAs wE+ dAd ok Al d@ vorbE+@ mand@n Al v@rsxIl@nd@ ker@n nar vor@n Eb@ G@brAxt dAt
fv600673,235.640,236.850,dIt hav@ndekret
fv600673,236.850,238.390,dAt @t @ prOdYkt Is
fv600673,238.390,241.300,vAn @n pArl@mEntE:r iniSAtif niwar m@ner vorAme
fv600673,241.300,242.290,dAt ynAnim
fv600673,242.290,245.640,dor dIt flams pArl@mEnt Is xutx@k2rt nOx tE+d@z d@ vor@G@ leGislAtyr
fv600673,245.640,248.034,dAt_tIt nOx stets nit Is Y+tx@vurt
fv600673,248.034,249.949,na twe jar Iz dIt nOx stets nit []
fv600673,249.949,253.634,nit Y+tx@vurt En zE+n d@ b@lAN@r@k@ InstrymEnt@n Om Ind@rdat_ti hav@sam@wErkIN
fv600673,253.634,254.674,t@ v@rkrE+G@n
fv600673,254.674,255.820,zE+n dez@ @r
fv600673,255.820,257.254,nOx AltE+t nit
fv600673,257.254,258.084,en
fv600673,258.084,259.074,twe
fv600673,259.074,260.000,mer zElfs
fv600673,260.000,260.994,Alz Ig d@lOjt
fv600673,260.994,264.394,mAx_x@lov@n di blE+gbar InzaG@ eft x@kreG@n In @n antAl dIN@n
fv600673,264.394,265.384,Alz Ig d@lOjt
fv600673,265.384,267.414,mAx_x@lov@n dAn Iz @t sElfs_so
fv600673,267.414,269.394,dAd_dAtxen@ wAd_dAd_d@ minist@r []
fv600673,269.394,270.341,d@ b@vuGd@ mInIst@r
fv600673,270.341,272.804,nar vor@ brENt mE b@trEkIN tOt_t@ finAnsirIN
fv600673,272.804,275.502,En mEd b@trEkIN tOt_t@ v@r[] v@rsxIl@nd@ InstrymEnt@n
fv600673,275.502,277.140,dAd_dId E+G@l@k In teG@stElIN Is
fv600673,277.140,278.692,tOt_tAtxen@ wAt_t@ filozOfi is
fv600673,278.692,280.562,vAn @t hav@dekret In di zIn
fv600673,280.562,281.212,dAt
fv600673,281.212,282.380,h@t flams@ G@wEst
fv600673,282.380,284.241,zAl Instan vor d@ finAnsirIN
fv600673,284.241,284.892,vAn
fv600673,284.892,288.031,d@ d@ mAritim@ tuGANsweG@n vAn d@ Grot@ prOjEkt@n
fv600673,288.031,290.334,t@rwE+l And@rzE+ts d@ v@rsxIl@nd@ hav@s
fv600673,290.334,292.142,zElf Im b@lANr@k@r@ mat@
fv600673,292.142,295.171,dAn vAndax zYl@ Instan vor d@ prOjEkt@
fv600673,295.171,299.392,bIn@ d@ hav@s_sElf En dAt_tIt nit somar zA+ G@b2r@n Ob_bazIs fAn @n v@rdelsl2t@l
fv600673,299.392,302.640,mar dAt mEn tElk@nmal@ d@ notsak@l@kE+t fAn dez@ prOjEkt@n
fv600673,302.640,303.460,zA+ din@n
fv600673,303.460,304.306,t@ v@rAntwor[]
fv600673,304.306,306.210,dIt war@n dIt wAs d@ EsEnsi
fv600673,306.210,309.070,vAn h@t hav@ndekret vAn d@ niw@ finAnsirIN
fv600673,309.070,313.520,En dIt zA+ anlE+dIN ok jY+st xev@n tOt @d bet@r anwEnd@n vAn
fv600673,313.520,318.790,d@ notsak@l@k@ mId@l@n En Az Ig dYz d@lOjt mut x@lov@n dAn blE+kt @t so t@ zE+n dAt E+G@l@g dAtxen@ wAt mOmEntel
fv600673,318.790,322.030,wOrt forY+tx@sxov@ mEd b@trEkIN tOt_t@ finAnsirIN En mEd b@trEkIN tOt_t@
fv600673,322.030,323.350,Y+tfurINzb@slY+t@
fv600673,323.350,325.270,darme In strE+t Is En [] [] ok
fv600673,325.270,326.530,mE+n vrax an
fv600673,326.530,328.040,d@ mInIst@r
fv600673,328.040,329.080,vOlxt hE+
fv600673,329.080,330.400,d@ mInIst@rprezidEnt
fv600673,330.400,331.560,zAl E+
fv600673,331.560,332.660,d@rvor zOrG@n dAt
fv600673,332.660,333.970,bIn@ d@ kOrtst@ ker@n
fv600673,333.970,337.600,nOx for @t E+nd@ vAn @t jar di Y+tfurINzb@slY+t@ @r zE+n en
fv600673,337.600,339.850,twe zYl@ dez@ And@rs_sE+n
fv600673,339.850,341.880,dAn diGen@ di [] hE+ rets nar
fv600673,341.880,343.200,d@ hav@b@styr@n
fv600673,343.200,344.900,@ heft dorG@styrt
fv600677,0.000,1.860,w@ zE+n an d@ Aktywel@ vrax fAn d@ her
fv600677,1.860,5.100,dAni vAnd@nbOs@ tOt @ mInIst@r bErt A~So
fv600677,5.100,6.673,m@ner vAnd@mbOs@
fv600677,139.903,140.873,m@ner d@ minist@r
fv600677,17.520,21.022,@m dANk y vorzIt@r dam@z En her@n minist@rs kOleGA
fv600677,21.022,21.910,kOleGAs
fv600677,21.910,26.200,@m @m par wek@ G@led@n Eb Ik In d@ kOmIsi kyltyr
fv600677,26.200,29.290,Al d@ vrax_x@rIxt_tOt_t@ minist@r In v@rbAnt mEt
fv600677,29.290,32.860,d@ wErk@n vAn joAxim b2k@lar Ik sAl z@ nit mer hErb@sxrE+v@n
fv600677,32.860,36.100,mar @ di wErk@n hIN@n In lANdyr@G@ brY+klen
fv600677,36.100,41.150,In @t myzejYm vor sxon@ kYnst@n t@ GEnt En wOrd@n tAns Op inisjAtif_fAn d@ E+G@nar Y+t@rart
fv600677,41.150,44.780,In vE+lIN anG@bod@n In krIstis In lOnd@n
fv600677,44.780,46.810,Ob dAt oG@mblIk
fv600677,46.810,48.780,blek @ dAt
fv600677,48.780,52.800,d@ vlams@ G@mensxAp @n InspAnIN wA+ dun Om di wErk@n AlsnOx t@ v@rwErv@n
fv600677,52.800,56.530,warOm di Aktywel@ vrax OmdAd @t @ zer drIN@nt wOrt
fv600677,56.530,61.470,hE d@ op@mbar@ v@rkop Iz bIn@ vertin daG@n G@plAnt In krIstiz d@ wErk@n zE+n Al t@ b@wOnd@r@n
fv600677,61.470,63.585,In d@ kAtAloGys fAn krIstis
fv600677,63.585,65.775,mE+n vrax Gat nar d@
fv600677,65.775,69.920,minist@r In v@rbAnt mEd @t Antwort_tAt mE+ tun G@Gev@n Is nam@l@g dAt mEn ok
fv600677,69.920,72.205,In d@ privesEktOr zA+ kE+k@n
fv600677,72.205,73.855,Of mEn nit an mId@l@n
fv600677,73.855,77.695,kOn G@rak@n Om AlsnOx d@ wErk@n In vland@r@n t@ hA+d@n
fv600677,77.695,82.975,@t xat mE+ Ind@rdat nit sozer Of z@ ny In GEnt dAn wEl In AntwErp@n Of In brYG@ zA+d@n hAN@n
fv600677,82.975,85.005,d@ vrax Is kAn mEn di wErk@n
fv600677,85.005,86.653,nOx f@rwErv@n Of nit
fv600677,86.653,89.013,d@ minist@r GIN tun @n sam@nwErkIN
fv600677,89.013,90.810,zuk@n mEt d@ privesEktOr
fv600677,90.810,92.320,mE+n vrax Is Is @r
fv600677,92.320,94.673,vAnY+t_t@ privesEktOr en@G@ rejAksi
fv600677,94.673,95.873,vAnY+t
fv600677,95.873,100.493,@ Ik_kAn y zEG@n dAt d@ rejAksi vAn d@ privesEktOr Ob dIt oG@mblIk AltAns nar Ons tu
fv600677,100.493,102.413,nit so hel GYnst@x Is
fv600677,102.413,103.513,@ twe
fv600677,103.513,107.243,wIl d@ minist@r In d@ vOlG@nd@ vertin daG@n_nOx @n Aksi
fv600677,107.243,111.253,dinanGand@ Ond@rnem@n t@nE+nd@ nOx ov@r d@ nod@G@ mId@l@n t@ b@sxIk@n
fv600677,111.253,115.894,t prOblem Is nAtyrl@g dA x@ di mId@l@n_nit jY+st kYnt AflE+n@n OmdAd @t @n op@mbar@ v@rkop Is
fv600677,115.894,119.963,mEn sxAt Ob dIt oG@mblIk dAt mEn rOnt d@ hOnd@rt En tin miljun zA+ zIt@n wAt
fv600677,119.963,124.084,di op@mbar@ v@rkop b@trEft AltAnz d@ kEn@rs b@wer@n dAt
fv600677,124.084,127.984,En @n @ And@r@ vrax Is Of mEn nit Op en Of And@r@ mAnir
fv600677,127.984,132.483,nar @N kOnstryksi kAn Gan mEt d@ vlams@ G@mensxAp mEt_t@ stAt xEnt En mEt_t@ provInsi
fv600677,132.483,136.333,Om AlsnOx mId@l@n t@ m @ bE+ Elkar t@ krE+G@n t@nE+nd@ di wErk@n
fv600677,136.333,138.633,t@ kYn@ v@rwErv@n
fv600677,152.653,154.903,vorzIt@r kOleGAs
fv600677,156.053,157.873,zoAls @
fv600677,157.873,159.793,dAni vAnd@mbOs@ wet
fv600677,159.793,162.313,Iz @t @ d@ erst@ mal dAt wE+
fv600677,162.313,164.463,@n @ fOnts Eb@ Opx@rIxt
fv600677,164.463,167.483,dAd @t for d@ erst@ mal Iz dAt @r @n fOnts Is Opx@rIxt warIn dAt
fv600677,167.483,168.919,r@zErv@s
fv600677,168.919,170.839,wOrd@ Opx@stap@lt
fv600677,170.839,172.489,O Om jY+st
fv600677,172.489,176.059,@n InstrymEnt_t@ hEb@ Om In yrGEnt@ mAteris
fv600677,176.059,178.590,tYs@ t@ kYn@ kom@ Om t@ v@rmE+d@ dAt
fv600677,178.590,180.264,ward@vOl@ kYnstwErk@n
fv600677,180.264,182.154,nar @d bY+t@lAnt f@rdwE+n@
fv600677,182.154,183.909,m
fv600677,183.909,188.089,wE+ zE+n Als flams@ G@mensxAp Ind@rdad b@rE+t Om darvAn
fv600677,188.089,191.709,vAn dAt fOnts Y+t fE+ft@x miljun t@r b@sxIkIN t@ stEl@
fv600677,191.709,193.859,Om d@ b2k@lars hir t@ hA+d@
fv600677,193.859,196.800,mar @m Indin dAt xElt
fv600677,196.800,199.240,nit G@brY+kt wOrt In dIt x@vAl
fv600677,199.240,204.920,dAn Iz dIt xElt nit f@rlor@ dAn wOrt_tar vErd@r me @n r@zErv@ aNG@lExt Om Ext_tIt InstrymEnt_t@ kYn@ warmak@
fv600677,204.920,208.820,w Eb@n E+G@l@k @rnar G@streft Om @n pArtn@rSIp tOt stAnt_t@ brEN@
fv600677,208.820,212.720,warIn dAt_t@ And@r@ ov@rhed@ En y Ept @r Al nar v@rwez@ GEnt
fv600677,212.720,215.130,warOm og d@ prOvInsi nit En warOm ok xen
fv600677,215.130,218.000,privemEns@n lifhEb@rs
fv600677,218.000,222.830,me d@ hAnd@n In Elkar zA+d@ slan Om @ @n Aksi Op xAN t@ brEN@
fv600677,222.830,224.071,vAnY+t_t@ stAt xEnt
fv600677,224.071,230.061,Iz dar poz@tiv Op x@rejAGert ma w@ zIt@n_nOx AltE+t nit an di hOnd@rd En tin En lad Onz erl@k sE+n dAd Iz @m_minimYmsxAtIN
fv600677,230.061,233.141,orsprONk@l@k@ sxAtIN@ GIN@ tOt hOnd@rt_tAxt@x miljun
fv600677,233.141,235.331,@ w@ zE+n dar dYs nOx nit
fv600677,235.331,236.591,Ig b@tr2r dIt
fv600677,236.591,240.881,mar @ Ik_kAn dIt Alen sam@n mEt y vAststEl@n dAt fAnY+t_t@ privesEktOr
fv600677,240.881,242.641,@r Gen ENk@l@ b@rE+tE+t Is
fv600677,242.641,243.961,tOt stAnt x@kom@
fv600677,243.961,248.429,wE+ hEb@n @n op@ ambOt x@dan wE+ hEb@ zElfs @n antAl v@ren@GIN@ hel Eksplisit
fv600677,248.429,250.000,G@kOntAktert soAlz y wet
fv600677,250.000,251.160,dar Is xen
fv600677,251.160,254.510,ENk@l @ rejAksi pOz@tiv@ rejAksi Op x@kom@
fv600677,254.510,257.310,En trA+@z Ig bEn @rvAn ov@rtY+xt_tAt y Als forzIt@r
fv600677,257.310,259.890,vAn d@ vrind@ vAn @t myzejYm vAn sxon@ kYnst@
fv600677,259.890,260.990,IN GEnt
fv600677,260.990,266.040,E+G@l@k nOG bet@r dAn IksElf Ob d@ hoxt@ bEn vAn d@ latst@ evolysis In dIt_tOsir
fv600677,266.040,267.360,mar E+G@l@k
fv600677,267.360,270.990,Iz d@ GrOnt fAn d@ zak xat_t@ GrOnt fat vAn d@ zak ov@r t fOlG@nd@
fv600677,270.990,274.670,lyks@mbYrx Em bElGij@ zE+n d@ en@G@ twe lAnd@n di tOt Op hed@
fv600677,274.670,276.781,bIn@ d@ 2rope[] bIn@ 2ropA
fv600677,276.781,281.281,nOx_xe AltE+t xen b@sxErmINswEtxevIN b@sxErmINzdekret hEb@n
fv600677,281.281,282.132,@
fv600677,282.132,283.642,ja G@stEmt
fv600677,283.642,286.171,y wet_tAd Ig dar GrOnd@x @
fv600677,286.171,288.582,me bez@G bEn dAt w@ Ext
fv600677,288.582,290.182,zo snEl moG@l@k
fv600677,290.182,292.541,En dAt sAl dYz d@ erstfOlG@nd@ mand@ zE+n
fv600677,292.541,296.832,mEt @n dekret nar @t pArl@mEnt wIl@ kom@ wardor dAt w@ @n Ext InstrymEnt hEb@
fv600677,296.832,299.741,Om t@ v@rmE+d@ dAt ward@vOl Erfxut
fv600677,299.741,304.132,@ Ons Ontstol@n wOrt En Of v@rkOxt wOrt [] [] And@r@n
fv600677,304.132,305.122,En @
fv600677,305.122,308.635,nar h@d bY+t@lAnt f@rdwE+nt lyks@mbYrx Em bElGije zE+n d@ en@G@ dYz Ik
fv600677,308.635,310.221,dar mak@ w@ wErk for
fv600677,310.221,313.572,darvor Iz dAt fOnts ok vA @ notsak@l@k
fv600677,313.572,314.832,En Ik prOber
fv600677,314.832,317.801,Ob di wE+z@ In id@r G@vAl In d@ tukOmst Ext_t@ v@rmE+d@
fv600677,317.801,318.791,dAt w@
fv600677,318.791,323.022,@ vor d@ zovelst@ ker wAnt @t Is nit_t@ erst@ ker dAt w@ ward@vOl@ kYnstwErk@n
fv600677,323.022,325.822,OmwIl@ vAn @t xElt nar @d bY+t@lAnt f@rdwE+n@
fv600677,325.822,328.241,Om dar dAn ok for ens En vor AltE+t
fv600677,328.241,330.512,pal Em pErk an t@ stEl@n
fv600677,330.512,331.722,ik @m
fv600677,331.722,334.522,kOm zo snEl moG@l@k mEt_tId_dekret Ob dAt mOmEnt
fv600677,334.522,337.222,is d@ r@zErv@ Iz @t fOnts
fv600677,337.222,338.922,y wet dAt_tAt xrujt
fv600677,338.922,341.830,@ En dAn hEb@ w@ d@ twe InstrymEnt@
fv600677,341.830,343.812,d@ wEtxevIN En d@ mId@l@n
fv600677,343.812,347.652,Om nar d@ tukOmst tu dIt_teG@ t@ hA+d@ Ig blE+f b@rE+t
fv600677,347.652,350.452,fE+ft@x miljun t@ invEster@ w@ hEb@ vAndax
fv600677,350.452,352.162,Gen Grot@r@ moG@l@khE+t
fv600677,352.162,354.792,Is tOx ok xen Onanzinl@g b@drAx
fv600677,354.792,356.772,@m mar Ik fres
fv600677,356.772,358.472,dAt @ Indin @r Gen
fv600677,358.472,360.257,And@r@ pArtn@rs x@vOnd@ wOrd@
fv600677,360.257,363.277,En y bEnt_tarme bez@x Als forzIt@r vAn d@ vrind@krIN
fv600677,363.277,366.467,Indin @r Gen And@r@ pArtn@rs x@vOnd@ wOrd@ vrez Ig dAt w@ dIt
fv600677,366.467,368.742,dez@ ker nit sYl@ kYn@ teG@hA+d@
fv600686,0.000,2.457,dANk y d@ her vAn d@r port@ heft @t wort
fv600686,3.400,4.940,vAnd@ndris@ hevd @t word Ekskyzer
fv600686,8.730,11.845,d@ her vAn d@r port@ wAs InG@sxrev@n Ekskyzer
fv600686,11.860,12.940,m@ne d@ vorzIt@r
fv600686,12.940,14.440,m@vrA+ d@ minist@r her@ minist@rs
fv600686,15.480,16.960,Onz@ frAksi vInd @t sInvOl
fv600686,17.570,18.390,d@ prO[]mAtik
fv600686,18.390,20.372,vAn d@ finAnsirIN vAn sY:rvisflAts
fv600686,21.140,23.060,In @n rY+m@r@ kar[] t@ sitywer@n En ok
fv600686,23.060,24.710,vorGand@ kOleGAs hEb@n @t x@dan
fv600686,25.487,27.124,In @ Global prOjEkt
fv600686,27.124,28.500,mEt @n vizi Op
fv600686,28.500,31.140,b@jard@nOpfAN Em b@jard@nb@lE+t fAn mOrG@n
fv600686,32.350,35.040,d@ OprIxtIN d@ proGrAmasi d@ finAnsirIN
fv600686,35.640,37.094,d@ b@talbarhE+t
fv600686,37.094,40.095,En d@ sort forzinIN kAn slExs x@dY+t wOrd@n
fv600686,40.095,41.360,dor bIn@n
fv600686,41.360,44.210,@n tOtalkOnsEpt fAn b@jard@nOpfAN t@ wErk@n
fv600686,45.470,47.890,d@ OrGAnizasi vAn sY:rvisflAts Is
fv600686,47.890,48.830,en modyl@
fv600686,48.830,51.900,In d@ ObA+ vAn @n koherEnd b@jard@mb@lE+t
fv600686,52.830,54.198,dIt_tOtalkOnsEpt
fv600686,54.198,55.580,v@rwAxt Onz@ frAksi
fv600686,55.970,58.761,dAd ok In y b@lE+dzbrif ov@r b@jard@nOpfAN
fv600686,58.761,60.739,war wE+ nOx_xen kEnIs fAn hEb@n
fv600686,61.720,64.030,mEn kAn Ind@rdat nit forbE+Gan
fv600686,64.030,65.510,an d@ buj@nd@ OntwIk@lIN@n
fv600686,65.510,68.540,di zIx d@ latst@ twInt@x jar In d@ b@jard@nzOrx hEb@ vorG@dan
fv600686,69.520,71.670,mEn kAn ok ni forbE+Gan [] [] tukOmst@G@
fv600686,71.670,73.370,opA En omA sindrom
fv600686,73.860,74.690,d@ prOp
fv600686,74.690,76.390,In d@ demoGrafis@ pajplajn
fv600686,77.366,79.910,kOnfrat@r ok d@ tEkst@n Y+t y kONGrEzbuk
fv600686,79.910,81.830,wElzE+n [] vAn A+d@r@n
fv600686,82.550,84.237,mEn kAn ok nit forbE+Gan
fv600686,84.237,87.865,an d@ mEntAlitE+tswE+z@GIN di zIx In d@ b@jard@nGest@n vordut
fv600686,88.590,92.094,d@ b@jard@ vA vAndax wAs In d@ gold@n sIkstis In d@ bluj vAn zE+n lev@n
fv600686,92.094,95.950,hE+ heft_t@ sOsjal En ekonomis@ hoxt@pYnt@n G@kEnt
fv600686,95.950,97.765,Em b@sxA+t_t@ hY+d@G@ krizisperjod@
fv600686,97.765,99.460,E+G@l@k Alz @n vorbE+Gant OnG@mAk
fv600686,100.230,102.270,d@ b@jard@ Iz dor @n hoG@r@ sxolIN
fv600686,103.310,105.070,En @n plats Ob d@ matsxAp@l@k@ lAd@r
fv600686,105.670,107.700,zElvb@wYst@r En zElf@rzek@rd@r G@wOrd@n
fv600686,108.580,111.220,d@ matsxAp@l@k@ Ond@rstrom nar mer Individ@wAlizm@
fv600686,111.600,114.680,mer kOmfOrt mer prE+skwAlitE+tsb@wYstsE+n
fv600686,115.060,116.660,Iz ok nit an hEm vorbE+G@Gan
fv600686,117.210,118.310,hE+ wIl prajv@si
fv600686,118.740,119.620,IntimitE+t
fv600686,119.620,120.675,En vrE+hE+t
fv600686,121.380,124.020,hE+ heft mer Em_mer lAk an OrGAnisasireG@ls
fv600686,124.020,125.120,di-j-@t lev@n IN Grup
fv600686,125.120,126.320,ny enmal mebrEN@n
fv600686,126.320,127.700,b@vorbelt In rYsthY+z@n
fv600686,128.372,132.352,En d@ b@jard@ kist nit mer vrE+wIl@x for @n rYsthY+s_sElfs nit for @n sY:rvisflAt
fv600686,133.080,134.544,En In_ned@lAns@ sted@n
fv600686,134.544,137.810,stan hel@ v@rdipIN@n vAn v@zOrGINst@hY+z@n Ob dId oG@mblIk
fv600686,137.810,138.470,lex
fv600686,139.180,141.490,d@ wAxtlE+st@n vAn Onz@ rYsthY+z@n wOrd@n kOrt@r
fv600686,142.310,142.970,En
fv600686,142.970,145.770,@r zE+n Al_lexstand@ bEd@n In Grot@ sted@n En
fv600686,145.770,148.190,Ind@rdat ok_kOleGA dil@nz eft_tarOp x@wez@n
fv600686,149.070,150.880,d@ Gruj@nd@ AsErtivitE+t
fv600686,150.880,152.970,En zElvb@wYstsE+n vAn d@ b@jard@
fv600686,152.970,153.900,mar og d@ s
fv600686,153.900,155.600,pOz@tiv@ stimylAns@n En Ik
fv600686,155.600,156.700,v@rwE+z ir nar
fv600686,156.700,157.976,d@ v@rsxIl@nd@
fv600686,157.976,160.335,inisjAtiv@n di rets x@nom@ zE+n dor
fv600686,160.335,161.650,y vorGAN@rz In wElzE+n
fv600686,162.530,164.395,zowEl In d@ tY+sf@rzOrGIN Alz ok
fv600686,164.395,165.330,d@ Alt@rnAtiv@n
fv600686,165.830,167.470,kwa trAnsmyral@ OpfAN
fv600686,167.470,168.455,mar ok
fv600686,168.790,171.660,En spE+t@x_x@nux d@ pErmAnEnt@ tunem@nd@ dAxprE+s
fv600686,171.660,172.675,In di InstElIN@n
fv600686,172.675,173.900,hEb@ darOp @n Invlut
fv600686,174.940,177.800,En In @n diskysi OmtrEnt sY:rvisflAt mut mEn @rvAn Y+txan
fv600686,177.800,179.940,dAt_t@ Y+trYk@l@k@ vork2r vAn d@ b@jard@
fv600686,179.940,182.945,@rIn b@stat so lAN moG@l@k In zE+n E+G@ wonIN t@ blE+v@n
fv600686,183.240,185.136,Al@ syksEsfOr@vOl@ fOrmyl@s
fv600686,185.490,186.700,En_niw@ OntwIk@lIN@n
fv600686,186.700,187.910,wIl@n d@ b@jard@
fv600686,187.910,189.285,zo lAN moG@l@k tY+s
fv600686,189.285,191.428,zo nit_tOx sek@r In d@zElvd@ byrt
fv600686,191.754,192.364,lat@n
fv600686,192.744,195.160,mEt @n G@vArijert ambOt fAn dinst@nsEntrA
fv600686,195.160,196.150,tY+shYlp
fv600686,196.150,197.414,dAxf@rzOrGINsEntrA
fv600686,197.414,199.834,kOrtf@rblE+f premis for ampAzbar won@n
fv600686,200.324,202.600,En bE+ @t Y+twErk@n vAn @n b@jard@b@lE+t mut@ w@ dar
fv600686,202.600,204.345,t@rdeG@ mer_rek@nIN me hA+d@n
fv600686,204.940,206.786,vor @n wElG@Omsxrev@n Grup
fv600686,206.786,209.444,b@jard@n di @n E+G@n lev@nstE+l wEnst
fv600686,209.444,210.590,t@ b@hA+d@n
fv600686,210.590,211.974,nOx frE+ vAlid@ Is
fv600686,211.974,214.510,En_not heft an @n vE+l@xE+tsfulG@vul En
fv600686,214.510,215.594,dinstf@rlenIN
fv600686,215.594,218.035,Iz d@ sY:rvisflAt @n Gut Alt@rnAtif
fv600686,218.035,220.974,@r blE+ft @n Grot@ vrax trA+@s nar dez@ OpfANvOrm
fv600686,221.524,224.633,@t_tor d@ minist@r Y+tx@wErkt@ finAnsirINsmekAnizm@
fv600686,224.633,227.043,kOmt an @n antAl b@kOm@rnIs@n t@G@mut
fv600686,227.404,229.270,kApitalkrAxt@G@n mObile
fv600686,229.270,231.684,mObilizer@n hYn mId@l@n vor @n sosjal dul
fv600686,232.184,234.154,@t ov@rhE+dzbydZEt wOrd bE+na nit
fv600686,234.154,235.094,b@lAst
fv600686,235.094,236.975,E+G@l@k @n sImpAtik Y+txANspYnt
fv600686,237.624,239.594,OmtrEnt_t@ finAnsirINstExnik
fv600686,239.594,241.086,d@ finAnSel@ vAliderIN
fv600686,241.086,242.614,d@ ObrENst d@ b@huft@
fv600686,242.614,244.050,h@t fiskal reZim@
fv600686,244.050,245.144,d@ wonzek@rE+t
fv600686,245.144,246.950,En zElvz d@ etik fAn @t sistem
fv600686,246.950,247.884,zE+n vraG@n
fv600686,247.884,249.424,En d@r zE+n @r hir @n antAl G@stEmt
fv600686,250.144,252.409,y hEpt_trA+@nz ok Al dunbarhE+tstydis
fv600686,252.884,254.814,Em b@huft@nOnd@rzuk@n anG@kOnd@xt
fv600686,255.574,256.454,dIt plAn
fv600686,256.454,258.214,kAn vor [] b@palt sEGmEnt
fv600686,258.214,259.254,vorY+tsind@
fv600686,259.254,261.344,En b@Gud@ b@jard@n syksEs hEb@n
fv600686,261.844,265.574,kOleGA diz@n dil@nz b@vEst@xt_trA+@z dAt [] mArk_kOmfOrt sistem Is
fv600686,266.174,268.265,h@t kAn og d@ drYk Ob d@ wonINmArt
fv600686,268.924,269.804,dun Afnem@n
fv600686,270.244,271.394,dIt Op forward@
fv600686,271.834,274.364,dAt en En And@r envA+d@x En dY+d@l@k
fv600686,274.364,276.674,an d@ b@lANstEl@nd@ kAn ov@rG@brAxt wOrd@n
fv600686,278.314,280.684,kAn d@ v@le vlams@ r@GerIN And@rzE+ts
fv600686,280.684,281.994,vor mInd@rb@Gud@
fv600686,281.994,283.924,En zOrGb@huv@nd@ b@jard@n
fv600686,283.924,284.920,d@ Y+dbA+ vAn
fv600686,284.920,285.954,sY:rvisflAts
fv600686,286.330,288.584,bIn@n d@ sOsjal@ hY+sfEstIN nit Ond@rzuk@n
fv600686,288.974,290.954,ok_kO kOleGA dil@ns makt@ dar Alyzi Op
fv600686,291.774,293.565,ok rek@nIN hA+d@ mEd @t fE+t
fv600686,293.565,294.929,dAd Ob dId oG@mblIk
fv600686,294.929,296.000,E+G@l@k mar
fv600686,296.000,298.314,vE+f prosEnt fAn d@ sY:rvisflAdzb@won@rs
fv600686,299.134,301.174,Ond@rst2nt wOrd@n dor @t osejEmwe
fv600686,301.174,301.994,dYz E+G@l@k
fv600686,301.994,303.144,zE+n @r mar vE+f prosEnt
fv600686,303.144,304.831,di b@stansminimYm G@nit@n
fv600686,305.404,307.044,@t kOnsEpt fAn d@ sY:rvisflAt
fv600686,307.044,310.124,b@vAt en@rzE+ts @N G@delt@ hY+sfEstIN En And@rzE+ts
fv600686,310.124,311.554,@N G@delt@ v@rzOrGIN
fv600686,312.104,314.551,En h@t G@delt@ v@rzOrGIN Is E+G@l@k
fv600686,314.551,316.755,v@rhA+dINsx@wE+z@ tOx mar minimal
fv600686,317.754,320.504,h@d b@Antwort dYs E+G@l@k an @n zek@r@ loGikA
fv600686,320.940,323.364,Om d@ bA+ En @d b@her vAn sY:rvisflAts
fv600686,323.364,325.664,In d@ sfer vAn d@ hY+sfEstIN
fv600686,325.664,326.714,war @t AksEnt
fv600686,326.714,327.590,dY+d@l@k Op lIxt
fv600686,327.590,328.314,t@ sitywer@n
fv600686,329.020,330.675,d@ sY:rviz d@ dinstf@rlenIN
fv600686,331.004,331.884,kAn pErfEkt
fv600686,331.884,333.594,dor dinst@n vAm b@jard@nhYlp
fv600686,333.594,335.394,dor osejEmwez Of rYsthY+z@n
fv600686,335.394,336.954,wOrd@ G@OrGAnizert
fv600686,337.480,340.614,d@ vlams@ hY+sfEstINzmatsxApE+ En d@ ErkEnd@ v@notsxAp@n
fv600686,340.614,342.846,hEb@n @n trAdisi En @n_nA+hA+
fv600686,342.846,345.029,Opx@bA+t In hY+sfEstIN
fv600686,345.029,348.781,z@ Gev@n og blE+k fAn prOfESOnAlizm@ En kOst@nb@wY[]zE+n
fv600686,348.781,351.274,h@t sistem vAn sOSal@ hY+sfEstIN
fv600686,351.274,353.965,kEnt ok @n Grot@r@ IntErn@ sOlidAritE+t
fv600686,353.965,357.139,G@bAzert Op @n hyrprE+s In fYNksi vAn @d INkom@n
fv600686,357.139,358.358,d@ hyr
fv600686,358.358,360.929,vAn @n sY:rvisflAt kAn Alzo rets ny
fv600686,360.929,362.225,vOl simylasis
fv600686,362.225,364.659,nar neG@dY+z@nt frAN pEr mant x@brAxt wOrd@n
fv600686,364.659,366.475,bov@ndin
fv600686,366.475,370.158,blE+v@n dez@ sY:rvisflAts E+G@ndOm vAn d@ ov@rhE+t
fv600686,370.158,371.470,[] d@ vorzIt@r
fv600686,371.470,372.350,Ig b@slY+t
fv600686,372.350,373.279,En vAt sam@n
fv600686,373.939,376.249,d@ OrGAnizasi vAn sY:rvisflAts
fv600686,376.249,377.970,mut In @n bred@r@ kOntEkst
fv600686,377.970,380.219,G@platst wOrd@n vAn b@jard@nvorzinIN
fv600686,380.219,382.519,yw anG@kOnd@Gd@ b@lE+dzbrif
fv600686,382.519,383.630,m@vrA+ d@ minist@r
fv600686,383.630,385.150,zin w@ dAn ok xrax t@G@mut
fv600686,385.649,386.749,d@ OprIxtIN
fv600686,386.749,387.900,vAn sY:rvisflAts
fv600686,387.900,389.659,En d@ finjAnsirIN darvAn
fv600686,389.659,391.199,mAG darIn_nit Ondbrek@n
fv600686,391.799,395.969,lANz d@ G@E+G@nd@ reGl@mEnterIN En finAnsirIN vAn d@ sOSal@ hY+sfEstIN
fv600686,396.409,398.609,kAn @n_niw@ pist@ G@op@nt wOrd@n
fv600686,398.609,400.456,vor mInd@rb@Gud@ b@jard@n
fv600686,400.456,401.956,mEd And@r@ word@n
fv600686,401.956,403.939,d@ bA+ vAn sY:rvisflAts
fv600686,403.939,406.789,zA+ dAn erd@r its_sE+n vor hY+sfEstINswErk@rs
fv600686,406.789,407.449,erd@r
fv600686,407.449,409.368,dAn vor wElzE+nswErk@rs
fv600713,0.000,1.630,m@ner d@ minist@r y bEnt @
fv600713,1.630,5.220,vor @t @ b@pErkt mAndat In d@ tE+t @ zExt y
fv600713,5.220,10.950,ma In twej@n In twej@next@x Iz dAd Al In @n prOtokOl vAstx@lExt war wAxt mEn Op Om dAt E+nd@l@k @
fv600713,10.950,11.810,dor t@ vur@n
fv600713,12.200,14.560,@ war wAxt mEn Op Om Ob di mAnir
fv600713,14.560,16.870,d@ bejErtejEn mer slAxkrAxt_t@ Gev@n
fv600713,16.870,17.360,En
fv600713,17.360,18.350,In en ad@m
fv600713,18.350,20.538,@ Gat y dAn d@ politik@
fv600713,20.538,23.790,sxonmud@rs fAn d@ rat fAm b@styr mEten ok nar hY+s_styr@n
fv600713,23.790,24.880,En v@rvAN@n
fv600713,24.880,26.700,dor @n slAxkrAxt@G@r
fv600713,26.700,29.610,Em b@pErkt@r@ Grup vAn medijAspesjAlist@n
fv600713,29.610,31.750,Ik sAl In @d b@slY+t fAn mE+n replik
fv600713,31.750,33.997,m@ner vAn dInd@r@n darOp Antword@n
fv600713,34.880,35.700,Ik men dAt
fv600713,35.700,36.580,an d@ Omrup
fv600713,36.580,40.320,@n antAl mId@l@ zE+n v@rlent Om zIG dYs_sup@l En slAxfard@x
fv600713,40.320,41.190,Op t@ stEl@n
fv600713,42.290,43.560,@r mut_tys Ind@rdat
fv600713,43.560,44.870,wOrd@ naG@Gan
fv600713,44.870,47.950,Of reG@lGev@nd@ inisjAtiv@n_notsak@l@k sE+n
fv600713,47.950,49.540,Om d@ op@mbar@ Omrup
fv600713,49.540,51.470,nOx mer kAns@n t@ Gev@n
fv600713,51.470,51.960,Om In @t
fv600713,51.960,53.390,wE+z@G@nt medijAlAntsxAp
fv600713,53.390,55.150,zE+n rOl t@ kYn@ blE+v@ v@rvYl@n
fv600713,55.970,57.435,wAnt Ig bEn vAn ordel
fv600713,57.435,59.481,dAt nar anlE+dIN vAn dIt InsidEnt
fv600713,60.140,60.961,En @t Is wElIxt
fv600713,60.961,62.441,OnAfwEndbar
fv600713,62.441,62.991,dAt
fv600713,62.991,63.600,helas
fv600713,63.600,64.421,mer En mer
fv600713,64.421,67.001,dErG@l@k@ G@vAl@n zIx sA+d@n kYn@n vordun
fv600713,67.551,70.131,Al@s in @t wErk mut wOrd@n G@stElt
fv600713,70.131,72.110,Om d@ vlams@ op@mbar@ Omrup
fv600713,72.110,73.151,zo stErk
fv600713,73.151,74.581,En zo slAxfard@x
fv600713,74.581,77.187,moG@l@k t@ mak@n Ik Ep ser d@ Indryk
fv600713,77.187,79.631,dAt_t@ OmrupdirEksis
fv600713,79.631,81.831,b@rE+t war@n k Ep ni-j-Alen d@ Indryk
fv600713,81.831,83.151,k Ep @r d@ b@wE+z@n vAn
fv600713,83.151,85.681,dAt_t@ OmrubdirEksiz b@rE+t war@n
fv600713,85.681,87.920,Om tOt @n GlObal Akort
fv600713,87.920,90.451,ov@r d@ spOrtmAnifEstasis t@ kom@n
fv600713,90.451,91.821,En Ig b@tr2r darOm
fv600713,91.821,92.981,dAt_t@ G@sprEk@n
fv600713,92.981,94.950,nit wErd@n Afx@rOnt
fv600713,94.950,97.761,Ig b@GrE+b dAt @r spAnIN@n Op @t_tErE+n Optred@n
fv600713,98.141,99.841,OmdAt_t@ spOrtr@dAksis
fv600713,99.841,102.421,ir kom@ w@ ok an d@ kErn vAn t prOblem m@ner d@nE+s
fv600713,102.421,104.511,OmdAt_t@ spOrtr@dAksis
fv600713,104.511,105.451,@d bEst@
fv600713,105.451,107.421,vor Yn kE+k@rs wEns@n
fv600713,107.421,109.806,mar Ik_kAn mE+ tOx nit fAn d@ IndrYk Ondun
fv600713,110.280,113.901,dAt_tez@ spAnIN@n @t_tE+d@x AfrOnd@n vAn d@ b@sprekIN@n
fv600713,113.901,115.353,hEb@n b@lEt
fv600713,115.353,117.251,hu dAn ok bEn Ik fAn menIN
fv600713,117.860,119.620,dAd Om @d ev@ wElk@ stryktyr
fv600713,119.620,120.931,mAxt@los_stOnt
fv600713,121.371,122.581,vAnAv @d oG@blIg dAt
fv600713,122.581,124.171,en pArtn@r b@slIst At
fv600713,124.560,126.921,Om nit mer G@zam@l@k Op t@ tred@
fv600713,128.181,130.388,jA Om nit mer G@zam@l@k Op t@ tred@n
fv600713,130.760,131.845,wElk@ Omrup
fv600713,131.845,133.605,hAd bE+ ObOtprAktE+k@n
fv600713,133.605,134.111,t@ wIn@n
fv600713,134.501,135.931,d@ vrax is trA+@s
fv600713,135.931,136.971,Of @r vAndax
fv600713,136.971,138.840,@n Omrup wInar is
fv600713,138.840,139.831,d@ vrax stEl@n
fv600713,139.831,141.251,iz @t Antwort xev@n
fv600713,141.251,142.511,@t is neGAtif
fv600713,143.239,143.773,vor @t
fv600713,142.961,146.481,m@ner d@ mInIst@r d@ her vAn d@n E+nd@ wEnst y ev@nens kOrt_t Ond@rbrek@
fv600713,146.481,147.851,kOrt AS@blift
fv600713,147.851,148.901,m@ner d@ mInIst@r
fv600713,150.321,151.091,y
fv600713,151.091,151.960,lExt
fv600713,151.960,152.681,ir Y+t
fv600713,152.681,153.341,dAt
fv600713,154.001,156.091,y zExt @t nit mEt sovel word@n ma[]
fv600713,156.091,160.310,dor d@ fE+t@ dAt imAnt sE+n wort nit x@OnOrert eft
fv600713,161.311,162.741,En @
fv600713,162.741,163.804,t@nmInst@ an
fv600713,163.804,165.063,vlams@ kAnt
fv600713,165.701,167.543,En dAd_dIt f@rklart
fv600713,168.060,169.705,dAt @r Gen G@zam@l@k
fv600713,169.705,172.192,Akort wAs tYs@n d@ twe zEnd@rs
fv600713,172.192,173.842,En d@ vudbAlbOnt
fv600713,174.561,175.169,mar
fv600713,175.609,176.912,d@ vrax stElt sIG dAn
fv600713,176.912,178.512,u @t kOmt_tAt
fv600713,178.512,180.785,an frAnstal@G@ kAnt
fv600713,180.785,183.330,war d@ kO~flIktsitywasi
fv600713,183.330,184.712,tYs@ ErtejEl
fv600713,184.712,185.762,En ErtebejEf
fv600713,186.470,187.725,vel mInd@r
fv600713,187.725,189.052,G@spAn@n Is
fv600713,189.052,190.322,v@rmIts_s@ dar
fv600713,190.322,191.742,t@ mak@n Eb@ mEt @n
fv600713,191.742,192.350,@n
fv600713,192.350,194.395,kap@r Ob d@ kYst Y+t frANkrE+k
fv600713,194.395,195.092,tejEfY~
fv600713,195.752,197.072,dAt og dar
fv600713,198.502,200.480,@r slExs @n Akort mEt
fv600713,200.480,202.840,en vAm bE+d@ zEnd@rs x@trOf@ wErt
fv600713,202.840,203.722,En dAn_nOx mEt
fv600713,203.722,206.243,d@ op@mbar@ Omrup mEt_t@ ErtebejEf
fv600713,207.182,210.152,dAt lE+kt mE+ tOx @n vrE+ vremd@ sitywasi
fv600713,210.152,211.912,dAt mEn an frAnstal@G@ kAnt_tAn
fv600713,212.402,213.120,d@ #
fv600713,213.120,215.152,tsElvd []@tsElvd@ zIx Afspelt
fv600713,215.152,215.862,mar
fv600713,215.862,217.890,dAn OmG@kert nam@l@g dar
fv600713,217.890,218.772,halt_t@
fv600713,218.772,220.042,op@mbar@ Omrup
fv600713,220.042,220.972,d@ bY+d bIn@
fv600713,126.212,127.709,[]
fv600718,0.000,2.714,m@ner @ d@ minist@r kOleGAs
fv600718,4.332,6.881,Ik_kAn tOx nit OntfE+nz@n dAd Ik
fv600718,6.881,9.115,bizOnd@r t@l2rG@stEld bEn
fv600718,9.115,12.265,wAner @m_m@nist@r b@vuxt for d@ medijA
fv600718,13.605,14.734,na @n debAt
fv600718,14.734,17.278,warIn Al@ pArtE+@ zE+n tys@G@kom@n
fv600718,17.278,18.971,@rIn slaxt
fv600718,18.971,21.155,@n Antwort for t@ lez@n
fv600718,21.155,24.219,dAt xIst@r@n Op sE+N kAbinEd Is forb@rE+t x@wOrd@n
fv600718,25.429,27.495,Ik stEl vAst m@ner d@ minist@r
fv600718,27.495,31.004,dAt y Op @n antAl krySal@
fv600718,31.004,34.860,pynt@n di ir vAndax nar vor zE+N G@kom@n Als minist@r
fv600718,34.860,37.645,Gen Antwort hEpt x@Gev@n
fv600718,37.645,40.079,@t sAl y tOx nit Ontxan zE+n
fv600718,40.079,43.004,dAt_t@ vorzIt@r vAn d@ EspefrAksi
fv600718,43.004,45.058,ir Is kom@ plE+t@
fv600718,45.058,47.892,vor d@ pist@k2lers nam@l@k
fv600718,47.892,50.356,@t so snEl moG@l@k
fv600718,50.356,53.181,Invur@ vAn d@ r@klam@blOk@
fv600718,53.181,54.707,Ob d@ op@mbar@ Omrup
fv600718,54.707,57.171,En y slaxt @rIn In yw replik
fv600718,57.171,59.865,Als minist@r vAN kyltyr b@vuxt for d@ medijA
fv600718,59.865,61.498,hir nit Op t@ rejAGer@
fv600718,61.498,64.503,wAt mE+ b@trEft Em_mE+n frAksi Iz dAt OndYldbar
fv600718,65.263,66.377,twe
fv600718,66.377,69.872,wE+ Eb@n @n vrax_x@stElt In v@rbAnt mEt @t prOblem
fv600718,69.872,71.755,vAn d@ vrE+@ niwsxarIN
fv600718,71.755,75.492,E wE+ Eb@ G@zExt_tAt @r @m prOblem is for Onz@
fv600718,75.492,78.948,Y+tstek@nd@ spOrtr@dAksi vAn d@ op@mbar@ Omrup
fv600718,78.948,81.381,di zoAls kAr@l hY+brExs t@rExt sE+
fv600718,81.381,85.629,nar @n tErminal@ sitywasi Gat En Onz@ vrax wAz ir zer kONkret
fv600718,85.629,89.936,bEnt y b@rE+t Om @ wEtxev@nt inisjAtif t@ nem@ Om t@m_mInst@
fv600718,89.936,91.448,d@ kOrt@
fv600718,91.448,95.095,b@rIxtxevIN t@ warbOrG@ an d@ op@mbar@ Omrup
fv600718,95.095,99.382,Al dAn_nit_teG@ b@talIN dAd Intr@sert mE+ nit mar dAt wE+ zo snEl moG@l@g dun
fv600718,99.382,101.766,wAd In dY+tslAnt kAn And@rs heft
fv600718,101.766,104.511,@t EksklyzivitE+tkOntrAkt_tOt x@vOlx
fv600718,104.511,106.468,dAt Ob_beErteEn
fv600718,106.468,110.385,In @t ram vAn @t kOnflIkt_tAt nit fAN Gist@r@n Is mar Al_lAN sm2lt
fv600718,110.385,111.585,En dAt y blE+gbar
fv600718,111.585,113.249,total hEpt Ond@rkEnt
fv600718,113.249,116.465,dAd Y+tE+nd@l@k Onz@ op@mbar@ Omrup f@rstok@ zAl zE+n
fv600718,116.465,117.964,vAn spOrtf@rslAxevIN
fv600718,117.964,120.478,En Al d@Gen di GeN kab@lkE+k@rs_sE+n
fv600718,120.478,121.915,En d@r zE+n @r In dIt lAnt
fv600718,121.915,124.551,dAt AluwEl h@d mezd b@kab@ld@ Is fAn 2ropA
fv600718,124.551,126.261,tOx nOx zer vel@n
fv600718,126.261,129.938,m@ner d@ minist@r Ik Eb ok x@mErkt d@ vorbE+@ daG@n
fv600718,129.938,131.500,dAt y E+G@l@k
fv600718,131.500,135.718,dar war dAt y tE+d@z d@ b@sprekIN vAn @t kab@ldekret mE+ v@rkEt@rt hEp
fv600718,135.718,139.805,tun Ik sprAk vAn d@ OprIxtIN vAn @m bE+kom@nt kOmErsjel stAsjOn
fv600718,139.805,141.317,dAt Op @t mOmEnt
fv600718,141.317,142.950,dAt feteEm stA+t Is
fv600718,142.950,144.993,Op @t momEnt_tAt feteEm
fv600718,144.993,147.461,yw ov@rlExsenarijo nit mer vOlGd@
fv600718,147.461,148.870,Ob dAt momEnt sExt y
fv600718,148.870,152.306,wEl jON@s ny Gan w@ dA rEm r@klam@monopoli dorbrek@
fv600718,152.306,155.181,dAt hEpt y dInzdAxmOrG@t Ob d@ radijo In vor d@ dAx
fv600718,155.181,156.966,G@stElt En y hEpt_tA s av@s
fv600718,156.966,158.599,tryx@trOk@n In @ kOmynike
fv600718,160.619,161.518,dri
fv600718,161.518,162.380,dri
fv600718,162.380,166.687,En dAd Iz d@ kONklyzi vAn @d_debAt m@ner d@ minist@r mOxt y @t nid b@Grep@ hEb@n
fv600718,166.687,169.742,y wAz d@ vorbE+@ twe jar d@ G@vAN@n@
fv600718,169.742,171.575,vAn d@ twe Omrup@
fv600718,171.575,172.847,vAn d@ kOmErSel@
fv600718,172.847,174.500,E vAn d@ op@mbar@
fv600718,174.500,176.984,Ik Ep fAndax In @d_debAt x@lert
fv600718,176.984,179.047,dAt y d@ G@vAN@n@ zE+t x@wOrd@
fv600718,179.047,181.812,vAn d@ twe Grot@ merd@rhE+tsfrAksis
fv600718,181.812,184.355,d@ sevepe plE+t for @m bE+styrIN
fv600718,184.355,185.887,vAn @t medijAb@lE+t
fv600718,185.887,187.590,d@ sevepe plE+t
fv600718,187.590,189.874,vor @n_niw OmrupstAtyt
fv600718,189.874,192.007,d@ sevepe zExt Eksplisit
fv600718,192.007,194.472,Gen reklam@ vor d@ televiziOmrup
fv600718,194.472,197.266,d@ EspefrAksilE+d@r kOmd ir stEl@
fv600718,197.266,199.700,dAt_t@ hY+d@G@ stryktyr bEzd b@hA+d@ blE+ft
fv600718,199.700,201.744,dAt @t Amt@nar@stAtyt hE+l@G Is
fv600718,201.744,204.008,En dAd Y+tE+nd@l@k aNG@zin Al@s mislopt
fv600718,204.008,205.340,wE+ mar mut@ zOrG@
fv600718,205.340,206.893,dAt @r mer mid@l@ kom@
fv600718,206.893,208.767,En dut_tAt vijA r@klam@
fv600718,208.767,210.079,Ik sEx y
fv600718,210.079,211.492,Ik sEx y
fv600718,212.142,213.856,Ik sEx y m@ner d@ minist@r
fv600718,213.856,217.192,In dez@ Egzekytiv@ Is Gen medijAb@lE+t mer
