fv400032,1.040,2.200,juri kAn j@ mE+
fv400032,2.200,4.840,zEG@ wAt_t@ kESflow Is fAn d@ vE+v@ndErt@xi
fv400032,7.030,8.120,u kOm j@ daran
fv400032,13.244,14.174,jA
fv400032,14.174,18.234,Iz dYs Axt@ntwInt@GdY+z@nt hOnd@rt fE+v@ntwInt@x
fv400032,18.674,21.304,2ro En vor d@ Axt@ndErt@xi juri
fv400032,30.524,31.564,vE+fhOnd@rt
fv400032,31.894,32.444,jA
fv400032,33.264,34.204,2ro E
fv400032,35.964,41.344,dYs ny kEn@ w@ d@ kESflow vAn d@ twej@ndErt@x d@ vE+v@ndErt@x En d@ Axt@ndErt@xi
fv400032,41.834,43.214,hel@ And@r@
fv400032,43.214,46.784,b@draG@ zE+n dAt Als wInst na b@lAstIN nOGAl_loGIs
fv400032,46.784,48.924,wAnt_t@ AfsxrE+vIN@ zE+n @rbE+ G@kom@
fv400032,50.134,51.294,ny
fv400032,51.294,53.814,ev@tj@s Ons slOdb@slY+t
fv400032,53.814,55.684,vAn dIt pYntS@ kESflow
fv400032,55.684,57.224,Gat_t@ kESflow
fv400032,57.224,59.364,id@r jar d@zElvd@ zE+n
fv400032,63.288,68.897,kAtrin jE+ zExt ne dYz d@ twej@ndErt@xi w@ Gan @z b@kE+k@ di Gat fE+f jar G@brY+kt wOrd@
fv400032,69.888,71.647,wAt xat @r dAn v@rsxIl@nt sE+n
fv400032,79.521,80.621,jA
fv400032,81.090,83.531,d@ twej@ndErt@xi wOrt fE+f jar G@brY+kt
fv400032,83.531,84.131,ja
fv400032,84.131,85.891,j@ kAn d@ kESflow
fv400032,85.891,88.851,zAl j@ di id@r jar mut@ Gam b@rek@n@
fv400032,89.621,91.185,Gat_ti id@r jar
fv400032,91.185,93.521,@tsElvd@ zE+n Ov idz And@rs_sE+n
fv400032,98.370,99.080,warOm
fv400032,104.168,106.918,y AfsxrE+vIN Gat_ti id@r jar v@rsxIl@nt sE+n
fv400032,113.911,117.151,ja ny stat mE+n fOrmyl@ nit mer am bOrt ma d@ AfsxrE+vIN
fv400032,117.921,120.011,di blE+v@ id@r jar @tsElvd@
fv400032,122.051,123.091,warOm
fv400032,123.091,124.471,Ga @ns na Ga ny
fv400032,124.471,126.171,y ObrENst@
fv400032,126.941,128.371,Gan di And@rs_sE+n
fv400032,129.141,130.011,d@ Y+[]
fv400032,130.011,131.831,j@ v@rtrEkt fAn d@ Opxav@
fv400032,133.091,133.581,ne
fv400032,133.971,135.511,yw EksplwAtasikOst@
fv400032,137.614,140.304,Gan di v@rsxIl@nt sE+n id@r jar Eb@ z@ id@r jar @n v@rs
fv400032,140.304,141.184,ne
fv400032,141.184,145.414,E zE+ Eb@ dar @ G@mId@ld@ G@nom@ AfsxrE+vIN@ zE+n @tsElvd@ zEx j@
fv400032,145.414,148.874,b@lAstIN@ zE+n id@r jar fert@x prosEnd_dYs di Gan ok id@r jar
fv400032,150.354,151.284,dYs
fv400032,151.284,153.264,mar d@r Gat en
fv400032,155.344,159.558,jar zE+n warIn d@ kESflow tOx f@rsxIl@nt xat sE+n dA hEb@ w@ Al G@zExt
fv400032,159.844,162.314,@t latst@ jar nam@l@k wAt x@b2rt @r dAn
fv400032,164.844,170.994,dAn kOmt_t@ v@rkopward@-n-@rbE+ @t latst@ jar Op @t E+nd@ vAn @t fE+vd@ jar wAt x@b2rt @r mEt_ti twej@ndErt@xi
fv400032,170.994,172.034,dAn wOrt_ti
fv400032,173.134,175.054,v@rkOxt En dA b@tek@nt @n
fv400032,177.134,178.514,Gen wInst @n
fv400032,179.174,181.644,ObrENst En @n ObrENst Iz @n OntfANst
fv400032,182.194,184.944,En @n OntfANst wOrd b@trOk@ In d@ kESflow
fv400032,184.944,187.414,dYs dAn Gat_t@ kESflow
fv400032,188.784,190.164,stE+G@n In Ons x@vAl
fv400032,190.164,191.154,ja
fv400032,191.154,192.634,dYs j@ mut OplEt@
fv400032,192.634,196.264,zolAN d@ OntfANst@ En d@ Y+txav@n @tsElvd@ blE+v@ Oke
fv400032,196.264,199.394,mar mEt Al@ vAst@ AktivA warme wE+ Gan wErk@
fv400032,199.394,201.914,Ga j@ Im prInsip@ @n rEstward@ hEb@n E
fv400032,201.914,203.742,Elk fAzd Aktif
fv400032,203.742,207.360,h@t kAn tOx AltE+t nOx for its f@rkOxt wOrd@n E
fv400032,207.360,212.202,ja dAt sAl j@ wEl zin Y+t_t@ Opxav@ wAnt_tA wOrd@ El@lAN@ Opxav@ dA wOrt wer @n el v@rhal
fv400032,212.972,215.612,Ga jE+ dYs AltE+t xut mut@ nakE+k@
fv400032,215.612,217.802,wAt Gat @r id@r jar v@rAnd@r@
fv400032,218.412,220.222,Em_mestAl v@rAnd@rt @r
fv400032,220.222,223.132,G@dyr@nd@ di OpenvOlG@nd@ jar@n_nit fel
fv400032,223.132,224.172,bY+t@
fv400032,224.172,226.212,@t fE+t_tAt j@ rek@nIN mut hA+d@
fv400032,226.212,230.442,dAt @t latst@ jar dAt fAst Aktif tOx wEl Gat f@rkOxt wOrd@
fv400032,230.442,232.312,vor @m b@pald@ rEstward@
fv400032,232.312,233.362,jA
fv400032,233.862,238.862,ny Is @d bE+ sOm@G@ vAst@ AktivA Al zo dAt hor j@ ny sOms wEl In d@ AktywAlitE+t
fv400032,238.862,241.002,dAt sOm@G@ vAst@ AktivA
fv400032,241.002,243.610,nit kYn@ v@rkOxt wOrd@ Op @t E+nd@
fv400032,243.610,250.230,vAn hYN kArjE:r@ lad Ons mar zEG@ mar dAt [] zElfs nOx kOst@ Om Op t@ rY+m@ wAnt mAx j@ zomar its wExoj@ teG@word@x
fv400032,251.710,252.640,krIstOf sEx ja
fv400032,254.130,255.280,a
fv400032,256.100,257.630,ma Ofisjel mAx tA
fv400032,258.230,264.500,ne j@ mut_tAt Ob @n leGal@ mAnir OprY+m@ j@ mut_tAt lat@ OprY+m@ evEntywel AfANk@l@k
fv400032,264.500,265.660,vAn @t fE+t Of @t
fv400032,265.660,268.130,G@varl@k mAt@rjal Iz Of ni ma dAm_mut j@
fv400032,268.130,270.170,wErk@l@k nOx In di sEktOr zIt@n E
fv400032,270.170,272.640,dYs w@ Gan dAd @m betj@ OpsxrE+v@
fv400032,272.640,274.790,j@ mAx tAd OpsxrE+v@ bE+
fv400032,274.790,276.550,dAt Is t Antwort Op frax Ef
fv400032,276.550,279.460,dYz Iz d@ kESflow id@r jar d@zElvd@
fv400032,279.460,282.150,kAn j@ OpsxrE+v@ v@rmIts w@ Y+txan
fv400032,283.740,286.100,vAn @N G@mId@ld@ anslAxfut
fv400032,298.730,301.040,di AltE+t x@lE+g blE+ft hE wAnt
fv400032,301.040,306.420,dAt Is In wErk@l@khE+t wEl nit AltE+t so wAnt_ti b@lAstINtAriv@ di wE+z@G@n_nOGAl @ns x@reG@lt
fv400032,312.630,314.990,darOm sxrE+v@ w@ t @r Eksplisid bE+ hE d Is
fv400032,314.990,317.570,v@rmIts w@ Y+txan vAn @N G@mId@ld@ anslAxfut
fv400032,318.170,321.020,di AltE+t x@lE+g bE+f blE+ft En G@mId@ld@
fv400032,322.560,324.260,jarl@ks@ ObrENst@
fv400032,330.570,333.760,En G@mId@ld@ jarl@ks@ EksplwAtasikOst@
fv400032,344.420,348.100,En v@rmIts w@ id@r jar @tsElvd@ b@drAx AfsxrE+v@
fv400032,348.100,350.020,dAt hEb@ w@ AltIt so G@dan E
fv400032,364.160,367.108,zAl d@ kESflow vor d@ GAns@ dyr vAn @t prOjEkt
fv400032,367.108,368.280,G@lE+g blE+v@
fv400032,375.090,376.400,zAl d@ kESflow
fv400032,379.040,380.740,vor d@ GAns@ dyr vAn t prOjEkt
fv400032,381.240,382.500,G@lE+g blE+v@
fv400032,383.700,384.690,mar
fv400032,388.856,389.846,G@lE+g blE+v@
fv400032,395.836,397.096,mar s
fv400032,397.096,399.186,ENk@l vor @t latst@ jar
fv400032,402.873,403.973,dAz d@ bEl
fv400032,404.633,405.437,noter
fv400032,405.437,407.213,ENk@l vor @t latst@ jar
fv400032,407.213,408.923,wOrt d@ kESflow
fv400032,408.923,409.973,v@rhoxt
fv400032,410.523,412.613,mEt_t@ G@rekyp@rerd@ rEstward@
fv400032,413.543,415.538,hE di v@rkopward@-n-E
fv400032,423.273,426.463,ENk@l vor @t latst@ jar wOrt_t@ kESflow v@rhoxt
fv400032,426.953,431.293,mEt d@ G@rekyp@rerd@ rEstward@ Of v@rkopward@
fv400032,435.953,440.843,zOrx dAt j@ teG@ mOrG@ wet hu j@ kESflow b@rek@nt E wAnd And@rs kAn Ik nit fErd@r or
fv400032,5.024,7.104,AG@ntwInt@GdY+z@nt hOnd@rt fE+v@ntwInt@x
fv400032,8.810,12.980,AxtindY+z@nt_twehOnd@rt fE+ft@x plYs neG@dY+z@nt []hOnd@rt []
fv400032,21.667,22.377,@
fv400032,22.377,23.097,[]
fv400032,23.097,27.597,en@ntwInt@GdY+z@nt_trijOnd@rt fE+v@nsev@nt@x plYs tindY+z@nt hOnd@rt fE+v@ntwInt@x
fv400032,27.597,29.897,dYs en@ndErt@GdY+z@nt fE+fhOnd@rt
fv400032,31.820,33.250,en@ndErt@GdY+z@nt fE+vOnd@rt
fv400032,62.196,62.856,ne
fv400032,73.144,75.334,d@ kESflow vAn @t jar darOp
fv400032,75.334,76.164,o
fv400032,76.164,77.577,@
fv400032,77.577,79.555,[] Gat f@rsxIl@nt sE+n Gat
fv400032,94.312,95.742,di Gat id@r jar
fv400032,95.742,97.932,@ mer tunem@n
fv400032,100.129,101.562,OmdAt y AfsxrE+vIN@
fv400032,102.492,103.762,hoG@r wOrd@ ni
fv400032,109.834,110.851,[]
fv400032,112.752,114.512,mE yw_wInst En d@ b@lAstIN@
fv400032,117.049,118.639,di blE+v@n @tsElvd@
fv400032,119.607,121.967,ma yw_wInst [] b@lAstIN@ stE+G@ tOx E
fv400032,123.597,125.087,[] wInst mak@n
fv400032,132.430,133.112,ne
fv400032,136.488,137.478,@ ja
fv400032,139.683,141.173,a nen_ne ne [] []
fv400032,149.471,150.631,@tsElvd@ blE+v@
fv400032,158.816,159.746,@t latst@
fv400032,162.397,164.707,[] d@ v@rkopward@ []
fv400032,172.583,173.512,v@rkOxt
fv400032,175.721,177.167,[]
fv400032,178.143,179.463,ObrENst
fv400032,187.965,189.225,stE+G@n
fv400032,252.731,253.611,[] ni zin
fv400032,253.611,255.311,#
fv400032,387.219,388.649,GAns@ dyr vAn @t prOjEkt
fv400032,421.688,423.508,[]
fv400034,0.000,4.981,zo g dENg dAt j@ vOldund@ tE+t Ept x@hAt Om di zIn@n an t@ vYl@n
fv400034,6.253,9.900,dAn zE+n w@ ok ev@ stIl blE+v@ stan bE+ t stAndbelt
fv400034,9.900,12.850,dAt j@ zit Afx@belt Ob d@ teve
fv400034,12.850,15.670,k ob dAt_t@ mEns@ t Axt@ran ok @ betj@ kYn@ zin
fv400034,15.670,20.384,warOp w@ di twe fihyr@n Eb@ zin stan di @n zer b@lAN@rE+k@ rOl Eb@ G@spelt
fv400034,20.384,22.767,In d@ G@sxid@nIs fAn brYG@
fv400034,22.767,26.717,j@ must_t@ nam@n anvYl@n Ob d@ mArt si j@ @t stAndbelt fAn
fv400034,27.634,29.101,jAn brE+d@l
fv400034,29.909,33.999,En pit@r d@ konINk Ind@rdat [] [] di nam@n_nOG ev@n Ob_bOrt sxrE+v@n
fv400034,49.335,51.981,w@ hEb@ jYli ok x@vraxt wi war@ z@
fv400034,54.284,57.102,wEl jAn brE+d@l di v@rkOxt
fv400034,57.102,62.885,vles an @t flams@ leG@r k xa j@ dar strAks nOx its mer ov@r zEG@n dYz di v@rkOxt vles
fv400034,62.885,64.765,an @t flams@ leG@r
fv400034,68.342,70.232,En pit@r d@ konINk
fv400034,72.363,75.731,di wAs dek@n vAn d@ wev@rs
fv400034,76.865,80.130,@n dek@ b@tek@t E+G@l@k @n vorzIt@r vAn d@ GIld@
fv400034,80.130,83.724,[]s Al@ wev@rs fAn hel d@ stAd brYG@ v@rzam@ld@n zIx
fv400034,84.823,88.845,En @r wAs en imAnt di d@ lE+dIN hAt ov@r di Grup En dA wAz d@ dek@n
fv400034,88.845,91.010,d@ dek@ hir wAs pit@r d@ konINk
fv400034,93.725,96.853,di mEns@ hAd@ dYs @n b@lAN@rE+k@ rOl G@spelt
fv400034,96.853,98.309,zoAls @k Al zE+
fv400034,98.309,102.009,In v@rbAnt mEt d@ GYld@spor@slAx
fv400034,102.009,102.959,ja
fv400034,102.959,105.807,di b@slExt wErt In dErtinhOnd@rd En twe
fv400034,106.735,109.418,zE+ Eb@n E+G@l@k [] fOlk anG@vurt
fv400034,109.418,111.684,tE+d@z d@ strE+t_teG@ d@ frAns@n
fv400034,115.861,119.642,nast di twe beld@n Eb@ w@ ok ev@n @ kE+kj@ G@nom@n Ob di vir
fv400034,119.642,123.120,friz@n di j@ Afx@belt sAx Op @t stAndbelt sElf
fv400034,124.048,128.967,En Elk fAn di friz@ stEld@ @m b@lAN@rE+k@ G@b2rt@nIs for In d@ G@sxid@nIs fAn brYG@
fv400034,128.967,131.510,[]s wAt stEl@ z@ vor h@t erst@
fv400034,132.713,134.123,t wAs
fv400034,134.123,137.387,ja [] [] tA x@vOnd@ kAr@lin Gel Gut brYGs@ mEt@n
fv400034,147.258,151.967,d@ datYm_mAx j@_@r og bE+ sxrE+v@n dAt wAs In dErtinhOnd@rd En twe mar dAn wEl vor
fv400034,151.967,154.098,d@ Ext@ GYld@spor@slAx
fv400034,154.923,156.881,k sAl y nit_t@ vel v@rtEl@n ov@r
fv400034,156.881,160.043,Al wAt @r G@b2rd@ tun OmdAt @r dar nOx @ spesjal@ lEs
fv400034,160.043,162.621,an G@wE+t wOrt @m betj@ lat@r In d@ kYrsYs
fv400034,162.621,166.230,[]s []@ brYGs@ mEt@ wAz @t erst@ dAn d@ slAx sElf En di nam
fv400034,166.230,168.155,di wet j@ nOx wEl hop Ik Els
fv400034,170.354,171.591,nen
fv400034,172.632,175.073,jA GYld@spor@slAx
fv400034,182.342,184.301,En di wErt x@vOxt@n
fv400034,186.019,189.422,Ob d@ dAx warOp w@ ny nOx stets d@ vlams@ festAx fir@n
fv400034,189.422,193.463,E w@ hEb@ dAt_tun ok x@vraxt a jYli di vrE+dAx wet j@ dAt nOx
fv400034,196.969,199.306,hel Gut Elf jyli
fv400034,199.306,201.402,In dErtinhOnd@rd En twe
fv400034,202.983,204.100,Elf jyli
fv400034,205.304,206.921,dErtinhOnd@rd En twe
fv400034,209.265,212.014,dAn Eb@ w@ nOx d@ dErd@ vorstElIN
fv400034,212.014,213.699,Ob dAt stAndbelt
fv400034,215.795,217.926,d@ t@rYxker vAn d@ brYG@lIN@n
fv400034,217.926,221.466,t wAs_sOmz mujl@k t@ vInd@n e d@ t@rYxker vAn d@ brYG@lIN@n
fv400034,222.428,224.215,na d@ slAx dYs
fv400034,228.085,230.250,d@ t@rYxker vAn d@ brYG@lIN@n
fv400034,233.103,236.127,na d@ slAx na h@t x@vExt
fv400034,236.127,238.121,ok In dErtinhOnd@rd En twe
fv400034,244.101,246.026,En Alz latst@
fv400034,246.026,247.985,d@ stOrmlop
fv400034,249.738,251.147,Ob d@ pev@l@nbErx
fv400034,258.247,260.103,In dErtinhOnd@rd En vir
fv400034,276.738,279.679,@r stOnd@n ok fir wap@sxIld@n Afx@belt
fv400034,279.679,282.223,Op @t stAndbelt fAn d@ vir
fv400034,282.223,285.969,b@lAN@rE+kst@ vlams@ sted@n In di tE+t
fv400034,285.969,288.478,wElk@ hord@ darbE+ kArolin
fv400034,290.024,292.396,primA brYG@ GEnt
fv400034,294.596,295.970,kOrtrE+k
fv400034,297.998,299.201,En ip@r
fv400034,305.342,308.340,[]s tOt_tar h@t stAndbelt
fv400034,308.340,311.026,dAn Eb@ w@ d bElfOrt sElf En d@ hAl@
fv400034,311.026,314.303,j Ept moG@ sxAt@n_nar hu hox @d bElfOrt wAs
fv400034,314.303,317.672,mar Ik hEp jYli dAn @t EgzAkt@ G@tAl G@Gev@ dA sA+ ONG@ver
fv400034,319.210,321.685,zev@n@neG@t@x met@r hox sE+n
fv400034,323.197,327.090,j@ zit_ti tor@ trA+@s nOx @s Afx@belt an d@ lINk@rkAnt
fv400034,328.775,332.726,bov@ d@ tuGANsport si j@ @n bAlkOn wartu dind@ dIt bAlkOn
fv400034,336.576,338.569,ja Ind@rdat Om wEt@n
fv400034,340.562,342.901,t@ v@rkOnd@G@n num@ z@ dAt
fv400034,342.901,344.756,Om wEt@n t@ v@rkOnd@G@n
fv400034,347.436,349.980,mar nAtyrl@k hAt_tAd bElfOrt
fv400034,349.980,353.416,mer b@lAN dAn Alen Om wEt@n Af t@ kOnd@G@n
fv400034,353.416,356.235,mar In dAd bElfOrd bov@nan
fv400034,356.235,360.222,hAN@n @r En hIN@n @r ok Ob dAt mOmEnt Grot@ klOk@n
fv400034,360.222,364.478,di klOk@ war@ zer b@lAN@rE+k sElfs In @t_taG@l@ks@ lev@ vAn di mEns@n
fv400034,364.478,367.021,wAnt Als @r G@fest wErt dAn
fv400034,367.021,371.008,lit mEn di klOk@ lY+d@n Als @r b@vorbelt x@var wAs fAn brAnt
fv400034,372.291,374.307,dAn lY+d@ mEn og di klOk@n
fv400034,374.307,376.775,Als @r b@vorbelt x@var wAs fAn stOrm
fv400034,376.775,381.213,Of_fAn orlOx dAn lit mEn di klOk@ lY+d@n En dAn wIst@ d@ mEns@n dA s@ Op must@ pAs@n I
fv400034,381.213,383.243,ny hEp j@ ok soits
fv400034,383.243,386.360,t sE+n_ni mer d@ klOk@ di lY+d@n Als @r G@var drE+xt
fv400034,387.284,390.686,mar wAt x@brY+k@ z@ ny Om d@ mEns@ t@ warsxyw@n Op x@var
fv400034,390.686,392.639,En dAt wOrt nOrmal G@zin
fv400034,392.639,395.103,hir tOx Elk@ wek x@uf@nt
fv400034,395.103,396.890,wet@ jYli dAt
fv400034,396.890,399.914,k won @r vlAgbE+ dYs Ik hor @t wEl hel Gut
fv400034,401.426,403.660,di sirE:n@ vAn bE+ d@ pOlisi e
fv400034,403.660,406.146,di Gan z@ Elk@ wek Is lat@ luj@n
fv400034,406.146,408.994,En Als @r dYs x@var drE+xt ha z@ dAt lat@n
fv400034,408.994,411.700,luj@n zodan@x dA w@ wet@ dA w@ mut@n OpAs@n
fv400034,412.968,417.123,nOx en vraxj@ Ob di blAtsE+d@ nar wElk@ kAnt hElt @t bElfOrt ov@r
fv400034,417.123,419.442,nar wElk@ strat wAz dAt Grit
fv400034,419.442,422.801,d@ wOl@strat t wort sExt @t sElv e
fv400034,422.801,426.316,k Ep j@ darstrAks it f@rtElt ov@r lak@n
fv400034,426.316,430.549,kAn j@ ny di nam wOl@strat f@rbInd@ mEt_tAt lak@n
fv400034,431.634,433.885,[]s tEst@n Ov dA j@ Gut x@lY+st@rt Ept
fv400034,433.885,436.328,hu kAJ_J@ di nam lak@n
fv400034,436.328,439.384,v@rbInd@n mEt d@ wOl@strat
fv400034,441.600,442.784,uj
fv400034,444.333,446.533,prOber @s sOfi
fv400034,448.595,449.938,Ind@rdat e
fv400034,449.938,456.293,di lak@ns wErd@ G@makt fA wOl d@ wOl@strat wAz d@ plats war mEn d@ wOl GIN Opslan vordAt m@n z@ GIN v@rwErk@n
fv400034,456.293,457.393,dAd Iz @t
fv400034,457.393,462.860,dAn Eb@ w@ de prOvInSal Guv@rn@mEntsx@bA+ []s an d@ ost@l@k@ zE+d@ vAn d@ mArkt
fv400034,462.860,466.604,stan @t prOvEnSal hOf En @t pOstkAntor
fv400034,466.604,469.903,warOm krE+G@ di G@bA+@n d@ tit@l wat@rhAl@
fv400034,469.903,472.103,t wort sExt @t sElf
fv400034,473.433,474.990,wat@rhAl@
fv400034,476.526,478.289,ja En E+G@l@k nOx AltE+t
fv400034,478.289,481.539,dYs Ond@r d@ G@bA+@n lopt d@ rE+@
fv400034,482.678,486.834,dAd Iz d@ wat@rwEx di zIx E+G@l@k Om hel brYG@ b@vInt e
fv400034,486.834,490.271,[] E+G@l@g d@ stAt AfsxE+t fAn d@ Omwon@nd@n
fv400034,490.271,493.983,[]s Ond@r d@ G@bA+@n lopt d@ rE+@
fv400034,498.886,501.131,ny wAt GIN mEn dar vruG@r dun
fv400034,503.615,508.331,zoAls ok wer hir In ip@r e dA xa w@ nOx b@kE+k@n Op Onz@ mId@lews@ wAnd@lIN dor ip@r
fv400034,508.331,510.031,an d@ lak@nhAl@n
fv400034,510.031,511.348,vruG@r war@n
fv400034,511.348,513.298,d@ G@bA+@n op@n Ond@ran
fv400034,513.298,515.550,En dAn kOn mEn vAn Op @t wat@r
fv400034,515.550,517.046,bIn@var@n
fv400034,517.046,520.870,Ond@r di wat@rhAl@ Of hir Ond@r d@ lak@nhAl@
fv400034,521.653,524.856,mEt xYn mAt@rjal mEt xYn prOdYkt@n
fv400034,524.856,526.873,dAt hAt @n vordel e
fv400034,527.716,532.406,warOm_must@ di mEns@ bIn@nvar@n Ond@r d@ hAl@ E warOm kOn mEn nit x@won bY+t@ stOp@n
fv400034,532.406,535.717,En dar Al@ Gud@r@n an d@ kAnt sEt@n Y+tlad@n Y+t_t@ bot
fv400034,535.717,538.803,warOm_must mEn_ny Ext Ond@r di hAl@ var@n
fv400034,538.803,542.453,d@r wAs @ vordel an mar m@sxin Iz dA mul@k Om @r zElf Op t@ kom@n or
fv400034,544.240,549.052,Ond@r @t x@bA+ kOnd@ z@ d@ stOf@n Y+t_t@ bot@n hal@n
fv400034,551.141,553.608,Ale Alz [] Onz bElgis wer @m betj@ kEnt
fv400034,553.608,555.614,dA kAn @t_tOx sOms hel_lel@g dun I
fv400034,555.614,557.770,Alz @t hev@x reG@nd@
fv400034,557.770,561.250,kOn mEn G@won mEt_t@ bot@ bIn@nvar@n En dar d@ Gud@r@n Y+tlad@n
fv400034,561.250,563.003,zOnd@r dAt s@ nAt wErd@n I
fv400034,563.003,566.781,En_nAt@ Gud@r@n di v@rkop@n_ni mer zo Gut vAndar I
fv400034,26.794,28.961,jAn brE+d[]
fv400034,28.961,30.961,En pit@r d@ kon[]
fv400034,133.628,135.106,brY[]s@ mEt@n
fv400034,171.935,173.697,hYld@nspor@nslAx
fv400034,196.178,198.722,Elf []
fv400034,288.100,290.952,brYh@ hEnt kOrtrE+k En ip@r
fv400034,318.272,320.122,zev@n@ne[] []
fv400034,335.168,336.852,Om wEt@ t@ mEld@n
fv400034,418.917,420.498,d@ []strat
fv400034,446.158,449.320,@m dAt_ti lak@ns x@makt wErd@[] vAn wOl
fv400034,474.842,476.789,OmdAt @r vruG@r wat@r Ond@r lip
fv400039,0.000,4.358,Oke mAn@ G@ Ept ir In y sxrIft @t fOlG@nd@ stan
fv400039,4.358,8.796,bE+ mistik En sxOlAstik Ik At en zIn@tj@ G@Gev@n Als InlE+dIN
fv400039,8.796,11.065,an @t E+nd@ vAn @t for@G@ yr
fv400039,11.065,13.883,@t xat ir Om twe Grot@ b@weGIN@
fv400039,13.883,16.461,di-j-@d_dENk@ En d@ lit@rAtyr vAn d@ mId@lew@
fv400039,16.461,18.619,stErk hEb@ b@Invlut
fv400039,18.619,23.574,En 2ropes@ werklANk hEb@n G@vOnd@n
fv400039,23.574,27.085,sxrE+f @t fOlG@nd@ vErd@r
fv400039,33.417,35.087,#
fv400039,38.168,42.141,detefA+t f@rbet@rt_tAd mAx wEl I
fv400039,42.141,46.748,Gut @ d@ mistik trAxt@
fv400039,46.748,48.719,d@ mistik trAxt@
fv400039,50.850,52.002,@n
fv400039,52.002,56.206,teG@nG@wIxt t@ vOrm@n
fv400039,59.773,62.090,vor d@ sxolAstik
fv400039,64.274,67.341,d@ mistik trAxt@ @n
fv400039,67.341,69.989,teG@nG@wIxt t@ vOrm@n
fv400039,69.989,72.324,vor d@ sxolAstik
fv400039,76.787,78.197,dYb@l@ pYnt
fv400039,79.523,86.260,d@ sxolAstik Iz di wE+sxer@G@ disiplin@ k xev y ev@ntj@z d@ definisi
fv400039,86.260,91.019,d@ sxolAstik Iz di wE+sxer@G@ disiplin@
fv400039,93.938,97.623,di @n filOzofis@ Ond@rbA+
fv400039,98.835,100.560,trAxt@ t@ Gev@n
fv400039,102.430,104.475,an @t x@lof In GOt
fv400039,108.342,110.782,di wE+sxer@G@ disiplin@
fv400039,110.782,113.382,di @n filOzofis@ Ond@rbA+
fv400039,113.382,116.687,trAxt@ t@ Gev@n an @t x@lof In GOt
fv400039,118.137,122.650,kOmA mar di nOGAl Erx dOGmAtis t@ wErk xIN
fv400039,122.650,127.890,mar di nOGAl Erx dOGmAtis t@ wErk GIN
fv400039,131.903,135.934,b@lAN@rE+kst@ v@rteG@word@G@r Grot@ nam
fv400039,138.638,140.480,tomAs fAn Akwino
fv400039,145.665,150.444,b@lAN@rE+kst@ v@rteG@nword@G@r Grot@ nam tomAs fAn Akwino
fv400039,154.579,156.496,k xa t el kOrt sEG@
fv400039,156.496,158.293,kOrtOm
fv400039,159.744,163.631,d@ sxolAstik trAxt@ @t xOdzb@stan t@ b@wE+z@n
fv400039,166.515,170.229,d@ sxolAstik trAxt@ @t xOdzb@stan t@ b@wE+z@n
fv400039,182.138,187.715,mar Erx ov@rtY+G@nt klINkt @t nit Al@mal Als j@ ojt_t@ mujt@ dud_dAt Is t@ Gan lez@
fv400039,187.715,192.983,In @t lAtE+n k hEb dAt x@dan @m par jar G@led@n lAN G@led@n zElfs
fv400039,192.983,196.892,dAn @ heft @t E+G@l@k nit fel Om @t lE+f
fv400039,196.892,202.218,@ wE+ hAd@ [] @n klE+n@ AnEgdot@ I []@ wet Ik f@rtEl Grax AnEgdot@s
fv400039,202.218,205.285,@ wE+ hAd@n
fv400039,205.285,208.804,In ja b@GIn jar@ tAxt@x
fv400039,208.804,211.346,hAd Ik @n vE+vd@ ekonomis@
fv400039,211.346,214.773,En In di vE+vd@ ekonomis@ zat@ dri lerlIN@
fv400039,214.773,216.906,di @
fv400039,216.906,219.580,vor prist@r wIld@ Gan styder@
fv400039,219.580,222.823,vAn d@ latst@n di dAt ojt sE+n Gan dun
fv400039,222.823,226.120,En en vAn di mAn@ @
fv400039,226.120,230.683,y Ept xut xort I vE+vd@ ekonomis@ di wA+ dYs lAtE+n ler@
fv400039,230.683,234.680,wAd_det_ti di wAs_ser kErk@l@k x@Intr@sert
fv400039,234.680,239.574,En E+ Iz dAn ok @ dYs_sE+n tejoloGi Gan styder@ bE+ d@ teG@mpA+s
fv400039,239.574,243.326,In frANkrE+k En zwIts@rlAnd bE+ mO~sE~J2r l@fE:vr@
fv400039,243.326,249.256,dYz di mAn@ di nOG In sutAn rOntlop@n I mE so[] wIt@n bort I dYz d@ d@ trAdiSOnel@ kErk
fv400039,249.256,252.807,En di vruG am_mE+ Ov dAd Ik Em ev@ntj@s wA+ hEl@p@n
fv400039,252.807,255.756,mEt sE+n v@rtalwErk fAn tomAs fAn Akwino
fv400039,255.756,260.938,da wAz di me bez@x di hAt Op s@n entj@ dYz el d[] GrAmatikA vA lAtE+n dorG@wErkt
fv400039,260.938,264.692,d@ word@nsxAt di wAs tomAs fAn Akwino an @t f@rtal@
fv400039,264.692,269.148,En Op @n avOnt frux E+ mE+ wIlt x@ Is ev@ntj@s mEt mE+ kE+k@n wAt Ik @r Al vAn kEn
fv400039,269.148,271.322,E+ kEnd@_@r E+G@l@k ser vel vAn
fv400039,271.322,275.611,En dAn Eb Ig dYs mEt Em stYkj@s fAn tomAs fAn Akwino zIt@ v@rtal@
fv400039,275.611,278.050,En @ dYs Y+t Ond@r And@r@
fv400039,278.050,279.836,di-j-@ GOdzb@wE+z@n
fv400039,279.836,283.462,En vAndar dYz dAt @ Ik fOnt_tAd @t nit fel brot snet
fv400039,283.462,286.321,t wAs tam@l@k @ tam@l@k ridikyl I
fv400039,286.321,288.570,GOd b@stat dYz E+ b@stat
fv400039,288.570,291.313,E OmdAt E+ b@stad b@stat E+ zo vAn di dIN@n I
fv400039,291.313,293.427,zo sxrE+ft fAn Akwino
fv400039,293.427,298.038,Ik Eb @t_tYs fAn bIn@n Y+t x@lez@n k_kAn y v@rzek@r@n dAt @t @
fv400039,298.038,300.710,vrE+ dOGmAtis Is t Is @
fv400039,300.710,303.096,Gen Intr@sAnt@ lEktyr zE+n GOdzb@wE+z@
fv400039,303.096,308.785,AfE~ t stat wEl Op @t proGrAmA vor d@Gen@n Ond@r y di vErd@r styder@n In wE+zb@Gert@ En lEt@r@
fv400039,308.785,312.287,@ d@ sumA tejoloGikA G@lov @k
fv400039,312.287,314.611,@ stat Op t proGrAmA
fv400039,314.611,317.626,dYz dAn mut j@ dAt wEl_lez@n In t ned@rlAns Y+t@rart I
fv400039,317.626,319.294,En ny din tip I
fv400039,319.294,321.974,Ik wAs @ dAz dAz E+G@l@k @ GrAp@G AnEgdot@
fv400039,321.974,324.143,Ik wAz dA f@rled@ jar an t f@rtEl@
fv400039,324.143,326.139,In d@ vE+vd@ lAtE+nwIskYnd@
fv400039,326.139,329.683,En ja I Ik f@rtEl dAd ov@r din din tip En
fv400039,329.683,332.349,I Ik sE+ ja En di-j-Is @ nadin
fv400039,332.349,334.642,@ bE+ d@n teG@mpA+s t@rExtx@kom@
fv400039,334.642,336.982,di-j-eft @n wE+dIN G@kreG@n In zwIts@rlAnt
fv400039,336.982,339.260,En In sutAn En En
fv400039,339.260,344.904,zwArt@ lAN@ kler@n En dYs dYs n@ wIt@m bort En di Is @ mISOnaris x@wOrd@n In IndijA
fv400039,344.904,348.794,En Ik sEx ja dA wAs di het@ dAn ok nOx robE:r
fv400039,348.794,350.790,mAtejys E+ Is trA+@s fAn lir
fv400039,350.790,353.589,@n A+tstydEnt fAn ir En en vAn di mAn@
fv400039,353.589,358.300,d@ mart@n mons x@ zYlt_ti kEn@ dij@ stekt sE+n hAnt Op E+ zExt m@ner dAs mE+n@ nONk@l
fv400039,358.300,361.189,vil Ik wEl ev@ntj@s Y+t_t@ lYxt or
fv400039,361.189,364.894,wAnt @ bleg dAt_tYs @ fAmili t@ zE+n En @
fv400039,365.668,368.320,Ale vorY+t []@ wer@lt Is klE+n I ny
fv400039,368.320,371.793,Iz di @ Al @n antAl jar@ wErksam In
fv400039,371.793,374.410,IndijA En d@ GEld@n vAn
fv400039,374.410,378.943,@n antAl vAn d@ GEld@n vAn y twejInenAksi di Elk jar In t fE+vd@ jar G@b2rt
fv400039,378.943,380.789,Gan Ond@r And@r@ darnartu
fv400039,380.789,383.112,dYz dAn wet x@ Al en vAn d@ mEns@ vor wi G@
fv400039,383.112,385.762,I twejInenAksi In mart sYlt_tun
fv400039,385.762,388.770,dAd Iz Ond@r And@r@ robE:r mAtejys vor z@n wErk In IndijA
fv400039,388.770,392.195,mar Ik_kAn y wEl v@rzek@r@ Alz E+ Av En tu In lir kOmt
fv400039,392.853,395.802,[]z @n rar zIxt or wAnt w@ zE+n dA ni mer G@wEnt I
fv400039,395.802,398.994,zo n@ prist@r di rOntlopt soAls fE+ft@x jar G@led@n I
fv400039,398.994,401.407,dAd Iz d@ trAdiSOnel@ kErk
fv400039,401.407,404.960,En # vel mEns@ dENk@ dAt @t_tYs kArnAvAl Is I
fv400039,404.960,408.176,z@ [] mar @
fv400039,408.176,411.962,wAd Ik wEl mut sEG@ Elk@ ker Alz E+ Im bElGij@-n-Is
fv400039,411.962,414.479,@ kOmt E+ bE+ mE+ Ob_b@zuk
fv400039,414.479,416.534,En @
fv400039,416.534,421.016,med@b@won@rs fAm_mE+n pAnt fAm_mE+n strat kE+k@n dAn sOms wEl rar Op
fv400039,421.016,423.383,wAnt sE+ zE+n dAt nit mer G@wEnt
fv400039,423.383,425.046,mar di dut wEl hel Gut wErk
fv400039,425.046,428.096,@ di-j-eft_tar @n @n s@rj2z@ pArOxi
fv400039,428.096,431.325,@ Ond@r zE+n hud@ di mut_ti mEns@ wErk@l@k Al@s ler@
fv400039,431.325,434.613,En zE+n latst@ wap@mfE+t wAnt E+ wAz dYs @
fv400039,434.613,438.978,E+G@nard@x_x@nux na stydi In stat_tal@n t@ ler@n
fv400039,438.978,441.467,wAnt Ik Eb d@r dYz ok EN@lz an G@Gev@
fv400039,441.467,443.739,En En di kOn hel slExt EN@ls
fv400039,443.739,446.226,En ny Iz @t so vEr
fv400039,446.226,449.335,dAt hE+ vor d@ mEns@n dar @n antAl sxolbuk@n
fv400039,449.335,451.547,Y+t_t@ plats@l@k@ tal
fv400039,451.547,454.537,In @t EN@ls an @t OmzEt@n Is x@west
fv400039,454.537,456.933,dAt dAt kAn j@ dYs ni x@lov@n I
fv400039,456.933,460.080,Ov ne vAnY+t @t EN@ls Ekskyzer In d@ plats@l@k@ tal
fv400039,460.080,462.434,zodan@x dAt s@ dar sxolbuk@ hEb@
fv400039,462.434,465.494,wAt_ti mAn dYz eft evd b@rE+kt_tA kYnt x@ ni x@lov@n I
fv400039,465.494,468.405,En A x@_@m dYs_sit x@ dENkt jA t Is kArnAvAl
fv400039,468.405,471.753,mar wAt_tAt_tarAxt@r sxY+lt fAn vAn vAn enErZi En Int@rEs@
fv400039,471.753,474.325,dAt wAs fenomenal dAt @
fv400039,474.325,477.912,Ik f@rtEl t mar t@r An Ale Als bE+ wE+z@ vAn AnEgdot@-n-I
fv400039,477.912,480.412,bE+ sxolAstik Ik mut AltE+t an Em dENk@
fv400039,480.412,483.832,k xev di lEs xrax OmdAd Ik so dAn @z its kAn v@rtEl@n ov@r @n A+tstydEnt
fv400039,483.832,485.605,tomAs fAn Akwino
fv400039,485.605,489.073,@m robE:r mAtejyz dYz E
fv400039,489.073,492.900,Als x@ dYz ojt nOG In lir zo imAnt sit rOntlop@n
fv400039,492.900,495.531,ojt so Is E+ kOmt Elk jar wEl Is
fv400039,495.531,497.803,ov@r dAn Iz @t hE+ I
fv400039,497.803,501.510,[]s robE:r mAtejys A+tstydEnt miSOnaris
fv400039,501.510,504.559,En di Is @ ja hu A+t sAl E+ zE+n rOnt
fv400039,504.559,506.653,pf rOnt_t@ vert@x
fv400039,506.653,509.337,E+ Is @ jar Of_fE+f jON@r dAn Ig dENk Ik
fv400039,509.337,510.505,rOnt_t@ fert@x
fv400039,512.258,514.325,Gut @ mistik
fv400039,514.325,515.941,d@ mistik
fv400039,518.092,519.975,prObert ny
fv400039,521.228,523.188,@n emOSOnel
fv400039,523.188,526.298,teG@nG@wIxt t@ vOrm@n
fv400039,529.048,531.559,vor dez@ dOr@ dOGmAtik
fv400039,537.900,540.351,En dut_tAt fijA d@ poezi
fv400039,545.075,548.065,d@ mistik trAxt ny @n
fv400039,548.065,550.485,emoSOnel
fv400039,550.485,553.232,teG@nG@wIxt t@ vOrm@n
fv400039,553.232,556.465,vor dez@ dOr@ dOGmAtik
fv400039,556.465,559.933,En dut_tAt vijA d@ poezi
fv400039,563.879,566.086,b@lAN@rE+kst@ v@rteG@word@G@rs
fv400039,568.236,571.764,b@lAN@rE+kst@ v@rteG@word@G@rs dYb@l@ pYnt
fv400039,571.764,574.275,hadewix
fv400039,578.879,581.451,jAn vAn ryzbruk
fv400039,586.687,588.621,En
fv400039,588.621,591.650,bErtA jakOps
fv400039,599.842,602.892,ps2donim zYst@r bErtk@n
fv400039,602.892,607.280,EN G@ vInt_tAt In d@ kad@rtj@s Ond@ran yw @ hAndbuk
fv400039,607.280,610.027,blAtsE+d@ drij@nsev@t@x fInt x@ wAt InfOrmasi
fv400039,610.027,612.717,w@ Gan vAn di mEns@ mar en dIN@tj@ lez@n
fv400042,0.000,2.690,Gut w@ han_n@ ker vlYx di
fv400042,5.061,9.131,Antword@n kOntroler@n dAt wAz dYs xel@mal ni mujl@k wAnt
fv400042,9.131,12.861,In fE+t@ hAt j@ Al@ Antword@n Al bE+ y I
fv400042,12.861,15.441,OvwEl In @t lEsxemA
fv400042,15.441,19.231,OvwEl In en Ov And@r ObdrAxt
fv400042,19.231,21.385,mar Gut
fv400042,23.102,24.941,ev@lin
fv400042,24.941,29.231,d@ tEmp@rAtyrkYrv@ Avlez@n wAt wAs d@ erst@ vrax
fv400042,34.030,35.130,jyli
fv400042,36.610,38.700,j@ kAn_nAtyrl@g di ward@n
fv400042,38.700,41.720,@d bEst Aflez@n
fv400042,41.720,44.850,Ob_blAtsE+d@ vir pYnt sEs I
fv400042,44.850,47.320,bE+ @
fv400042,47.320,50.180,d@ klimatx@Gev@s fAn Yk@l
fv400042,50.180,53.090,dYz dar dar stan d@ d@ tEmp@rAtyr@n
fv400042,53.090,57.920,vor Elk@ mant aNG@Gev@n og d@ nerslAxward@n I dYs t Is xen ENk@l prOblem
fv400042,57.920,61.600,Gut @ lin dAn d@ twed@ vrax
fv400042,68.252,75.970,zev@tin kOmA vir Grad@ Gut_tYs tewe dAd Iz d@ AfkOrtIN di w@ G@brY+k@n In d@ detErminertAbEl strAks dAn I
fv400042,75.970,82.510,nOrmalward@ warOm sprek@ w@ vAn_nOrmalward@ wEl OmdAt w@ ir ov@r d@ klimat@n sprek@n I dYs
fv400042,82.510,84.430,nOrmal sprek@ w@ ov@r d@
fv400042,84.430,88.500,G@mId@ld@ tEmp@rAtyr mar bE+ d@ klimat Iz dAt_t@ nOrmalward I
fv400042,88.500,91.630,jA d@ vOlG@nd@ hAn@lor@
fv400042,96.082,99.260,Y+t@rart jAn@wari tin@
fv400042,104.920,107.770,twe kOmA zev@n Ind@rdat
fv400042,107.770,111.010,@m viki
fv400042,114.441,116.766,a jA
fv400042,116.766,120.358,d@r zE+n @r vel di dA ni x@vOnd@n Eb@n I di jarsxOm@lIN
fv400042,122.601,125.221,[] dAs xen_neG@ kOmA neG@n
fv400042,125.221,130.161,wiki @n And@r@ vrax erst wAd Iz dAt jY+st_t@ jarsxOm@lIN
fv400042,133.200,135.601,ne ne ne ne ne[]
fv400042,135.601,140.381,ne nen d@ jarsxOm@lIN j@ mud erst wet@ wAt_tAt Iz I vor dA x@ t kYnd b@rek@n@n
fv400042,140.381,143.621,wAd Iz d@ jarsxOm@lIN kImb@rli
fv400042,145.211,146.751,wAlA
fv400042,146.751,151.026,@t f@rsxIl tYs@n d@ hoxst@ En d@ laxst@ mantEmp@rAtyr
fv400042,151.026,153.831,dAd Iz d@ jarsxOm@lIN E w Eb@ z@ darjY+s x@nOterd I
fv400042,153.831,155.980,d@ nOrmalward@
fv400042,155.980,157.951,vor Yk@l vAn d@ wArmst@ mant
fv400042,157.951,161.081,zev@ti kOmA vir vAn d@ kA+tst@ mant_twe kOmA zev@n
fv400042,161.081,163.001,dYs
fv400042,163.001,165.971,Iz d@ jarsxOm@lIN @t f@rsxIl tYs@n di twe
fv400042,165.971,168.661,En dA kAn j@ Y+t @t hovd b@rek@n@n e viki
fv400042,172.309,173.711,#
fv400042,176.099,177.494,AlI
fv400042,183.019,185.938,zev@tin kOmA vir mIn twe kOmA zev@n
fv400042,187.438,189.046,lIn
fv400042,189.046,193.138,ja tOG E vertin kOmA zev@n
fv400042,193.138,199.288,dYs v@rGet nit e jarsxOm@lIN @t f@rsxIl tYs@ d@ hoxst@ En d@ laxst@ manttEmp@rAtyr
fv400042,201.478,204.180,d@ vOlG@nd@ Opxav@ elin
fv400042,209.618,213.628,ja d@ jartEmp@rAtyr dAd Iz nAtyrl@g dAn
fv400042,213.628,216.495,[] G@mId@ld@ ward@ vAn d@ twalv mand@n
fv400042,216.495,218.078,E dYs d@
fv400042,218.078,222.774,mantEmp@rAtyr@n Als x@ dar dAn @t x@mId@ld@ [] hEpt x@ d@ jartEmp@rAtyr lEt Op
fv400042,222.774,226.148,dIt sE+f@r Iz Op y blatj@s Ond@rstrept
fv400042,226.148,229.168,E warOm Iz dAd Ond@rstrept AjSA
fv400042,231.485,236.198,OmdAt wAblif OmdAd_d b@lAN@rE+k Is ja OmdA x@ t_tYs mud OntA+d@n E
fv400042,236.198,238.325,dAd Iz @n ward@ di G@ mu kEn@n
fv400042,238.325,244.278,[] stat ny emal In @t lerplAn j@ mut_ti ward@ kEn@n Om dAn strAks t@ kYn@ v@rG@lE+k@ mEd And@r@ plats@n In 2ropA
fv400042,244.278,249.300,dYs d@ jartEmp@rAty dYs fAn Al di And@r@ sE+f@rz mu j@ dYs nits OntA+d@n mEd And@r@ word@n
fv400042,249.300,251.308,Alen dIt sE+f@r En strAks ok
fv400042,251.308,254.268,d@ jarnerslAx soAls w@ Gan zin
fv400042,255.808,257.910,wArm G@mat@xt EN kA+t
fv400042,257.910,263.008,b@GrIp@n di wE+ ok In d@ vor@G@ lEs x@zin Eb@n kImb@rli huvel mand@n In Yk@l zE+n @r wArm
fv400042,265.263,268.593,nYl dYs xen ENk@l Ind@rdat x@mat@xt
fv400042,268.593,270.685,zEs kA+t
fv400042,270.685,272.398,ok sEs Ind@rdat
fv400042,273.828,276.800,En dAn @t nerslAGdijAGrAm
fv400042,276.800,279.698,Avlez@n fridA
fv400042,286.508,291.433,ja En @t eft mE+ tOx wEl @m betj@ v@rbast_tAt @r zovel_lerlIN@ zE+n di dA ni x@vOnd@n Eb@n
fv400042,291.433,294.528,G@won d@ twe mand@n mEt_t@ mest@ nerslAx
fv400042,294.528,297.498,wi heft_tAt nit jY+st
fv400042,300.021,304.358,a tOx mar dri Ig dAxt_tAt @r mer war@n [] [] nOh red@l@k
fv400042,304.358,307.268,Gut vOlG@nd@ vrax tin@
fv400042,309.468,310.238,tin@
fv400042,315.348,317.158,febrywari En AprIl
fv400042,317.158,320.036,d@r war@n @r dar tOx ok @m par di dA ni jY+st Ad@n
fv400042,320.036,322.318,jA []
fv400042,322.318,327.055,Gut dYs t Is x@wom_mar Avlez@n I dYs @ zuk x@won d@ mand@ mEt_t@ mInst@ ners[]
fv400042,327.055,328.528,En dAn Eb@ w@ d@
fv400042,328.528,331.268,jarnerslAx kar@n
fv400042,333.248,337.538,AxthOnd@rt en@ntwInt@x lEt Op Ik Ep @d bE+ vel_lerlIN@n d@r mut@ bE+ sxrE+v@n I
fv400042,337.538,339.260,milimet@r
fv400042,339.260,343.210,mut_tOx @n enhE+d bE+ stan Ik Eb davo Gen pYnt@n Afx@trOk@n I pAz Op ma
fv400042,343.210,346.840,t mut_tOx wEl zE+n AxthOnd@rd en@ntwInt@x milimet@r
fv400042,346.840,350.520,j@ kAn @t ok nOG And@rs_sxrE+v@n AxthOnd@rt en@ntwInt@x
fv400042,358.930,361.450,milimet@r ja Of
fv400042,361.450,365.361,wAlA lit@r p@r virkAnt@ met@r Iz @tsElvd I
fv400042,365.361,372.073,En dAn drox Of nAt huvel mand@n drox huvel mand@n nAt virZini
fv400042,374.823,376.243,vwAlA
fv400042,376.243,380.313,nYl droG@ mand@n twalf nAt@ mand@n zE+n @r nOx fraG@n
fv400042,380.313,382.953,prOblempj@s OpmErkIN@n
fv400042,389.555,393.316,dYz d@ jarsxOm@lIN vertin kOmA zev@ Grad@ sElsijys
fv400042,393.316,396.965,@t f@rsxIl tYs@n d@ wArmst@ En d@ kA+tst@ tEmp@rAtyr
fv400042,399.892,401.218,Gut
fv400042,402.895,404.892,Ond@rtYs@n zE+n w@
fv400042,404.892,407.235,Al @N klE+n stApj@ vErd@r
fv400042,407.235,412.455,nam@l@k mEt ObdrAxt tin
fv400042,412.455,414.925,dar war@ w@ am b@GOn@n I
fv400042,433.745,436.081,#
fv400042,436.081,439.644,wE+ hEb@n dYs @ d@ detErminertAbEl nod@x
fv400042,441.373,444.211,detErminertAbEl vor klimat@n
fv400042,444.211,446.621,In 2ropA
fv400042,459.671,462.471,ev@tj@s kOntroler@n Of d@
fv400042,462.471,464.941,simboltj@z nOx_x@kEnt sE+n
fv400042,464.941,467.411,@ deborA @
fv400042,467.411,469.391,w Eb@ t_tarjY+st Al G@zin I
fv400042,469.391,472.141,tewe b@tek@nt
fv400042,472.141,474.721,lY+t lY+t
fv400042,477.551,479.481,tEmp@rAtyr ja vAn
fv400042,482.111,485.205,A nAtyrl@k I tEmp@rAtyr vAn d@ wArmst@ mant
fv400042,486.561,489.971,Gut wAt Eb@ w@ nOx @m teka
fv400042,489.971,492.711,[] loGiz I lis
fv400042,494.251,498.651,tEmp@rAtyr vAn d@ kA+tst@ mant En w@ hEb@ nOx teEm
fv400042,500.218,501.259,stefAni
fv400042,502.669,507.631,d@ mantEmp@rAtyr jA d@ G@mId@ld@ mantEmp@rAtyr Gut
fv400042,509.941,512.081,wE+ Eb@n Al d@ erst@ vrax
fv400042,512.081,514.111,Opx@lOst In di zIn
fv400042,516.091,520.531,j@ stElt_tYs tElk@z @n vrax warOp j@ Antwort mEt ja Ov nen I
fv400042,520.531,521.911,dAd Iz E+G@l@g d@ b@dulIN
fv400042,521.911,524.601,dYs @ sAndrin
fv400042,524.601,527.361,xu lez@ w@ dIt kad@rtj@
fv400042,527.361,529.931,In vraxfOrm dYs
fv400042,532.781,534.981,lEt Op
fv400042,534.981,536.356,lEt Op
fv400042,543.366,547.702,Is d@ tEmp@rAtyr vAn d@ wArmst@ mant EN kE+g dA Gut
fv400042,549.356,553.300,nit a klE+n@r dAn tin Grad@ sElsijys
fv400042,553.300,556.254,dYz wAt_tun w@ En w@ zIt@ dYz ny In Onz@ tAbEl
fv400042,557.482,560.930,Ob_blAtsE+d@ vir pYnt Axt w@ lez@n
fv400042,560.930,564.010,vAn @t klimAtoGrAm
fv400042,564.010,567.506,d@ tEmp@rAtyr vAn d@ wArmst@ mant Af
fv400042,567.506,571.796,dYs w@ G@brY+k@ wer di G@Gev@z Ob_blAtsE+d@ vir pYnt sEz dar I
fv400042,571.796,574.046,bE+ ObdrAxt sev@n
fv400042,574.046,577.236,w@ nOter@n dAd In d@ erst@ kOlOm vAn
fv400042,577.236,579.536,Onz@ tAbEl
fv400042,584.866,587.726,dYs w@ nOter@n tewe
fv400042,587.726,592.833,tEmp@rAtyr wArmst@ mant Is x@lE+k an zev@tin kOmA vir Grad@ sElsijys
fv400042,595.969,597.449,[]
fv400042,597.449,600.985,In d@ twed@ kOlOm v@rG@lE+k@ w@ dAt mEd @t kriterijum stat @r
fv400042,600.985,604.759,@t kriterijum dAt wIl dYs_sEG@n wElk@ ward@
fv400042,604.759,607.609,Geft d@ tAbEl an
fv400042,607.609,610.199,Om me t@ v@rG@lE+k@n I
fv400042,610.199,612.779,dAd Iz dYz d@ ward@ di hir stat tewe
fv400042,613.829,618.049,tEmp@rAtyr wArmst@ mant klE+n@r dAn tin Grad@ sElsijys
fv400042,618.049,620.205,E w@ nOter@n dar Y+t@rard bE+
fv400042,621.475,625.516,wAd [] wAt_t@ vAststElIN Is I [] wAt wE+ darY+d b@slY+t@n
fv400042,625.516,627.986,@m sarA
fv400042,627.986,631.506,Is d@ tEmprAtyr vAn d@ wArmst@ mant klE+n@r dAn tin Grad@ sElsijys
fv400042,632.406,634.476,nen Y+t@rart nit hI
fv400042,634.476,637.556,t Is_sev@tin kOmA vir dYs nen
fv400042,637.556,639.422,En dAn
fv400042,641.176,646.381,vOlG@z mE+ d@ b@lANrE+kst@ tAbEl wAt kYn@ wE+ ny b@slY+t@n In v@rbAnd mEd @t
fv400042,646.381,649.908,klimat dYs j@ zit_tAt xel dY+d@l@k In d@ tAbEl
fv400042,649.908,654.639,dor @t fE+t_tAt w@ nen Antword@ kYn@ w@ nojt mer In dez@ rIxtIN kom@n I
fv400042,654.639,658.396,dYs w@ b@slY+t@n @ hAn@lor@
fv400042,660.472,664.482,wAlA @t Is zek@r xen kA+t klimat
fv400042,664.482,669.912,dAz @t en@G@ wAd Ik ny Al zek@r bEn E dYs na di erst@ vrax @t Is xen kA+t klimat
fv400042,669.912,672.502,w@ kom@ dYz bE+ d@ twed@ vrax
fv400042,673.302,676.106,@ kar@n hu lez@ w@ di vrax
fv400042,681.070,682.147,vAn d@
fv400042,685.377,686.587,kA+tst@ mant
fv400042,694.701,698.117,simboltj@ Grot@r dAn klE+n@r dAn dA ler j@ tOx In d@ wIskYnd@
fv400042,698.117,699.767,A
fv400042,699.767,702.886,klE+n@r dAn Axtin Grad@ dYz wAt lez@ w@ Af
fv400042,702.886,705.526,Op @t klimAtoGrAm
fv400042,705.526,708.216,tEmp@rAtyr kA+tst@ mant
fv400042,708.216,711.296,huvel Iz d@ tEmp@rAtyr vAn d@ kA+tst@ mant AjSA
fv400042,713.048,714.111,Gut
fv400042,714.111,717.108,twe kOmA zev@ Grad@ sElsijys
fv400042,719.308,724.010,dYs @t kriterijum dAt w@ Y+d_d@ detErminertAbEl xal@n Is
fv400042,724.010,728.626,Iz d@ tEmp@rAtyr vAn d@ kA+tst@ mant klE+n@r dAn Axti Grad@ sElsijys
fv400042,728.626,732.036,dYz @t Antwort stat @rnast I j@ mut @t mar G@won v@rG@lE+k@n
fv400042,732.036,735.106,@ viki ja
fv400042,735.106,737.906,twe kOmA zev@n Iz dAt klE+n@r dAn Axtin
fv400042,737.906,741.046,ja ja ja tyrl@k Is t ja
fv400042,741.046,743.456,vwAlA
fv400042,743.456,745.656,[] mAG ni arz@l@n I
fv400042,745.656,748.406,Gut mar ny wer @d b@slY+t AjSA
fv400042,748.406,750.376,zEx mar
fv400042,750.376,753.456,k wet @t ma k k Eral @t OmdA w@ ny vErd@r mut@n E @
fv400042,753.456,756.147,And@rs_sE+t x@ d Al_lAN wer v@r[] hAn@lor@
fv400042,756.147,761.740,w@ wet@n dYz ny dAt @t @n G@mat@xt klimat Iz I dYs
fv400042,761.740,764.699,j@ zA+ nAtyrl@k ok_kYn@ zEG@n @t Is xen wArm
fv400042,764.699,767.496,nAtyrl@k AltE+d Intr@sAnt@r vAn t@ [] zEG@ wAd @t wEl Is
fv400042,767.496,770.626,dYs @t Is @n G@mat@xt klimat Gut
fv400042,772.326,774.526,mar dar zE+n_ny nOx f@rsxIl@nd@ sort@n In
fv400042,777.216,779.576,En dYs_sE+n w@ an d@ dErd@ vrax
fv400042,779.576,782.796,En dAd Is xen G@mAk@l@k@ vrax I
fv400042,782.796,785.816,kE+k xut nar
fv400042,785.816,788.616,wAt @r In d@ tAbEl stat
fv400042,788.616,791.026,hu lez@ w@ dAt Als @n vrax
fv400042,794.876,797.946,w@ b@xIn@ mEt zE+n @r
fv400042,797.946,800.316,mInd@r dAn
fv400042,800.316,801.616,prOber n@ ker ev@lin
fv400042,803.557,805.308,zE+n @r
fv400042,809.956,813.700,ja mar d@ stad @n tek@ntj@ vor I zE+n @r mInd@r dAn
fv400042,821.386,823.036,bE+na
fv400042,823.036,826.110,dYs zE+n @r mInd@r dAn vir mand@n mEd @n
fv400042,826.110,829.076,mantEmp@rAtyr En u lez@ w@ dId ir
fv400042,832.418,836.031,Grot@r Of x@lE+k an tin Grad@ sElsijys
fv400042,836.031,838.781,dYs wAt xan wE+ Opsuk@n In Onz@
fv400042,840.031,841.914,klimatx@Gev@s
fv400042,843.031,845.151,manttEmp@rAtyr@n
fv400042,846.218,852.121,di Grot@r zE+n Of x@lE+k an tin Grad@ sElsijys dYs w@ tEl@n mEd And@r@ word@n
fv400042,852.121,854.651,w@ tEl@n @t antAl mand@n
fv400042,858.881,861.748,warvAn d@
fv400042,861.748,865.223,G@mId@ld@ tEmp@rAtyr Grot@r Is
fv400042,865.223,868.016,Of x@lE+k an tin Grad@ sElsijys
fv400042,868.016,870.436,huvel dErG@l@k@ mand@n
fv400042,870.436,873.912,vInd@ w@ In Yk@l dAt Iz d@ vrax
fv400042,876.206,878.676,En sAndrin heft_ti-j-Al G@tElt
fv400042,880.266,884.412,t sE+n zEz mand@n Ind@rdat num z@_@N ker Op wElk@ mand@ zE+n dAt
fv400042,888.013,889.173,sAndrin
fv400042,893.453,894.443,Gut
fv400042,894.443,896.996,dYs zEs
fv400042,902.876,904.746,@t kriterijum
fv400042,904.746,906.779,warme wE+ v@rG@lE+k@n
fv400042,908.433,910.680,zE+n @r mInd@r dAn vir stat @r dYs
fv400042,910.680,912.766,mInd@r dAn vir mand@n
fv400042,914.686,916.056,mEt
fv400042,917.739,918.766,@n
fv400042,918.766,923.346,G@mId@ld@ tEmp@rAtyr Grot@r Of x@lE+k an tin Grad@ sElsijys
fv400042,926.416,929.736,w@ hEb@n @r zEs dYs wAd Iz @t Antword Op @t kriterijum
fv400042,929.736,932.410,ja Of nen tin@
fv400042,935.586,937.896,zE+n @r mInd@r dAn vir
fv400042,937.896,941.326,nen Ik wet @t t Is [] G@varl@k@ vrax OmdAt @r twe ker
fv400042,942.554,945.997,@n simboltj@ stat en@ ker klE+n@r dAn dAN Grot@r Of x@lE+k an I
fv400042,945.997,950.066,dYs d@ vrax zE+n @r mInd@r dAn vir mand@n
fv400042,950.066,953.232,wE+ Eb@ G@vOnd@n @r zE+n @r zEs
fv400042,954.723,957.866,dYz dAz ni mInd@r I dYs @t Antwort Iz nen
fv400042,957.866,960.886,Gut dAd b@tek@nt
fv400042,960.886,964.126,dAt w@ wer its kYn@n Y+tslY+t@n
fv400042,964.126,966.766,Y+t @ d@ detErminertAbEl
fv400042,966.766,969.236,dYz wAt sAl @t_tYs zek@r nit wOrd@n
fv400042,969.236,972.196,wElk_klimat zAl @t sek@r ni wOrd@n elin
fv400042,973.688,977.368,@t sAl zek@r xen kA+t x@mat@xt klimat sE+n hel Gut
fv400042,978.101,981.262,xen kA+t x@mat@xt
fv400042,984.018,986.268,ov@r d@ rEst kAn Ik nOx niks_sEG@n I
fv400042,986.268,994.107,dYz @t kAn_ny nOG AltE+t kul G@mat@xt sE+n @t kAn_nOx wArm G@mat@xt sE+n @t kAn_nOx_x@mat@Gd En drox sE+n dYz w@ kYn@n_nOx Al@ kAnt@n Y+
fv400042,994.107,995.988,Alen wet Ik ny Al
fv400042,995.988,998.640,Y+t_t@ erst@ vraG dAd @t xen kA+t klimat Is
fv400042,998.640,1001.258,Y+t_t@ twed@ vraG dAd @t @N G@mat@xt klimat Is
fv400042,1001.258,1003.838,En_ny wet Ik og dYs Al dAd @t xen
fv400042,1003.838,1006.414,kA+t x@mat@xt klimat Is
fv400042,29.231,34.318,wElk@ mant heft_t@ hoxst@ mantEmp@rAtyr jyli
fv400042,61.600,69.071,[] d@ nOrmalward@ vAn d@ wArmst@ mant Of tewe b@draxt In Yk@l zev@tin kOmA []
fv400042,91.811,95.405,wElk@ mant heft_t@ laxst@ mantEmp@rAtyr
fv400042,95.405,96.445,jAnywari
fv400042,99.863,105.140,d@ nOrmalward@ vAn d@ kA+tst@ mant In Yk@l b@draxt_twe kOmA zev@n Grad@ sElsijys
fv400042,110.871,114.441,hu Grot Iz d@ jarsxOm@lIN In Yk@l
fv400042,120.221,123.147,[] neG@n kOmA neG@n
fv400042,129.925,133.246,[]
fv400042,142.392,146.719,@ @t f@rsxIl tYs@n d@ laxst@ En d@ hoxst@ []
fv400042,179.691,181.579,zev@N kOmA
fv400042,188.409,190.279,vertin kOmA zev@n
fv400042,205.573,210.178,@m huvel Iz d@ jartEmp@rAtyr [] [] kOmA neG@n
fv400042,230.979,234.278,OmdAt [] b@lANrE+k Is
fv400042,264.268,265.528,nYl
fv400042,268.174,269.054,zEs
fv400042,270.330,271.548,zEs
fv400042,282.854,286.986,wElk@ twe mand@n hEb@ d@ mest@ nerslAx jyni En_novEmb@r
fv400042,310.347,313.527,wElk@ twe mand@n hEb@ d@ mInst@ nerslAx
fv400042,313.527,315.858,nerslAx febrywari En AprIl
fv400042,331.570,333.160,AxthOnd@rt en@ntwInt@x
fv400042,356.550,359.205,[]
fv400042,360.923,362.733,lit@r p@r virkAnt@ met@r
fv400042,372.295,375.313,drox nYl En_nAt_twalf
fv400042,384.051,385.641,@ hu Grot Is
fv400042,385.641,389.513,@ [] hu Grot Is d@ jarsxOm@lIN In []
fv400042,471.061,472.949,[]
fv400042,474.151,477.172,tEmp@rAtyr []
fv400042,480.497,482.746,vAn d@ wArmst@ mant
fv400042,492.711,494.631,tEmp@rAtyr vAn d@ kA+tst@ mant
fv400042,501.357,503.372,G@mId@ld@ mantEmp@rAtyr
fv400042,529.135,533.525,Iz d@ tEmp@rAtyr vAn d@ wArmst@ mant kA+d@r dAn tin Grad@n
fv400042,533.525,535.885,Grot@r dAn tin Grad@n
fv400042,548.765,551.210,klE+n@r dAn tin
fv400042,631.946,632.826,nen
fv400042,658.222,660.976,@t Is xeN kA+t klimat
fv400042,677.053,681.104,Iz d@ tEmp@rAtyr vAn d@ wArmst@ mant
fv400042,684.503,686.967,vAn d@ kA+tst@ mant
fv400042,697.234,700.594,[] Axti Grad@n
fv400042,711.448,714.096,twe kOmA zev@n Grad@n sElsijys
fv400042,733.559,734.456,[]
fv400042,748.699,753.456,@m w@ hEb@n dA Al ens
fv400042,755.874,757.693,G@mat@xt klimat
fv400042,802.458,804.354,[]
fv400042,804.354,807.061,zE+n @r
fv400042,807.061,809.956,zE+n @r mer mand@n
fv400042,813.839,818.366,zE+n @r mInd@r dAn vir mand@n mEt tEmperAtyr
fv400042,818.366,821.386,vAn mInd@r Of h@lE+k an tin Grad@n
fv400042,830.694,833.182,klE+n@r Of x@lE+k an
fv400042,878.952,880.816,zEs mand@n
fv400042,889.601,893.453,mE+ jyni jyli oGystys_sEptEmb@r Oktob@r
fv400042,931.904,933.126,ja
fv400042,937.317,938.444,ne
fv400042,972.414,974.422,GeN kA+t x@mat@xt klimat
fv400050,0.000,2.889,nOx ev@tS@s ov@r frAGmEnd_dri
fv400050,2.889,4.740,d@r wOrt x@vraxt nar @
fv400050,4.740,11.237,vorY+twE+zIN@n hI d@ v@rtEl@r Geft sElf mEt kEn@l@k pl@zir ENk@l@ vorY+twE+zIN@ ov@r wAd bryn t@ wAxt@ stat
fv400050,11.237,13.286,En lat ok rE+nart @tsElvd@ dun
fv400050,13.286,16.937,Ik At xrax @n antAl vorbeld@ vAn di vorY+twE+zIN@ Y+t frAGmEnd_dri
fv400050,16.937,18.757,[]s xut_t@ reG@l @rbE+ zEG@
fv400050,18.757,21.697,h@t mAx d@ modErn@ ned@rlAns@ tEkst Y+t@rart sE+n
fv400050,21.697,26.224,En dAn zYl@ w@_@s kE+k@ wElk@ kom@n Y+t @
fv400050,26.224,28.558,vAn d@ v@rtEl@r En wElk@ vAn rE+nart miSEl
fv400050,29.909,32.523,zEshOnd@rd En Elf les mar @s
fv400050,35.929,39.243,jA Oke dYz Ind@rdat reG@l zEshOnd@rd En Elf
fv400050,39.243,43.583,En dAt klOpt ok @ dAz ok sEsOnd@rd En Elf In d@ mId@lned@rlAns@ tEkst
fv400050,43.583,48.857,dar stat @n vorY+twE+zIN di hE+ nA+@l@ks pruv@ ho honIN di-j-E+ nA+@l@ks pruv@n zA+
fv400050,48.857,53.363,Gut @ kOmt di vorY+twE+zIN vAn d@ v@rtEl@r Of_fAn rE+nart
fv400050,55.998,60.269,dAs wEl @n t@rExt@ vrax I wAnt ok In @ In []@ vrax stat_tAt
fv400050,60.269,62.463,di kOmt fAn
fv400050,62.463,66.430,vAn d@ v@rtEl@r nit fAn rE+nart Oke And@r vorbelt hEndrIk
fv400050,69.183,70.723,ja wAt stat_tar
fv400050,75.157,78.191,ja Ind@rdat sEs twej@nvert@x sEz drij@nvert@x
fv400050,78.191,80.851,kOmt s@ vAn d@ v@rtEl@r Of_fAn rE+nart
fv400050,80.851,83.651,vAn d@ v@rtEl@r Opniw kristOf
fv400050,87.056,88.829,zEz drij@ndErt@x sEx j@ tOx I
fv400050,88.829,90.296,ja les mar
fv400050,92.567,94.803,jY+st
fv400050,94.803,101.850,@ t Is @ kl d@ vorY+twE+zIN klOpt ma z@ Iz Ind@rdat fAn rE+nard_dez@ ker I dYs_sEsOnd@rt fir@ndErt@x
fv400050,101.850,105.117,Gi zYlt nOx hed@n wErd@n zAt kOmt fAn
fv400050,105.117,106.611,rE+nard_dez@ ker
fv400050,106.611,108.545,di vorY+twE+zIN krIstOf
fv400050,112.771,114.769,@
fv400050,114.769,117.449,darOm lAxt@ di vAls@ rE+n
fv400050,118.436,121.050,Is dAt @n vorY+twE+zIN
fv400050,124.643,128.530,m ja t Is nit son hel@ dY+d@l@k@ vorY+twE+zIN mar @ ja
fv400050,128.530,132.250,@t lat wEl v@rmud@n wAt @r zAl kom@ E+ b@klEmt nOx @ns
fv400050,132.250,135.564,en vAn d@ b@ b@lAN@rE+kst@
fv400050,135.564,139.157,kArAkt@rtrEk@ vAn rE+nart nam@l@k vAls ja
fv400050,139.157,141.520,ma k sA+ t Is ni Ext @n vorY+twE+zIN E
fv400050,141.520,144.066,j@ kAn @d ev@Gud Az @n kArAkt@rb@sxrE+vIN b@sxA+@ hE
fv400050,144.066,146.536,Is nit so dY+d@l@k @m
fv400050,146.536,150.036,ev@ nadENk@ t Is mart@n E nit wA+t@r
fv400050,153.443,155.263,vE+fhOnd@rd_drij@nvert@x
fv400050,157.877,159.994,hE+ zInd@ Op @n plAn
fv400050,159.994,162.060,ja Ind@rdat
fv400050,162.731,165.764,Enzovort_tYs fE+f twej@nvert@x
fv400050,165.764,168.951,En vOlG@nd@ kOmt_ti vAn d@ v@rtEl@r Of_fAn rE+nart
fv400050,170.236,173.783,vAn d@ v@rtEl@r nOx forbeld@ vAn vorY+twE+zIN@n
fv400050,176.261,180.877,ja d@r zE+n @r m@sxin_nOx ma w@ mut@n ok nit Al@s @ d@rY+t hal@ huft nit
fv400050,180.877,182.110,@m
fv400050,183.630,185.870,wAt zExt_tIt ny ov@r
fv400050,185.870,188.297,v@rtElstAntpYnt
fv400050,188.297,193.164,t stat ni-j-Eksplisit In d@ vrax ma Ond@rtYs@ mut j@ dAt_tOG @m betj@ wet@n
fv400050,193.164,194.950,wAt zExt dIt
fv400050,194.950,197.280,ov@r t f@rtElstAntpYnt En Ik @
fv400050,197.280,198.516,zA+ Grax hEb@ dAt j@ d@r
fv400050,198.516,201.176,Ik wIl d@r wEl ev@tS@z ov@r lat@ nadENk@ ma
fv400050,202.903,204.269,[]s xen
fv400050,206.030,210.837,Improvizer@n dENk na wElk@ sort@ stAntpYnt@ war@ @r wer
fv400050,210.837,214.057,En wAt hevd_dIt @rme t@ mak@ ev@tS@z Ond@rbrek@
fv400050,214.057,216.997,@ k x@lof dAt w@ ne w@ zE+n_ni fOltAl@x I
fv400050,216.997,219.237,jOx@n Is @r nit
fv400050,222.877,225.118,wAs jOx@n @r vormIdAx
fv400050,232.736,233.890,Gut
fv400050,233.890,236.083,jA
fv400050,236.083,242.210,@ mAx [] fraG@ wi wi zA+ wi zExt fAn Ik si @t f@rbAnt nit hor tYs@ dIt En v@rtElstAntpYnt
fv400050,242.210,244.390,stek x@rYst_t@ hAnt Op dAn hEp @k t@nmInst@ @n ide
fv400050,244.390,249.197,vAn @ Of dAt hir rY+m b@kEnt Iz Of nit
fv400050,249.197,252.091,dYs Ik sA+ d an id@ren kYn@ vraG@ mEd And@r@ word@ ja
fv400050,252.091,254.589,wAt Ik [] ok xa dun_nAtyrl@g dAn
fv400050,254.589,257.730,[] Of [] Is @r imAnd an wi k @d bet@r nit sA+ []
fv400050,257.730,261.403,[] liv@r nit sA+ vraG@ Oke stek ma dY+d@l@g d@ hAnt Ob dAn ja
fv400050,261.403,264.250,h@t f@rbAnt_tYs@ dIt En v@rtElstAntpYnt
fv400050,264.250,268.450,lat_ti hAnt mar @z ev@n Omhox wAnd And@rs xa Ik mE+ tOx f@rGIs@ zo m@ten
fv400050,268.450,271.452,@ krIstOf wAt dENk jE+ dAt @t f@rsxIl Is
fv400050,271.452,273.864,wAt @t [] f@rbAnt Is nAtyrl@k
fv400050,275.871,277.178,warOm pErsOnel
fv400050,285.784,287.044,ja
fv400050,291.969,294.770,ja ja
fv400050,294.770,297.610,dYs krIstof ja ma ne @
fv400050,297.610,299.250,@ lAx@n pAs AS_S@ t
fv400050,299.250,302.050,h@t kAn @ v@rbet@r@ zA+ Ik so zEG@
fv400050,303.950,305.550,ja
fv400050,305.550,309.027,dYs krIstOf sExt dIt Is pErsOnalst Of pErsOnelstAntpYnt
fv400050,309.027,312.224,wAnt @t Is fAnY+t @t pErsOnaZ@ wElk pErsOnaZ@
fv400050,315.944,319.164,vAn bryn dYz E+ zit Al@s fAnY+t_t@ oG@ vAn bryn
fv400050,319.164,321.609,ja
fv400050,321.609,325.203,bryn zAl
fv400050,325.203,328.236,jA Oke eft id@ren [] x@hort
fv400050,328.236,331.923,Gut Ik x@lof dAt @ stE+n Al m@ten its wIld@ zEG@
fv400050,334.210,335.517,ne dAt huft ok nit
fv400050,344.244,345.394,dYs Is @t
fv400050,345.394,348.724,nit pErsOnel zEx jE+ kYn jE+ [] [] hE+ wet
fv400050,348.724,350.775,E wAd Is jA+ ArGymEnt nOx @z dY+d@l@k
fv400050,354.697,356.630,E+ wet sowEl its ov@r_rE+nart
fv400050,356.630,360.671,Als ov@r bryn dYz Iz @t nit pErsOnel dYz Iz @t wAt wEl dAn
fv400050,360.671,365.036,A+ktOrjel zEx jE+ OmdAt hE+ zowEl bryn kEnt Als rE+nart kEnt
fv400050,365.036,366.670,j@ b@dult_tAn
fv400050,366.670,370.356,vAn bIn@n Y+t kEnt
fv400050,370.356,373.390,ja @m lat Ons t@rYxan wAt @
fv400050,373.390,376.657,dYs kristof dENkt dAt i vAnY+d bryn kE+kt
fv400050,376.657,379.644,warOm dENk j@ dAt kYn j@ dar anwE+zIN@ vor Gev@
fv400050,381.277,382.911,a
fv400050,382.911,384.591,ja
fv400050,386.084,389.491,ne j Ept @t @r mujl@k me dAd Iz dY+d@l@k hE
fv400050,389.491,394.676,A+ktOrjel kAn imAnt nOx And@r@ ArGymEnt@n Gev@ vor A+ktOrjel Of pErsOnel stAntpYnt
fv400050,396.683,399.950,@m miSEl erst m@sxin ja
fv400050,399.950,403.357,d[] Is frE+ zek@r vAn z@n zag dYz dAt xan w@ dad@l@k or@ dENk Ik
fv400050,413.904,414.558,jA
fv400050,415.958,417.731,A+ktOrjel Al@swet@nt
fv400050,417.731,418.756,pit@r
fv400050,427.437,428.510,jA
fv400050,428.510,431.263,dAt Is E+[]k wEl hel dY+d@l@k OktOrjel dAn
fv400050,431.263,434.250,dYz @t xad Ind@rdat Om [] A+ktOrjel@ v@rtEl@r
fv400050,434.250,437.657,wAnt di v@rtEl@r wet hu @t f@rhal zAl vErd@rGan
fv400050,437.657,439.124,bov@ndin
fv400050,440.271,444.564,wet hE+ wAt rE+nart fAn plAn Is dYz E+ kAn In
fv400050,444.564,447.470,d@ G@mutsx@stElt@nIs Ov d@ G@dAxt@n
fv400050,447.470,449.378,vAn rE+nart kE+k@
fv400050,449.378,451.223,hE+ kAn dAd og bE+ bryn
fv400050,451.223,453.510,En Ig dENk nit kristOf
fv400050,453.510,455.720,dAd bryn ok mar en@xsIns
fv400050,455.720,458.223,@n ide heft ov@r hu @t mEt hEm zAl Aflop@
fv400050,458.223,461.370,wAnt_tAn zA+ hE+ nit fErd@r Gan irme E+ zA+ zIx nit lat@
fv400050,461.370,463.823,Om d@ tY+n lE+d@ hI dENk Ik
fv400050,463.823,465.970,Of jA
fv400050,465.970,467.556,Oke
fv400050,467.556,470.077,ma Gut @ nOxmals E
fv400050,470.077,474.277,t Is fAn d@ v@rkerd@ Antword@ dA w[] dAt w@ ler@ wAnt [] d@ And@r@ kYn@ tuvAl zE+n hE
fv400050,477.358,481.836,dYz dAd Is A+ktOrjel Alz @n v@rtEl@r kAn vorY+tkE+k@n In t f@rhal Iz @t zek@r A+ktOrjel
fv400050,481.836,485.803,jA @ dIt xElt nit vor
fv400050,485.803,489.303,Al@ lEt ny ev@tS@z Op [] w@ zE+n_nOx nit hel@mal klar
fv400050,489.303,492.990,dIt xElt nit for Al@ vorY+twE+zIN@ di w@ Opx@sOmt hEb@ huzo
fv400050,496.350,498.357,dAt mut_tY+d@l@k sE+n
fv400050,498.357,504.518,wAt w@ ny G@zExt hEb@ GElt nit for Al@ vorY+twE+zIN@ di w@ dar Opx@sxrev@ hEb@ @m Gi
fv400050,507.809,509.583,jA
fv400050,509.583,512.943,Ind@rdat d@ vorspElIN@ vAnY+t rE+nart sE+n stAntpYnt I
fv400050,512.943,515.550,ja dAt kOn_nOx pErsOnal zE+n hE
fv400050,515.550,517.610,@t xad Om d@ And@r@ vorspElIN@n
fv400050,517.610,520.644,di wE+z@n @rOp dAd @t A+ktOrjal Is
fv400050,520.644,524.004,Gut Ig dENk dAt w@ hirme rOnt sE+n hE mEt frAGmEnd_dri
fv400050,524.004,526.524,frAGmEnt fir hAd Ik jYli G@vraxt Om tY+s t@ lez@
fv400050,526.524,529.044,En ev@ntywel
fv400050,529.044,533.928,vraG@ t@ stEl@ ov@r dIN@ di j@ ni b@GrE+pt Ik stEl vor dAd Ik nOx ev@tS@z In [] mId@lned@rlAns les
fv400050,533.928,537.148,mEt hop@l@k @m betj@ fAtsunl@k@ IntOnasi zodAt @t @
fv400050,537.148,541.022,jYli Al dor d dor d IntOnasi dY+d@l@k wOrt m@sxin
fv400050,541.022,545.502,dYs @t Is rE+nard_di @ its f@rtElt
fv400050,545.502,550.398,[] krE+xt_t@ kAns Om [] t@ v@rded@G@ En E+ G@brY+kt darbE+ @n fab@l
fv400050,28.558,30.096,reG@l zEsOnd@r[] @ Elf
fv400050,31.260,36.163,di E+ nA+ ja [] Em vAn honIN zA+ vorzin di hE+ nA+@l@ks pruv@n zA+
fv400050,61.016,62.836,[] v@rtEl@r
fv400050,66.150,70.490,reG@l zEsOnd@rt_twej@nvert@x []
fv400050,70.490,75.269,@m wAnt E+ zA+ hEm honIN lat@n stel@n di hEm zA+ Obrek@n
fv400050,80.384,81.831,[] v@rtEl@r
fv400050,83.229,87.103,[] zEsOnd@rt # vir@ndErt@x
fv400050,88.519,89.623,[]
fv400050,89.623,93.357,vAndax nOx krE+x j@ mer dAn zAt [] v@rtEl@r
fv400050,93.357,94.990,ne vAn vAn rE+nart
fv400050,108.524,112.818,reG@l zEsOnd@rt fertin @ lAxt@ di vAls@ []
fv400050,113.731,115.263,vAls@
fv400050,117.269,118.950,[]
fv400050,118.950,124.876,ja E+ zExt fAls@ []
fv400050,149.897,153.583,vE+fhOnd@rt_t[]vert@x E+ zInd@ O[] @n plAn
fv400050,169.116,170.516,[] [] v@rtEl@r
fv400050,216.764,218.397,[]
fv400050,224.789,228.523,ne
fv400050,273.084,276.164,g dENk @m pErsOnel
fv400050,277.191,281.017,OmdAt hE+ sprekt @m E+G@l@k ja [] [] [] [] []
fv400050,281.017,285.877,@m @t @t @d hevd b@trEkIN mEd @t pErsOnaZ@ zElf vAn @t @ [] @t f@rhal
fv400050,286.858,291.703,ja [] [] En []
fv400050,291.703,298.130,[] # ja ja ja []
fv400050,301.770,304.287,#
fv400050,312.831,315.955,@m v@rtEl@r [] [] bryn
fv400050,319.929,322.029,bryn [] d@ G@vOlG@n ok wEl []
fv400050,322.729,325.698,zAl @ ja [] @t f@rlop sElf ok wEl []
fv400050,331.783,334.397,[] ni me ens
fv400050,335.517,339.157,# ja @
fv400050,339.157,344.431,[] v@rtEl@r wet [] zowEl ov@r_rE+nart Alz ov@r bryn dYs Is t ni pErsOnel
fv400050,344.431,346.518,ni pErsOnel
fv400050,350.450,354.930,E+ wet sowEl idz ov@r_rE+nar[] Alz ov@r bryn
fv400050,360.136,363.729,A+ktOrjel
fv400050,367.883,371.337,[]
fv400050,379.270,381.464,Of_fAnY+t rE+nart []
fv400050,381.464,383.751,[] [] [] []
fv400050,383.751,386.317,[]
fv400050,398.596,400.883,A+ktOrjel OmdAt []
fv400050,402.890,410.428,ja OmdAt E+ [] E+ makt so Ext forspElIN@ vAn wAt @r Gat x@b2r@ dAt [] Em zyr zA+ Obrek@ []
fv400050,410.428,414.044,E+ Iz bE+na E+ wed E+G@l@k Al wAt @r Gat x@b2r@ [] [] v@rtEl@r lat_tA og dY+d@l@k mErk@
fv400050,414.044,416.378,dYs [] dYs mer A+ktOrjel
fv400050,418.616,421.976,@m [] v@rtEl@r [] wet mer Alz d@ lez@r
fv400050,421.976,428.370,Ale E+ lat sin dAt E+ Al mer wet_tAn @ d@ pErsOnaZ@s_sElf wAt @r Gat x@b2r@
fv400050,462.887,465.363,[]
fv400050,504.309,509.033,dAt [] [] @ Y+t rE+nart s@n stAntpYnt
fv400057,0.000,5.161,ny wAner j@ @s ev@tj@s In j@ hAndbuk nar di kart kE+kt Ob_blAtsE+d@ vir@ntwInt@G En vE+v@ntwInt@x
fv400057,5.161,6.430,dAt sE+n ok
fv400057,6.430,9.890,tOpoGrafis@ kart@ mar dar heft mEn_nOx its mer
fv400057,9.890,12.530,me G@dan nam@l@k sfEn
fv400057,12.530,15.440,Gut mEn heft_ti kl2r@n G@Gev@n
fv400057,15.440,17.286,ja ny
fv400057,17.286,19.230,d@ hoxt@lE+n@ zE+n
fv400057,19.230,21.200,nit so mAk@l@k t@ zin
fv400057,21.200,24.060,ny j@ kAn j@ kAn wEl
fv400057,24.060,27.360,t@ wet@ kom@n wElk@ kl2r@n
fv400057,27.360,31.896,wElk@m @ hoxt@ vorstEl@ wAner j@ Gat kE+k@n_nar d@ l@GEnd@
fv400057,31.896,36.480,En dAn an jYli d@ vrax d@ laxst@ del@ mEt wElk@ kl2r Gat mEn di
fv400057,36.480,39.675,werGev@n d@ laxst@ del@ jAnik
fv400057,39.675,43.633,@t lIxtst@ Grun s s s s
fv400057,43.633,46.499,ja Ind@rdat @t Is mEt xrun
fv400057,46.499,49.193,mar hu dONk@rd@r @t xrun
fv400057,50.150,53.940,wA wIl dAt sEG@ GErt hu laG@r @t x@leG@ Is
fv400057,53.940,56.140,zer Gut dYs mEn Gat fArijer@
fv400057,56.140,59.030,In tInt@ vAn Grun dONk@rGrun @t laxst@
fv400057,59.030,61.890,En_nIxt @t lIxt@r Grun dAn wOrt @t Al @m betj@ hoG@r
fv400057,61.890,64.250,ja
fv400057,64.250,65.840,ja nAtyrl@k warOm
fv400057,65.840,68.150,OmdAt @r warsxE+nl@k dar Ob di plats
fv400057,68.150,71.110,nit so hel vel lax@leG@ del@ zE+n
fv400057,71.110,75.230,dYs Gel Gat mEn G@brY+k@ vor d@ kl2r@ @ vor d@ hoxt@
fv400057,76.550,79.740,hu zA+ j@ dA kYn@ num@n dAd Is Al@s wAt_tar @m betS@
fv400057,79.740,82.150,tYs@nIn lIxt hE dYs
fv400057,82.150,84.400,dAt num@ w@ mat@x m
fv400057,84.400,87.030,En dAn hEb@ w@ nOx d@ hoG@r@ del@
fv400057,87.030,90.201,In wElk@ kl2rtInt@ Gat mEn di kl2r@ mAts
fv400057,90.201,94.010,brY+n En wElk@ vArijasi zIt @r In d@ tInt@ vAn brY+n
fv400057,95.010,97.690,wElk@ del@n zE+n @d_dONk@rst@ brY+n
fv400057,97.690,98.707,j@run
fv400057,99.326,101.640,el Gut u hoG@r j@ Gat
fv400057,101.640,104.170,hu dONk@rd@r d@ tInt brY+n
fv400057,104.170,105.870,dAt xan w@ Iz ev@tS@s OpsxrE+v@
fv400057,105.870,108.130,Ob_blAtsE+d@ zev@tin bov@nan
fv400057,108.130,111.149,mAx j@ sxrE+v@n m@n vraxt
fv400057,111.149,115.285,wElk@ kl2rOpenvOlGIN G@brY+k@ w@ Op @n r@ljEfkart fAn hox nar lax
fv400057,115.285,117.146,wEl hox
fv400057,119.010,120.055,Iz brY+n
fv400057,122.003,123.485,mat@x
fv400057,126.083,127.310,Is Gel
fv400057,130.220,131.810,En lax
fv400057,135.330,136.812,Is Grun
fv400057,138.328,139.040,ja
fv400057,140.662,141.237,nI
fv400057,143.608,146.201,ja jA jA
fv400057,146.201,147.990,Ind@rdat ny
fv400057,147.990,152.321,wAner j@ In j@ AtlAs xat kE+k@ dAn zAl j@ zin dAt mEn dAt for Al@ kart@n
fv400057,152.321,155.190,Ob d@zElvd@ mAnir Gad_dun En mEn heft_tAd ok zo
fv400057,155.190,158.760,Afx@sprok@ dAs ynivErsel dYs mEn dut_tAt ov@rAl
fv400057,158.760,161.890,Ob d@zElvd@ mAnir And@rs xa j@
fv400057,161.890,168.400,wAner j@ [] r@ljEfkart fAn @n G@bit xat krE+x_xa j@ d@r nit an Y+tkYn@ ja j@ kAn_nAtyrl@k AltE+t_t@ l@GEnd@ Gan ratpleG@
fv400057,168.400,172.690,ny b@GrE+p j@ og dAt wAner j@ b@vorbelt @n r@ljEfkart sA+ mak@ vAn lir m
fv400057,172.690,174.990,En j@ Gat_tar @n l@GEnd@ vor mak@
fv400057,174.990,176.700,Oft@wEl Ga j@ zEG@ vAn
fv400057,176.700,178.840,Ik_kl2r z@ hel@mal dONk@rGrun
fv400057,178.840,182.960,wAnt [] @t xat ni fel @ v@rsxIl@ In hoxt@
fv400057,182.960,184.900,Oft@wEl Ga j@ Al @n s
fv400057,184.900,188.290,@n vArijasi mak@ mEt @n klE+n antAl met@r b@vorbelt sEG@n
fv400057,188.290,191.420,vAn_nYl @ k sAl ny mar zEG@ vAn_nYl tOt fE+f met@r
fv400057,191.420,196.120,Is Grun vAn vE+f met@r tOt_tin Gel vAn tin tOt fE+ftin brY+n
fv400057,196.120,199.140,En dAn krE+x j@ tOx @ klE+m betj@
fv400057,199.140,201.610,vArijasi wE+ Gan dAt so og dun wAnt And@rs
fv400057,201.610,204.140,mut j@ E+G@l@k lir Als j@ ja
fv400057,204.140,208.302,dAt xad b@kE+k@n Op wer@ltflAk mut x@ lir e@l@mal G@won dONk@rGrun kl2r@n E
fv400057,208.302,211.170,dAn zIt @r bE+ Ons nIks r@ljEf In
fv400057,211.170,213.810,ma wE+ Gan tOx prOber@ vAn d@r @ klE+n betS@
fv400057,213.810,216.610,v@rsxIl In t@ zin ja
fv400057,216.610,218.945,wE+ Eb@ darstrAgz di tOpoGraf@s@ kart
fv400057,218.945,225.370,b@kek@n En dar Gan w@ ev@ntj@s its @m ov@r OpsxrE+v@n E[] dYz b@sprekIN vAn d@ kart fAn en vE+v@ntwInt@GdY+z@ntst@
fv400057,225.370,228.450,b@ordel d@ r@ljEfEl@mEnt@ vAn @t x@bit Ob d@ kart
fv400057,228.450,230.540,hoxt@ erst Aflez@
fv400057,230.540,233.450,d@ laxst@ hoxt@lE+n wAs huvel met@r
fv400057,233.450,234.600,olEx
fv400057,234.600,236.690,Op Onz@ kart hE olEx
fv400057,236.690,238.560,Ob di vAn Ons d@ dez@
fv400057,238.560,240.590,wet j@ t nOx
fv400057,240.590,242.840,@t laxst@ kristOf
fv400057,242.840,245.200,vir met@r En d@ hoxst@
fv400057,245.200,248.420,dErtin dYs j@ mAx sxrE+v@n tYs@n vir
fv400057,248.420,251.550,met@r En dErtin met@r dYz bE+
fv400057,251.550,254.850,hoxt@ tYs@n vir met@r
fv400057,256.000,258.090,En dErtin met@r
fv400057,261.270,263.087,En Iz dAt_tAn vOlG@s jYli
fv400057,264.190,267.480,lax@leG@ hox@leG@ ja
fv400057,267.480,270.705,lax E dYs zEt mar kOmA
fv400057,270.705,274.117,En dAn sxrE+f j@ dar nOx Axt@r laxx@leG@n
fv400057,275.467,277.450,dAd Is nOx bE+ []tsElvd@ pYntS@ jA
fv400057,282.120,284.210,d@ hElINsflAk@ dAn
fv400057,284.210,287.230,ny j@ kAn d@ kart nOx @s ev@ntj@z op@lEG@n
fv400057,287.230,290.960,En @s xan kE+k@n hu d@ hoxt@lE+n@n t@n OpsIxt@ vAm_m@kar
fv400057,290.960,294.420,G@tek@nt sE+n En dENk t@rYx an @t sxemA
fv400057,294.420,296.890,wAd Ig darstrAks Op @d bOrt hir G@makt hEp
fv400057,296.890,298.430,sfEn
fv400057,298.430,301.210,ja wAnt_t@ hoxt@lE+n@ lIG@n
fv400057,301.210,303.180,vEr Y+t Elkar E dYs
fv400057,303.180,305.820,bE+ hElINsflAk@ mAx j@ sxrE+v@n zAxt
fv400057,310.210,312.960,wAd_dENk@ jYli In v@rbAnt
fv400057,312.960,316.087,mEt d@ hoxt@v@rsxIl@n
fv400057,316.087,317.237,j@run
fv400057,318.304,319.278,@m
fv400057,319.278,323.128,w@ sprek@n Ob dA mOmEnt ni-j-ov@r zwAk ma w@ Gan @t @m betj@ And@rz Y+trYk@n
fv400057,323.128,326.231,ja klE+n ja zer Gut klE+n
fv400057,328.324,331.778,En d@ rivirInsnE+dIN ny j@ kAn Ob di kart
fv400057,331.778,335.918,G@rYst @s xan kE+k@n_nar d@ net@-n-En d@ Grote En d@ klE+n@ net@
fv400057,335.918,337.677,ja
fv400057,337.677,340.197,Ondip zer Gut
fv400057,340.197,343.387,wElk@ hoxt@lE+n zi j@
fv400057,343.387,345.907,b@vorbelt zer dIGd bE+ d@
fv400057,345.907,348.217,net@ stan
fv400057,348.217,350.907,wElk@ hoxt@lE+n zi j@ In d@ byrt fAn d@ net@
fv400057,350.907,353.294,ja di vAn vE+f met@r
fv400057,353.294,355.577,dYz dA b@tek@nt E dAt_tAt
fv400057,355.577,359.090,hel_lax E+G@l@k Is E dYs Ondip E zer Gut
fv400057,360.407,364.822,dAn zi j@ stan r@ljEf En Afstrom@nt wat@r dAt xan w@ ev@ntS@s
fv400057,364.822,367.107,@m lat@n vor wAd @t Is
fv400057,367.107,369.467,mar w@ Gan nar Onz@
fv400057,369.467,371.727,vOlG@nd@ sort fAn kart
fv400057,371.727,375.297,ErIn@r j@ j@ nOG dAt w@ vor@x trimEst@r bE+ d@ AlG@men@
fv400057,375.297,377.547,bE+ @t AlG@men@ temA
fv400057,377.547,379.650,@n sort fAn kart hEb@ G@hAt
fv400057,379.650,385.501,war Alen @d b@lAN@rE+kst@ nOx mar OpstOnt_t@ b@lAN@rE+kst@ weG@n d@ b@lAN@rE+kst@ rivir@n
fv400057,385.501,388.580,u hEb@ w@ di kart ok wer G@numt
fv400057,393.579,394.522,dZEfri
fv400057,394.522,398.647,ja Ind@rdat_tAt wAs @n ref@rEnsikart ja
fv400057,398.647,401.100,ny Onz@ vOlG@nd@ stAp
fv400057,401.100,405.021,Onz@ vOlG@nd@ stAp Is Om @s t@ Gan kE+k@n Ob d@ rIf@rEnsikart
fv400057,405.021,407.420,hu d@ hoxt@lE+n@n
fv400057,407.420,413.764,ny darOp x@tek@nt sE+n wAnt kE+k d@ rIf@rEnsikrakart_ti j@ ny Gat krE+G@n
fv400057,413.764,416.350,ja j Ept s@ d@r ir lOz In zIt@ jON@
fv400057,416.350,419.480,di-j-At AlAN mut@ G@pErfOrert sE+n
fv400057,419.480,422.672,kE+k ev@tj@s nar @t f@rsxIl Onz@ bazIskart
fv400057,422.672,425.410,blE+ft Y+t@rar Y+t@rart @tsElvd@
fv400057,425.410,428.210,mar w@ Gan @r tElk@ns its an tuvuG@n
fv400057,428.210,434.030,En In dIt x@vAl zE+n dAt hel@ klE+n@ fE+n@ lE+ntS@s [] @t sE+n mEt And@r@ word@ d@
fv400057,434.030,436.870,hoxt@lE+n@ ny Als j@
fv400057,436.870,439.610,Is nar di rIf@rEnsikart xat kE+k@n
fv400057,439.610,442.739,zuk dAn @z Ob dez@ kart d@
fv400057,442.739,445.330,hoxt@lE+n mEd @t laxst@ sE+f@r
fv400057,445.330,448.756,En d@ hoxt@lE+n mEd @t hoxst@ sE+f@r kE+k @s ev@ntS@s
fv400057,448.756,451.960,En ny Gan w Iz an d@ hAnt fAn dez@ kart
fv400057,451.960,454.206,ny Gan w Iz an d@ hAnt fAn dez@ kart
fv400057,455.600,459.887,@m par b@slY+tj@s fOrmyler@n In v@rbAnt mEd Onz@ r@ljEfEl@mEnt@n
fv400057,459.887,461.800,s s s
fv400057,463.860,465.027,jEl@
fv400057,466.170,467.420,lY+st@r jE+
fv400057,468.640,471.090,hEb Ik x@zExt_tA j@ dAd muzd_dun
fv400057,471.090,475.120,nen dYz dAn Ga j@ dAt mOmEntel nOx nid_dun
fv400057,475.120,480.120,wi Geft @r mE+ @s @t laxst@ ho oxt@sE+f@r dA j@ Ob dez@ kart kAn
fv400057,480.120,481.520,t@rYxfInd@
fv400057,483.977,485.060,GErt
fv400057,486.550,488.470,vE+f met@r En
fv400057,488.470,490.820,@t hoxst@ hoxt@sE+f@r
fv400057,490.820,492.572,olEx
fv400057,492.572,494.245,vE+v@ntwInt@x met@r
fv400057,494.245,498.010,wEl dAt mAx j@ Al nOter@n Ob_blAtsE+d@ Axtin bov@nan
fv400057,498.010,500.860,Ob_blAtsE+d@ Axtin bov@nan
fv400057,501.970,506.910,r@ljEf In d@ E+G@n strek Ob d@ fAsEtkard b@ordel d@ r@ljEfEl@mEnt@
fv400057,506.910,510.353,hoxt@ erst Aflez@ tYs@n vE+f
fv400057,510.353,514.490,tYs@n vE+f En vE+v@ntwInt@x met@r
fv400057,514.490,518.681,tYs@n vE+f En vE+v@ntwInt@x met@r
fv400057,518.681,522.120,ny wAner w@ dAt xan b@kE+k@n
fv400057,523.103,524.820,dYs Op @
fv400057,524.820,527.890,ja lat Ik sEG@m bElGij@ wer@ltflAk
fv400057,527.890,530.910,wAd_dENk j@ dAn ov@r d@ lIGIN w@ zIt@n_ny
fv400057,530.910,534.430,lir AntwErp@n mEx@l@n In
fv400057,534.430,537.120,dAt x@bit jAnik
fv400057,537.120,540.012,nOG AltE+t lax@leG@n E
fv400057,543.464,550.580,ja ny krE+x j@ hir Ind@rdat ja dAs @n hel@ Guj@ OpmErkIN ny krE+x j@ hir Ind@rdat @n And@r hoxt@lE+n@nInt@rvAl I
fv400057,550.580,556.510,dYs wAt j@ zit wAner j@ twe OpenvOlG@nd@ hoxt@lE+n@ b@kE+kt_tAt @r @n v@rsxIl Is vAn vE+f met@r
fv400057,556.510,561.950,ja dYs j@ mAx sxrE+v@n tYs@n vE+f En vE+v@ntwInt@x met@r laxx@leG@
fv400057,561.950,564.810,wAd_dENk j@ ov@r d@ hElINsflAk@
fv400057,564.810,567.770,nAtyrl@k xat @t Om @n And@r@ kart ny
fv400057,567.770,572.508,w@ krE+G@n @n Grot@r G@bit w@ krE+G@n @n And@r hoxt@lE+n@Int@rvAl
fv400057,572.508,574.560,sfEn
fv400057,576.007,583.290,dENk j@ j@ mut @s kE+k@ dYz AS_S@ vAn lir nar AntwErp@ Gat En j@ Gat_tAn kE+k@ nar d@ hoxt@lE+n@
fv400057,583.290,586.040,vOlG@ di hel dIxt Op m@kar
fv400057,586.040,588.790,nen I dYz d@ hElINsflAk@ zYl@ nOx stets
fv400057,588.790,591.354,zAxt sE+n zek@r zAxt
fv400057,592.880,595.697,wAd_dENk j@ ov@r d@ hoxt@v@rsxIl@ mAts
fv400057,596.815,598.572,di zE+n_nOx AltE+t klE+n
fv400057,599.860,606.670,En d@ rivirInsnE+dIN jA w@ zIt@n_nOx AltE+t mEt Onz@ net@ j@ kAn m@sxin @s xan kE+k@ In d@ byrt fAn d@ dE+l@
fv400057,606.670,608.979,Of ja
fv400057,608.979,615.130,mar di stat @r mar vor @n hel klE+n stYkj@ Ob dYz dar Ga j@ ni hel vel kYn@n @ zin I mar Ig dENk mixAEl
fv400057,615.130,617.330,dAt_tAt nOx AltE+t Ondip Is
fv400057,620.790,621.790,Gut
fv400057,623.590,626.640,jYli Gan @t fOlG@nd@ dun En dAd Is erst En vorAl
fv400057,626.640,629.660,di rIf@rEnsikart ens t@rYx f@rvOled@G@n
fv400057,629.660,633.340,zoAls Afx@sprok@n weG@n mEt rot
fv400057,633.340,636.752,rivir@n kAnal@n dYs Al @t wat@r
fv400057,636.752,639.710,mEt blA+ ja
fv400057,642.400,644.221,[] @t xad bE+na bEl@n dYs
fv400057,646.790,648.550,ja
fv400057,650.360,652.700,j@ hEpt_ti rIf@rEnsikart_tOx
fv400057,654.170,661.160,Ik xa z@ strAks prOjEkter@ mar di kart_ti kEn j@ Al I hAnz dAd Is nit niw j@ hEpt_ti In j@ kAft zIt@n
fv400057,661.160,667.590,ja En Ond@rtYs@ kEn jE+ di Al vor @n Grod_del wAnt j@ Ept s@ vor @n Grod_del ok sElf ler@ tek@n@n E
fv400057,667.590,669.950,v@rtrEk fAn d@ rIN rOnt lir
fv400057,669.950,671.831,ja
fv400057,11.838,13.431,[]
fv400057,38.720,40.130,@t lIxtst@ Grun
fv400057,40.903,43.450,ne @t_tONk@rst@ []
fv400057,51.018,52.519,u laG@r
fv400057,61.480,64.483,m@vrA+ d@n Elft Is tOx_xel
fv400057,80.120,80.813,tys@
fv400057,89.473,90.880,brY+n
fv400057,98.070,99.940,d@ hoxst@ del@ zE+n t_tONk@rst
fv400057,139.241,141.237,@ Iz dAt_tAn vor Elk lAnt And@rs wAnt
fv400057,141.237,143.525,hir sta brY+n En dAn [] tOt_twInt@x met@r
fv400057,143.525,146.109,[] AxtY+z@nt AxtOnd@rt [] [] [] []
fv400057,233.780,235.650,@m
fv400057,239.155,242.618,[] [] @t laxst@ []
fv400057,242.618,243.670,vir
fv400057,244.802,246.610,dErtin
fv400057,267.111,269.204,[]s Al@mal Erx lax
fv400057,274.117,276.350,[] bE+ tsElvd@ []
fv400057,297.814,299.200,zAxt
fv400057,300.544,301.980,vEr Y+t []
fv400057,317.315,318.678,zwAk
fv400057,323.274,324.182,klE+n
fv400057,336.827,338.277,Ondip
fv400057,350.688,351.787,[] vE+f
fv400057,385.060,386.333,[] [] []
fv400057,393.930,395.633,[] ref@rEnsikart
fv400057,433.431,434.970,[] []
fv400057,461.044,463.860,mut_t@ dA ok wer andY+d@ di weG@
fv400057,467.367,469.778,ja
fv400057,469.778,471.416,@ ne
fv400057,484.997,486.550,vE+f met@r
fv400057,492.080,493.390,vE+v@ntwInt@x met@r
fv400057,536.327,537.610,lax
fv400057,538.663,544.167,As x@ ny dA Is tOx fAn vE+f tOt_tin En vAn tin tOt_twInt@x []
fv400057,573.610,575.930,mat@x
fv400057,585.352,586.398,ne
fv400057,588.172,589.910,[] zAxt
fv400057,595.351,597.720,@m klE+n
fv400057,606.613,608.210,[] [] d@ sxEld@
fv400057,614.483,616.010,Ondip
fv400057,645.668,646.801,m@vrA+
fv400057,646.801,650.670,@m di-j-en mEt_ti stipkes_so []
fv400057,652.214,654.520,ja []
fv400225,0.000,4.414,erst@ vorbelt_tA j@ dar zit stan dAd Iz dY+d@l@k @n
fv400225,6.390,8.190,Invur wAnt_tAd Is
fv400225,8.190,11.613,wE+n di AfkOmst@x sAl zE+n vAn
fv400225,11.613,14.224,vAnY+t frANkrE+g dYz dY+d@l@k Invur
fv400225,14.224,16.764,warOm vur@ wE+ frAns@ wE+n In
fv400225,16.764,17.823,notsak
fv400225,18.811,22.304,wIl dAd_dAn zEG@n wAnt so mAx j@ notsak Ext sin I jok@
fv400225,22.304,25.996,wIl dAd_dAn zEG@n dAt @r bE+ Ons Gen wE+n kAN G@prOdysert wOrd@n
fv400225,25.996,29.220,nen d@r wOrd@n tOG ok bE+ Ons wE+n@ G@prOdysert
fv400225,29.220,31.908,dYz Ik sA+ @t ni sozer notsak num@n
fv400225,31.908,36.778,vork2r zA+ Ik erd@r anGev@n Ik Eb_bE+ sOm@G@n @n And@r@ red@n zi stan
fv400225,36.778,38.839,bE+ sOm@G@ stOnt @r
fv400225,38.839,40.447,prE+sf@rsxIl
fv400225,41.647,42.882,dAd Is t@ zin
fv400225,42.882,46.058,kYnt xE+ ok hel@ dyr@ frAns@ wE+n@ kop@n_nAtyrl@k I
fv400225,46.940,51.563,jA Ik wet k wet_tA ni k_kEn d@r ok ni x@nux fAn Om t@ wet@n Ov dA j@ Ind@rdat
fv400225,51.563,53.327,@n G@lE+kward@G@
fv400225,53.327,58.485,wE+n aN kwAlitE+t bE+ Ons kYnt prOdyser@ vor @nzElvd@ prE+s wet Ig dYz ok nit
fv400225,58.485,59.332,jA
fv400225,62.154,63.672,ja ja ja ja mA ja
fv400225,63.672,68.435,G@ mud @t ok ni sin AlzOv dA xE+ Alen di wE+n mut xan prOdyser@ vor yzElv Alen I
fv400225,68.435,72.035,jA dYs zo mut j@ t ok ni xan zin GInd@r
fv400225,72.035,75.175,GInd@r eft mEn Ind@rdat di sEr@s nit nod@x
fv400225,75.175,77.081,jA AluwEl hir Ep j@ tOx ok
fv400225,77.081,78.845,@n drY+v@strek I bE+ Onz I
fv400225,78.845,81.562,In hujlart Ep j@ tOx ok hujlart ov@rE+s@
fv400225,81.562,85.097,d@ drY+v@strek En di wOrd@n tOG ok ni-j-Al@mal In sEr@z dAN G@kwekt I
fv400225,85.097,88.630,nAtyrl@k xInd@r Iz @t wEl its x@mAk@l@k@r Is t klimat wEl bet@r
fv400225,88.630,90.354,@t_twed@ vorbelt
fv400225,90.354,92.577,wA si j@ dar Afx@belt stan
fv400225,94.271,97.129,Elk@ spelGut spesifig dAn
fv400225,98.153,99.458,leGoblOkj@s
fv400225,100.129,102.422,Gat @t_tar ov@r Invur Of Y+tfur
fv400225,102.422,105.409,Invur wAnt war wOrd@n di G@prOdysert
fv400225,107.433,108.774,den@mArk@n
fv400225,108.774,110.785,ja den@mArk@n
fv400225,111.391,115.096,war dAt x@prOdysert wOrt warOm vur@ wE+ dAt In
fv400225,118.871,121.082,dENk j@ dAt_tA sovel Gukop@r zA+ zE+n
fv400225,121.082,124.023,dAn wIl dA sEG@n dA wE+ dA bE+ Onz ok_kYn@ prOdyser@n I
fv400225,126.670,128.681,notsak sA+ Ik ok sEG@n
fv400225,128.681,129.845,g dENk @t wEl
fv400225,129.845,133.727,sOm@G@n Gev@ m@sxin d@ vork2r an dA s@ zEG@ vAn
fv400225,133.727,135.068,mEn wIl Alen mar
fv400225,135.068,139.379,spesifig di leGoblOkj@s mar Ig dENk ni dA j@ vel And@r@ bA+blOk@n hEpt I
fv400225,140.685,142.766,plemobil Is t And@r
fv400225,142.766,145.660,knEks ny mar knEks Is Is ni
fv400225,145.660,149.541,k wet ni-j-Ov dA j@ dAd Ext fOled@x mAx f@rG@lE+k@n mEt mEt leGoblOk@n
fv400225,149.541,150.741,knEks
fv400225,150.741,153.846,knEks fIn Ig dA x@ mer kYnt f@rG@lE+k@ mE fruG@r AlI ja
fv400225,153.846,156.316,As wE+ klE+n war@ mEt_t@ mekAno
fv400225,156.316,157.339,ja
fv400225,157.339,162.174,Om Inen t@ bA+@n Ig dENk ni dA j@ knEks [] Ext mAx_xan v@rG@lE+k@ mE Ik sEx ni
fv400225,162.174,165.770,dYs mEt_t@ leGoblOk@n In zE+n G@hel ok I G Ept nAtyrl@g di
fv400225,165.770,170.049,di Grot@r@ leGo dYs war dA j@ ok mASin@s xad bA+@n En zo
fv400225,170.049,174.495,dAN kAn j@ t wEl v@rG@lE+k@ mar knEks evd b@lAN@ ni so @N GAmA zoAlz dA leGo eft fAn
fv400225,174.495,177.035,nYl jar tOt wet Ik fel wAt
fv400225,177.035,179.647,dYz Ig dENk Ind@rdat erd@r notsak
fv400225,179.647,182.575,ja d@r zE+n wEl vAn di namagblOk@n I
fv400225,182.575,184.798,ja dYs namagbA+blOk@n
fv400225,184.798,190.374,d@r zE+n d@r zo wEl mar AS_S@ dA b@kE+kt leGo eft @N GAmA dAt E+G@l@g b@GInt Op nYl jar tOt
fv400225,190.374,191.826,plemobil
fv400225,191.826,195.602,zA+ j@_@m betS@ kYn@ v@rG@lE+k@n AluwEl plemobil erd@r
fv400225,195.602,197.366,Op fiGyrk@s
fv400225,197.366,199.413,G@bAzert Is
fv400225,199.413,202.553,ok ni Ext blOk@n I bE+ plemobil
fv400225,202.553,206.541,ja dYz Ig dENk leGo Ext wEl @n_notsak
fv400225,206.541,208.975,ja @d_dErd@ vorbelt
fv400225,210.951,214.021,sofi Invur
fv400225,214.021,217.479,En dAn b@dul jE+ ov@r wElk prOdYkt sprek j@ dAn spes@fik
fv400225,218.573,221.931,ov@r di kOmpjut@rs En warOm Ga j@ kOmpjut@rs Invur@n
fv400225,221.931,224.225,OmwIl@ vAn @t prE+sf@rsxIl evEntywel
fv400225,224.225,228.142,mEm b@dult_tAn m@sxin wEl ni spes@fik @n vOled@G@ kOmpjut@r ja
fv400225,228.142,230.788,mar Al@rlE+ Ond@rdel@n di dAn
fv400225,230.788,235.905,G@makt wOrd@n In Azijatis@ lAnd@m b@vorbelt war d@ lonkOst@n dAn vel_laG@r zE+n
fv400225,235.905,238.128,zodan@x dAt_tAt xutkop@r wOrt
fv400225,238.128,239.892,jA vir
fv400225,242.539,245.573,warme zA+ dAt t@ mak@n hEb@n
fv400225,245.573,247.379,Elk@
fv400225,247.379,249.884,Invur wAnt_tA xat ov@r wElk prOdYkt
fv400225,251.155,252.848,bEnzin I Al@rlE+
fv400225,252.848,254.220,oliprOdYkt@n
fv400225,254.220,257.047,di wOrd@n InG@vurt En dAn Ep j@ t Ind@rdat
fv400225,257.047,260.470,notsak I wAnt_tA hEb@ w@ bE+ Onz dYs nit I
fv400225,263.540,265.657,dAn vE+f d@ bAnan@n
fv400225,267.845,269.433,E wElk@ red@n
fv400225,269.433,271.127,notsak ok I
fv400225,271.127,272.503,ja dYs Invur
fv400225,272.503,274.449,En ok d@ notsak
fv400225,274.449,275.826,dAn zEs
fv400225,276.990,279.531,dar Is t nAtyrl@k wEl its mujl@k@r wAnt
fv400225,279.531,281.577,dENk ni dA j@ dar Ext
fv400225,281.577,283.377,jawEl G@ kYnt @t mErk wEl
fv400225,283.377,286.059,mIn Of mer AflE+d@ t xat ov@r @n mil@
fv400225,288.070,289.905,En dAn Iz @t Y+tfur
fv400225,289.905,290.716,jA
fv400225,293.222,295.233,En wElk Iz d@ red@n darvor
fv400225,295.233,296.821,vork2r dY+d@l@k I
fv400225,296.821,297.456,jA
fv400225,299.226,306.319,mil@ lAN G@west dAt mEns@n d@ vork2r Gav@n Om mil@tustEl@n t@ kop@ vorAl dAn wAsmASin@s
fv400225,306.319,308.260,droxkAst@n wet j@ warOm
fv400225,309.953,313.376,bE+ jYli zAl dA m@sxin Al ni mer @t x@vAl zE+n mar Ik wet sek@r
fv400225,314.223,318.351,bE+ mE+n A+d@rz Az dAd OpkwAm d@ erst@ wAsmASin@z di mEN GIN kop@n
fv400225,318.351,321.774,dA must E+G@l@k wEl n@ mil@ zE+n or wAnt
fv400225,321.774,323.927,d@ kwAlitE+t_ti war@n ok
fv400225,323.927,327.850,zer deG@l@k In di zIn di GIN@n ok vel lAN@r me
fv400225,327.850,332.578,dAn And@r@ wAsmASin@s fAn And@r@ mErk@n di-j-In @d bY+t@lAnt x@prOdysert war@
fv400225,332.578,339.035,Ik sEx wEl deG@l@k GIN@n lAN@r me G@prOdysert war@n In @d bY+t@lAnt wAnt ny Iz @t wEl zo
fv400225,339.035,343.199,dAt d@ tExnik fAn Al@ And@r@ mErk@n ok Al zodan@x
fv400225,343.199,346.269,stErk f@rfE+nt Is dAt_ti mASin@s Op sIx
fv400225,346.269,347.786,ev@ lAN me kYn@ Gan
fv400225,347.786,350.644,warOm Gat mEn dAn vak nOx
fv400225,350.644,353.044,vork2r Gev@n an @n mil@
fv400225,353.044,355.912,OmdAt @d bElGiz Is mar ok OmdAt
fv400225,355.912,361.493,d@ @t @d bY+t@mAt@rjal dYs ja u mut Ig dA num@n d@ rOmp fAn t wAsmASin E+G@l@k dYz d@m bY+t@kAnt
fv400225,361.493,363.212,dAt_tAt Ind@rdat fAm_mil@
fv400225,363.212,365.965,ErG@z deG@l@k@r Is dYz dAt_tAt Ext nOx
fv400225,365.965,369.564,metal Is t@rwE+l dAt_t@ rEst E+G@l@k mer kYnststOf@n zE+n
fv400225,369.564,374.433,mar kwa motOr mar vruG@r wAz dA wEl zo or d@ motOr En zo di-j-In @n mil@wAsmASin@ zAt
fv400225,374.433,377.891,GIN b@dY+d@nt lAN@r me vel mer jar@n me
fv400225,377.891,380.714,dAm b@vorbelt_t@ motOr vAn En dAN kOn dAt sElfs nOx
fv400225,380.714,383.543,@n filipswAsmASin@ zE+n b@vorbelt
fv400225,383.543,386.507,ja mar dAd Is ny blE+gbar
fv400225,386.507,388.483,zEG@n d@ v@rkop@rs nAtyrl@k
fv400225,388.483,390.283,jA ni mer @t x@vAl
fv400225,390.283,392.047,ja dAn zev@n
fv400225,394.270,396.211,wAt si j@ dar stan
fv400225,396.211,399.069,Y+tfur wAnt @t xat ov@r wElg bir
fv400225,399.069,402.421,GrImbErG@n dYz dY+d@l@k @m bir dAt In Ons lAnt
fv400225,402.421,406.726,G@prOdysert wOrt En wAt sAl d@ red@n darvor zE+n
fv400225,406.726,407.856,vork2r
fv400225,407.856,408.744,jA
fv400225,408.744,415.695,t xat mE+ ni sEG@n dAt @r In And@r@ lAnd@n Gem bir@n G@prOdysert wOrd@n Y+t@rart I En dAn @t latst@ vorbelt
fv400225,415.695,417.742,dar zi j@ wAt Afx@belt @n
fv400225,418.906,421.411,A+tobYs En dAN Gat @t ov@r
fv400225,424.270,425.893,Y+tfur
fv400225,425.893,428.327,ja w@ hEb@n @t_t@rnEt aNG@Gev@n I
fv400225,428.327,431.468,ja En wElk@ zAl dar d@ red@n vor zE+n
fv400225,432.350,433.903,dAd_dENk @k ni
fv400225,433.903,435.814,Ig dENk erd@r prE+sf@rsxIl
fv400225,435.814,438.849,dYs_soAlz di firmA di w@ d@rnEt hEb@n aNG@Gev@n
fv400225,438.849,441.813,di firmA vAn hol di dYs Ext wEl x@kEnt Is
fv400225,441.813,443.330,OmwIl@ vAn
fv400225,443.330,445.765,di prOdYkt@n
fv400225,445.765,449.188,jA
fv400225,449.188,452.790,wAt sAl d@ vornamst@ red@n En dA xan w@ vlYx nOx
fv400225,452.790,455.892,AfwErk@ vAndax wAt sAl d@ vornamst@ red@n zE+n
fv400225,455.892,459.174,warOm bElGij@ b@pald@ prOdYkt@n Gat ImpOrter@n
fv400225,459.174,462.779,j@ vult_tAd Al e j@ hEpt_t@rnEt @n antAl vorbeld@n aNG@Gev@n
fv400225,462.779,463.661,j@ hEpt_tar
fv400225,463.661,469.625,bE+ di vorbeld@n zer dIkw@ls Invur mut@ zEt@n En wAt hEp j@ mest Als red@n mut@n aNGev@n
fv400225,469.625,472.518,d@ notsak dYs Y+t notsak
fv400225,472.518,474.212,OmdAt bElGij@
fv400225,474.212,476.047,wE+n@x GrOntstOf@n
fv400225,477.211,478.587,prodysert
fv400225,485.009,489.214,dYz d@ notsak OmdAd bElGij@ wE+n@x GrOntstOf@n prodysert
fv400225,489.214,493.025,wAt @r ny ok wEl vak x@b2rt En sxrE+v dAd @r tOx mar Iz bE+
fv400225,495.107,497.824,vel ING@vurd@ GrOntstOf@n
fv400225,499.871,502.694,dYs vel ING@vurd@ GrOntstOf@n
fv400225,502.694,504.352,wOrd@n In Ons lAnt
fv400225,505.375,506.646,b@wErkt
fv400225,506.646,510.845,Of v@rwErkt En darna t@rYx Y+tx@vurt
fv400225,510.845,513.385,dYs fel ING@vurd@ GrOntstOf@n
fv400225,513.385,515.009,wOrd@n In Ons lAnt
fv400225,515.009,517.520,b@wErkt En v@rwErkt En darna
fv400225,517.520,519.108,Y+tx@vurt
fv400225,520.061,522.143,kAn j@ dar @n vorbelt fAN Gev@n
fv400225,522.143,524.083,En dAn mut j@ dENk Ik
fv400225,524.083,525.706,ok ni sovEr Gan zuk@n
fv400225,525.706,528.141,@m b@drE+v dAd ir jA k sA+ tOx sEG@n
fv400225,528.141,531.705,mIn Of mer wEl In d@ byrt G@leG@n Is
fv400225,531.705,535.445,war @r OnlANs ok nOx @n antAl wek@n stakIN
fv400225,535.445,537.562,G@west Is
fv400225,538.480,540.315,bE+ jok@
fv400225,541.091,542.361,sidmAr
fv400225,542.361,547.096,sidmArzElzat@ sidmArGEnt sExt mEn sOms wAd_dut mEn dar In sidmAr
fv400225,548.649,550.130,E+z@r v@rwErk@n I
fv400225,550.130,557.823,ja dYs mEN Gat Ind@rdat_t@ E+z@rErts Invur@n mEn Gat_ti v@rwErk@n tOd b@vorbelt metal@ plat@n En di wOrd@n zer vel Y+tx@vurt
fv400225,557.823,561.669,sidmAr vurt zer vel Y+t nar AmerikA b@vorbelt
fv400225,561.669,563.292,ja zer vel
fv400225,563.292,570.638,dYs mEn vurt wEl In Y+t notsak mar mEN Gat fel vAn di prOdYkt@n ok xan Y+tfur@ En vAndar dA j@ dA rar
fv400225,570.638,572.510,sistem E+G@l@k_krex
fv400225,572.510,577.695,dA j@ ev@vel Ov dAt y b@lANrE+kst@ InvurprOdYkt@n tOt_ti Grub_b@hord@n
fv400225,577.695,581.118,mar ok A+tomAtis tOt_t@ Y+tfurprOdYkt@n OmdAt_tAd_dIkw@ls
fv400225,581.118,583.658,v@rmElt wOrt Of_f@rwErkt wOrt I
fv400225,583.658,587.787,u kOmt @t dAt fel bY+t@lAnts@ prOdYkt@n zoAls spOrtsxun@n
fv400225,587.787,591.915,EJ_J@ kEnt_tA I d@r Iz Iz @N kAmpAJ@ ov@r G@west fAn spOrtsxun@n rOnt
fv400225,591.915,593.539,Elv Elv Elf sek@r
fv400225,593.539,595.479,@J_Jar Of twe dri G@led@n
fv400225,595.479,597.144,kYnt x y dA nOx ErIn@r@n
fv400225,597.144,598.943,di spOrtsxun@n dAt mEn
fv400225,598.943,601.061,y dYs mE futAvdrYk@n
fv400225,601.061,603.460,wAz dAt Em_mEn lit_tAn hAntek@nIN@n
fv400225,603.460,605.507,zEt@ mEn v@rzam@ld@ hAntek@nIN@n
fv400225,605.507,610.059,Al@rlE+ elEktronis@ ApArat@n warOm zE+n di Gutkop@r In @d bY+t@lAnt
fv400225,610.059,615.316,En Als x y dAn AS_S@ dAn_nOx wet warOm j@ In di tE+t evEntywel j@ hAntek@nIN must sEt@n
fv400225,615.316,619.762,bE+ di spOrtsxun@nkAmpAJ@ zA+ Ig bE+na zEG@n ZyljE~
fv400225,621.844,625.155,ja OmdAt mEn dYz Ind@rdat_t@ prOdYksikOst@n
fv400225,625.155,627.797,dYz d@ prOdYksikOst@n
fv400225,627.797,632.542,zoAls GrOntstOf@n En lonkOst@n En dar GIN @t forAl ov@r
fv400225,632.542,634.765,dYz d@ prOdYksikOst@n zoAls
fv400225,634.765,637.059,GrOntstOf@n En lonkOst@n
fv400225,638.399,640.164,lIG@n In @d bY+t@lAnt
fv400225,640.164,642.210,mestAl hel wAt laG@r
fv400225,643.763,647.115,En dAt hAt j@ Ind@rdat ok pr@siz bE+ di spOrtsxun@n I
fv400225,647.115,649.613,wErd@n dAn In Arm@r@ lAnd@n
fv400225,649.613,654.341,G@prodysert war dAt_t@ lonkOst@n laG@r laG@n Em_mEN GIN dAn zElfs nOx @n stAp fErd@r
fv400225,654.341,657.164,Em_mEn lit_ti Ind@rdat prOdyser@n dor kInd@r@n I
fv400225,657.164,659.955,jA dY+d@l@k
fv400225,5.473,6.743,Invur
fv400225,10.977,12.601,frANkrE+k
fv400225,16.023,17.541,notsak
fv400225,24.880,26.400,[]
fv400225,31.591,32.861,vork2r
fv400225,59.190,62.613,G Ept_tAn tOx nOx d@ kOst fAn sEr@z En Al []
fv400225,93.518,95.272,[]
fv400225,96.870,98.317,@m leGo
fv400225,102.057,103.257,[]
fv400225,106.756,108.394,den@mArk@
fv400225,116.467,118.224,prE+sf@rsxIl
fv400225,125.281,127.433,@m notsak
fv400225,211.497,212.610,Invur
fv400225,217.650,219.145,ov@r di kOmpjut@rs
fv400225,221.126,222.695,prE+sf@rsxIl
fv400225,246.758,247.870,Invur
fv400225,249.539,251.347,[] @ bEnzin@
fv400225,256.481,258.068,[]
fv400225,266.423,267.953,[]
fv400225,268.926,270.282,notsak
fv400225,287.020,288.677,Y+tfur
fv400225,294.270,295.617,vork2r
fv400225,320.889,322.598,kwAlitE+t
fv400225,351.951,354.593,OmdAd @d bElGiz Is
fv400225,395.500,396.994,Y+tfur
fv400225,398.420,399.823,GrImbErG@
fv400225,405.858,407.075,vork2r
fv400225,417.630,419.438,[]
fv400225,423.748,424.896,Y+tfur
fv400225,431.431,432.682,[]
fv400225,432.682,434.480,prE+sf@rsxIl
fv400225,468.780,470.692,[]
fv400225,540.533,541.724,sidmAr
fv400225,547.628,549.181,E+z@r v@rwErk@
fv400225,619.202,622.361,@ klE+n@ kInd@r@n []
fv400279,0.000,2.509,wAt dar b@GOn@n Is
fv400279,2.509,4.696,Ob dAt latst@ avOntmal
fv400279,4.696,9.037,dAt wOrt ny nOx AltE+t x@dan En wEl ho ov@r hel d@ wer@lt
fv400279,9.037,11.471,hu kOmt_tAt E+G@l@k
fv400279,11.471,14.294,dAt mEns@n @m b@pald@
fv400279,14.294,16.517,simbolik di dar
fv400279,16.517,18.317,vorG@dan Iz dor jezYs
fv400279,18.317,19.799,zE+n blE+v@n dun
fv400279,23.292,27.280,wi nar d@ kErk nar d@ mIs xat di hort E+G@l@k AltE+t
fv400279,27.280,29.573,di red@n v@rnum@n
fv400279,33.249,34.096,mik@
fv400279,36.284,41.365,j@ mut ev@ dENk@n an @t Ond@rdel warIn dAt brot En di wE+n sEntral stan d@ kOnsekrasi
fv400279,42.706,46.552,En dAn wOrt @r AltE+t en zIn@tj@ G@zExt d@ red@n warOm wE+
fv400279,46.552,48.140,dAt nOG AltE+d_dun
fv400279,48.140,51.774,mEd brot En wE+n 2xAristi vir@n du dIt
fv400279,53.503,55.479,Om_mE+ t@ G@dENk@ zi j@ wEl dA j@ t we
fv400279,55.479,59.149,E+G@l@k wOrd@n d@ word@n hErhalt_ti jezyz darov@r G@zExt eft
fv400279,59.149,62.748,In Al@ evANGeliv@rhal@ darov@r stat ok dAt jezys frux
fv400279,62.748,65.712,du dIt Om_mE+ t@ G@dENk@n En d@ k erst@ krIst@n@n
fv400279,65.712,66.912,hEb@n dAt x@won
fv400279,66.912,70.017,ov@rG@nom@n hEb@n dar @n ritywel vAN G@makt
fv400279,70.017,75.816,dAt ritywel In d b@GIn wAs wEl nit hel@mal h@tsElvd@-n-Als ny dAd Is nAtyrl@k In d@ lob dEr tE+d@n G@Grujt I
fv400279,75.816,82.097,Als d@ erst@ krIst@n@n 2xAristi vird@n dAt w dAn wAz dAd ok nit IN kErk@ wAnt_ti b@stOnd@n tun nAtyrl@k nOx nit
fv400279,82.097,84.708,war vird@ z@ dAn 2xAristi
fv400279,84.708,88.449,In d@ pArOxizal ok nit wAnt_tA wAs @r tun ok nOx nit I
fv400279,88.449,93.318,ja dAt kOn bY+t@ zE+n mar j@ mut @r wEl rek@nIN me hA+d@n
fv400279,93.318,97.059,dAt_t@ erst@ krIst@n@n en Grot prOblem hAd@n En dAt wAs
fv400279,99.599,101.928,z@ kOnd@n_ni bY+t@ warOm nit mEtjuw
fv400279,104.539,108.562,vwAlA nAtAli hu GIN jE+ dAt Y+trYk@ ja mart@n
fv400279,110.115,113.502,Akort mEt mAtju En nAtAli Gut stEfi
fv400279,113.502,116.395,a nAtAli hErhal @t ens
fv400279,117.248,122.182,Gut @t krIst@ndOm Is_ser snEl @n v@rbod@n GOdzdinst G@wOrd@n I ja
fv400279,123.353,127.770,vwAlA dYs E+A Geft @n And@r@ OplOsIN d@ kAtAkOmb@n
fv400279,127.770,134.121,dAn dENk j@ vorAl an rom@ nAtyrl@k mar di hAt j@ nit ov@rAl I mar wAt wAz dAt In rom@ di kAtAkOmb@n E+A
fv400279,136.521,139.202,E wAt wAz dar E+G@l@g d@ b@dulIN vAn
fv400279,139.202,141.955,warvor war@n di GAN@ dar aNG@lExt
fv400279,141.955,146.683,d@ kAtAkOmb@n war@n j@ kAn z@ ny nOx b@zuk@n G@delt@l@k
fv400279,146.683,149.435,Ond@rGrOnts@ b@Grafplats@
fv400279,149.435,154.799,En OmdAt @ d@ erst@ krIst@n@ v@rOnd@rstEld@n dAt_tar ni fel mEns@ s nAxs xIN@ kom@ rOntlop@n
fv400279,154.799,158.890,hEb@ z@ Ind@rdat di kAtAkOmb@n G@brY+kt Als
fv400279,158.890,162.703,G@hE+m@ bE+eNkOmstplats vor d@ 2xAristi
fv400279,163.521,167.543,sOms IN klE+n@r@ Grupj@s fird@ z@ ok x@won 2xAristi bE+ imAnt_tY+s
fv400279,167.543,172.936,dAd Iz ok hel vak x@b2rt dYs dAt huft nid AltE+t mEt drihOnd@rt mEns@ sam@ t@ zE+n I
fv400279,172.936,177.735,2xAristi wOrt ny vAndax ov@r hel d@ wer@lt nOG AltE+t x@virt ja jonA
fv400279,182.617,186.498,dAt sExt mEn wEl enz I dAt @r ok @n sort kod@tal In Omlop wAs
fv400279,186.498,189.321,Om dAt an m@kar t@ kYn@n ov@rbrEN@ zOnd@r
fv400279,189.321,194.826,dAt Alz imAnt_tAt sA+ OpfAN@n dAt ja @N kod@tal mar Ik_kEn z@ nAtyrl@k ok nit I jonA ne
fv400279,194.826,198.425,hEp jE+ dar ErG@z Iz its fAN G@lez@ m@sxin ja
fv400279,198.425,204.212,Op_pAGinA hOnd@rt sEz@nvert@x En hOnd@rt sev@n@nvert@x stan @m par vorbeld@n
fv400279,204.212,210.563,vAn plats@n In d@ wer@lt war 2xAristi G@virt wOrt En j@ mut_tAt f@rbInd@n
fv400279,210.563,214.521,mEt @n antAl G@Gev@nz di Op_pAGinA hOnd@rt sev@n@nvert@x stan
fv400279,216.144,221.331,j@ krE+xt em_m@nytj@ Om dar evEntywel Al @m par sE+f@rtj@z Ob d@ jY+st@ plats t@ zEt@n
fv400279,222.637,224.214,dYz d@ ObdrAxt Is
fv400279,224.214,229.295,nOter In Elk fAkj@ vAkj@ bE+ d@ foto h@t nYm@r vAn d@ pAs@nd@ kOmEntar
fv400279,231.950,235.408,wIl en hElft fAn d@ klAs m@sxin Ond@ran b@GIn@
fv400279,235.408,238.105,Alz dez@ hElft_ti-j-an d@ kAnt fAn t ram zIt
fv400279,238.105,240.983,ny @s Ond@ran b@GInd bE+ nYm@r tin
fv400279,240.983,243.383,dAn hEp j@_@r Elk mar @n stYk Of_fE+f t@ zuk@n
fv400279,250.440,253.616,z@ v@rwE+z@ dYs In di tEkst@ mEd b@pald@
fv400279,253.616,258.838,el@mEnt@n nar @n b@pald@ foto Ob di mAnir mut jE+ di kYn@ v@rbInd@n
fv400279,52.021,54.703,Om_mE+ Om_mE+ []
fv400279,88.943,89.895,bY+t@
fv400279,98.223,100.199,z@ kOst@ ni bY+t@n
fv400279,101.364,105.210,OmdAt @ z@ mOxt@n_nOG E+G@l@k ni krIst@n@ zE+n vAn []
fv400279,110.124,110.540,[]
fv400279,113.371,114.108,ni xort
fv400279,114.990,118.307,dA s@ GeN krIst@n@n mOxt@n []
fv400279,120.847,124.129,@ ded@ z@ dA dAn_ni-j-In d@ kAtAkOmb@n
fv400279,133.903,136.966,@m Azo Al@mal GAN@n Ond@r d@ GrOnt En zo
fv400279,138.697,139.525,@
fv400279,177.035,183.246,G@brY+kt@ di-j-Ok ni @n sort fAn spesjal@ tal Of so vor dA an t@ dY+d@n dAt @r din@n avOnt [] virIN wAs
fv400279,197.119,198.495,ja
