fv600127,0.000,2.435,@m par hOnd@rt met@r zE+n Afx@lExt
fv600127,2.435,5.415,dor d@ Om Em bE+ fE+ft@x delnemst@rs an dez@
fv600127,5.415,6.628,vrA+@wEtstrE+t
fv600127,6.628,8.269,di-j-@ G@lop@ wOrt Op @n @
fv600127,8.269,9.785,moj pArkur vOled@x
fv600127,9.785,11.072,vlAk En hel Gut
fv600127,11.072,11.988,b@lobar
fv600127,11.988,14.729,@t heft nit Ext fel G@reG@nt_t@ vorbE+@ daG@n
fv600127,14.729,18.530,En @ dardor lIxt @t pArkur @r b@horl@k snEl dYs b@horl@k drox
fv600127,18.530,19.130,bE+
fv600127,19.130,20.540,Ob dIt mOmEnt @
fv600127,20.540,22.165,AJA smOld@rz d@ wInarEs fAm
fv600127,22.165,22.889,vor@x jar
fv600127,22.889,25.125,nOx @m betj@ In AfwAxt@nd@ hA+dIN
fv600127,25.125,26.787,z@ zIt wEl In d@ kOpxrup
fv600127,26.787,29.167,mar di wOrt Ob dIt mOmEnt aNG@vurt
fv600127,29.167,31.152,dor @m par bY+t@lAns@ Atlet@
fv600127,31.152,34.589,h@t dywEl vAn dez@ krOskYp zA+ E+G@l@k mut@ wOrd@ dAt
fv600127,34.589,36.699,tYs@n AJA smOld@rs En @
fv600127,36.699,38.688,d@ wInarEs fAn @t jar
fv600127,38.688,39.436,darvor
fv600127,39.436,41.419,En dAt Is @
fv600127,41.419,43.310,nAtyrl@k verl@ d@jaG@r@
fv600127,43.310,45.220,verl@ d@jaG@r@ di tOG ok Al mEten
fv600127,45.220,47.552,In d@ kOp sIt @ vAn dez@ wEtstrE+t
fv600127,47.552,50.060,sam@ mEt kOnstAntinA ditA
fv600127,50.060,52.436,di mut@ w@ In d@ Gat@ hA+d@ d@ rumens@
fv600127,52.436,55.630,zE+ wAs vird@ Op @t wer@ltkAmpijunsxAp vEltlop@n @
fv600127,55.630,58.454,@ dIt @ jar erd@r dIt jar In d@ lEnt@
fv600127,58.454,61.695,En @ wOn ok Al erd@r @n @ wEtstrE+t for@x jar vAn d@ krOskYp
fv600127,61.695,62.976,en vAn d@ wEtstrE+d@
fv600127,62.976,64.665,dYz dAz @n @ Guj@ lopst@r
fv600127,64.665,67.860,Al @n @ vEltlop ok x@wOn@ di kOnstAntinA ditA dIt jar
fv600127,67.860,69.729,dYz di mut@ w@ In d@ Gat@ hA+d@
fv600127,69.729,72.883,Ob dIt mOmEnt trA+@z @n frA~sE:z@ an d@ lE+dIN
fv600127,72.883,75.258,dAnilA rOdikA nAZEl
fv600127,75.258,78.592,@n @ Int@rnASOnal@ wEtstrE+t_tYs E+G@l@k wEl j Ept @t @
fv600127,78.592,80.630,ZOs fAn rOj m@sxin vor dri yr
fv600127,80.630,81.634,hor@n zEG@
fv600127,81.634,85.020,hE+ zExt d@r kom@ mer @ bY+t@lAns@ Atlet@n Op Onz@ wEtstrE+t Af
fv600127,85.020,87.011,OmdAt s@ wet@ dAt_ti Gut x@OrGAnizert Is
fv600127,87.011,89.761,En ok OmdAt sE+ zIx t@rdeG@ wIl@ vorb@rE+d@
fv600127,89.761,91.150,Op d@ 2ropes@
fv600127,91.150,94.011,vEltlopkAmpijunsxAp@ dIt jar In slovenij@
fv600127,94.011,96.115,In @ desEmb@r hAlv desEmb@r
fv600127,96.115,98.130,erst@ kilomet@r Iz bE+na Afx@lExt
fv600127,98.130,100.261,verl@ d@jaG@r@ di lopt In dErd@ pozisi
fv600127,100.261,103.761,ok @n EN@ls@ zIt_tar me vorIn dAd Is @ hejli hejnIN
fv600127,103.761,106.494,vel EN@ls@ lopst@rs ok hir tradisiG@trA+
fv600127,106.494,110.670,En @ dAn @m par @ And@r@ bY+t@lAnd@rs twe mE+S@z Y+t litA+@
fv600127,110.670,113.554,@m par ned@rlAns@ mE+S@s En dAn hEb@ w@ t ONG@ver G@hAt
fv600127,113.554,115.604,sam@ mEt nOx eN kenijans@ rotitS
fv600127,115.604,117.490,mar di hEb@ w@ dar nOx nit vorIn
fv600127,117.490,118.982,zin @ rOntlop@
fv600127,118.982,121.090,m@sxin @ Iz di zElfs nit an d@ stArt x@kom@
fv600127,121.090,124.105,AluwEl ZOs fAn roj heft Onz b@vEst@xt ja Ind@rdat_tar zin w@ z@
fv600127,124.105,125.854,In @ zev@nd@ Axtst@ pozisi
fv600127,125.854,126.879,di rotItS
fv600127,126.879,129.510,dAt Al@ delnemst@rz di Ob d@ stArtlE+st_stOnd@n
fv600127,129.510,130.496,ok wEl @
fv600127,130.496,133.029,vor @ an d@ stArt zE+N G@kom@
fv600127,133.029,135.429,Gut forlop@x nOx_xen AfsxE+dIN mEt ditA
fv600127,135.429,137.431,En mEt @ di nAZEl
fv600127,137.431,139.045,an @ d@ kOp an @t sl2r@
fv600127,139.045,140.830,mEt d@ bElGis@ delnemst@rz di
fv600127,140.830,143.094,strAks for d@ wEtstrE+tseG@ mut@ Gan ok nOx
fv600127,143.094,144.135,AJA smOld@rs
fv600127,144.135,145.440,En @ verl@ d@jaG@r@
fv600127,145.440,146.786,Ob d@ vorpOst@
fv600152,0.000,4.100,twe nYl na hel pr@siz drij@ntwInt@x m@nyt@ spel@n In d@ twed@ hElft En
fv600152,4.100,6.700,har@lbek@ heft_tarme G@kreG@ warOp []@t rExt hAt
fv600152,6.700,8.740,wAnt w@ hald@n Al dAt blItsOfEnsif an
fv600152,8.740,10.074,bE+ d@ stArt fAn d@ twed@ hElf
fv600152,10.074,12.225,En dAt heft Y+tE+nd@l@k rezyltat Opx@lev@rt
fv600152,12.225,13.390,En dAt f@rtald@ zIx
fv600152,13.390,15.140,In @n @ moj dulpYnt @n @
fv600152,15.140,17.575,pas fAnY+t_t@ v@rded@GIN vAn kEni v@rhun@
fv600152,17.575,19.021,nar davit pas
fv600152,19.021,20.490,di @ mOxt dorGan
fv600152,20.490,23.058,En dAn mEt @n sxOt fAn_nEd bY+t@ d@ zEstin met@r
fv600152,23.058,24.495,Op hAlv@ hoxt@ nast
fv600152,24.495,26.156,sxyrmAns In d@ lINk@rhuk @
fv600152,26.156,28.110,Gen sxE+n vAn @N kAns @ vor d@ dulmAn
fv600152,28.110,29.517,En darme Is har@lbek@
fv600152,29.517,31.280,dANksE+ dez@ twe nYl m@sxin wEl
fv600152,31.280,32.967,Op wEx nar di erst@ tY+seG@
fv600152,32.967,34.437,@t sA+ AlvAst v@rdint sE+n
fv600152,34.437,36.228,En @t Iz d@ loGis@ werGav@
fv600152,36.228,38.370,Ob dIt mOmEnt vAn @t f@rlop fAn d@ pArtE+ hir
fv600152,38.370,39.145,dYs w@ spel@
fv600152,39.145,41.620,Ond@rtYs@ hel pr@sis fir@ntwInt@x En @n hAlv@ m@nyt
fv600152,41.620,45.178,En d@ tYs@stAnt In har@lbek@ Gel Is twe nYl
fv600345,0.000,1.280,dAt Is_so
fv600345,1.280,7.881,di kOlOn@ zEt sIx Ob dIt E+G@st@ oG@mblIk In b@weGIN z@ wOrt forAfx@Gan dor @t kon@Nkl@k EskOrt@ t@ part
fv600345,7.881,12.653,@t hOnd@rtAl @ rY+t@rs di ny ONG@ver h@t pAlE+z@plE+n Gan v@rlat@n
fv600345,12.653,14.880,dez@ kOlOn@ Iz d@ E+G@l@k@
fv600345,14.880,16.480,konINkl@k@ kOlOn@
fv600345,16.480,21.790,dar Iz Ond@r mer d@ Grot@ limuzin@ bE+ warIn d@ konIN heft @ platsx@nom@n In z@n
fv600345,21.790,25.050,statsiynifOrm vAn Op@rb@vElhEb@r vAn d@ lAntmAxt
fv600345,25.050,28.932,d@ konIN Is v@rG@zElt dor d@ mud@r vAn d@ brY+t
fv600345,28.932,30.990,m@vrA+ dyd@k@m dAko dYs
fv600345,30.990,33.440,En zE+ wOrd@ G@vOlxt_tor @n vOlG@nd@ limuzin@
fv600345,33.440,35.232,mEt darIn konINIn pA+lA
fv600345,35.232,39.770,En prIns filip di G@klet Is In z@n ynifOrm vAn d@ lYxtmAxt
fv600345,39.770,42.439,d@ latst@ Grot@ limuzin@
fv600345,42.439,46.347,Iz di di G@tojt Is mEt @n Grot@ Grot@ blum@rY+k@r
fv600345,46.347,50.040,En dAt Iz d@ limuzin@ war d@ vad@r vAn d@ brY+t
fv600345,50.040,53.330,Graf pAtrik dyd@k@m dAko sInts hed@mOrG@
fv600345,53.330,57.010,warIn di heft platsx@nom@n mEt nAtyrl@g d@ brY+t
fv600345,57.010,58.479,prInsEs mAtIld@
fv600345,58.479,62.027,wAnt ok mAtIld@ Is sInts nYl yr sInts mId@rnAxt
fv600345,62.027,64.160,[] tit@l vAn prInsEs x@kreG@n
fv600345,64.160,66.446,En zE+ v@rtrEk@n ny vAn an @t pAlE+s
fv600345,66.446,68.720,Axt@r Ons hort y d@ kAnOnsxot@
fv600345,68.720,72.596,di wOrd@ Afx@vyrt dor @n reZimEnt parAs Y+t brAsxat
fv600345,72.596,74.870,@t wOrd@_@r @n vE+ft@xtAl bE+ @t f@rtrEk
fv600345,74.870,77.611,En strAks na d@ vOltrEkIN vAn @t kErk@l@k hyw@l@k
fv600345,77.611,80.420,wOrd@_@r nOx son vE+ft@xtAl sxot@n Afx@vyrt
fv600345,80.420,83.325,d@ kOlOn@ di drajt hir ny @t pAlE+z@plE+n Op
fv600345,83.325,86.701,w@ zaG@n @n tOx en@xsIns x@spAn@ mAtIld@ bE+ @t f@rtrEk
fv600345,86.701,90.360,dAt kAn ok nit And@rs vor har mut_tIt wEl @n hel h2xl@k@ dAx
fv600345,90.360,93.980,mar tOG ok wEl @n hel@ IntEns@ spAn@nd@ dAx wOrd@
fv600345,93.980,96.180,zE+ GlE+d@ hir ny nEt vorbE+ mE+
fv600345,96.180,99.146,wY+v@nt nar @t EntuZAst@ pyblik
fv600345,99.146,104.510,Ik xa ev@ ov@r nar kAtlen hY+z di Ob d@ huk vAn @t pAlE+z@plE+n stat hir @n [] vErd@r
fv600345,104.510,106.874,En zE+ zit d@ limuzin@s ny aNkom@ kAtlen
fv600345,105.260,106.874,jA
fv600345,106.874,110.436,ja mArk @ En @t wAs ir nEt ev@ spAn@nt wAnt hir Ob di huk
fv600345,110.436,115.920,pAserd@ @n @ part fAn di konINkl vAn dAt konINkl@k@ EskOrt@ En dAt wErt @m betj@ zenywAxt@x
fv600345,115.920,119.710,Ik f@rOnd@rstEl vAn di kAnOnsxot@ En vAn @t @ jY+x@nd@ pyblik
fv600345,121.460,123.890,ny pAsert hir @ prIns filip
fv600345,123.890,128.390,mEt sE+n mud@r konINIn pA+lA E+ wOrt @ tuG@jY+xt dor d@ men@xt@
fv600345,128.390,132.330,@ d@ prInsES@s En d@ prIns@ kom@ hir ok In @n vOlG@nd@ A+to
fv600345,132.330,136.180,d@ br zYst@rs En d@ brur vAn @m
fv600345,136.180,138.320,d@ brY+t ok si-j-Ik ny
fv600345,138.320,142.325,En @ di pard@n zE+n_ny ok Al@mal vorbE+
fv600345,142.325,145.118,En @t Iz dAn Y+tE+nd@l@k tOx rYst@x_x@blev@ z@ hEb@ GIst@r@
fv600345,145.118,147.970,Y+tfur@x G@rep@tert ok di hOnd@rt_twej@ndErt@x pard@
fv600345,147.970,150.070,mEt twedY+z@nt fE+fhOnd@rt
fv600345,150.070,153.370,jul@nd@ kInd@r@ dYz dAt must fAndax dAn wEl lYk@n
fv600345,153.370,155.020,@ d@
fv600345,155.020,159.559,[] t Is wEl @n Ext moj sxA+spEl di @ stut fAn @ pard@n mEt
fv600345,159.559,161.340,di rY+t@rz @rOb di rE+kswAxt@rs
fv600345,161.340,165.672,d@ bere d@ ber@mYts@ di wEl nod@x sE+n In d@ kA+ ny
fv600345,165.672,171.222,En wi ny vorbE+kOmt dAt Is nAtyrl@g dAt huf Ik y nit_t@ v@rtEl@ dAt Is @ prInsEs mAtIld@
fv600345,172.448,177.490,z@ wOrt @ naG@lop@ dor d@ men@xt@ z@ blE+v@n_nit stan d@ mEns@ z@ lop@ me mEt_t@ A+tos
fv600345,177.490,179.630,mEt_t@ A+to vAn @m warIn mAtIld@ zIt
fv600345,179.630,182.630,d@ A+to vAm_mAtIld@ Is moj v@rsirt mEd blum@
fv600345,182.630,184.460,[] Als en@G@ A+to trA+@s
fv600345,184.460,187.435,@ Ik hEp mar @n GlImp fAn har kYn@ OpfAN@
fv600345,187.435,192.495,mar Ik hAt har darnEt Al Gut kYn@ zin Op @t sxErm dAt hir Opx@stElt stat Op @t pAlE+z@plE+n
fv600345,192.495,194.170,En @ zoAlz Ig darnEt_tYz_zE+
fv600345,194.170,195.877,z@ draxt warsxE+nl@k wEl di
fv600345,195.877,197.357,@ kAnt@n
fv600345,197.357,199.778,di kAnt@n slY+@r vAn @ konINIn pA+lA
fv600345,199.778,202.238,En d@ stut @
fv600345,202.238,205.117,rE+t hir nOx fErd@r mar Ig dENg dAt Ond@rtYs@ majg d@ mYld@r
fv600345,205.117,208.297,d@ d b@GIn vAn dez@ pard@EskOrt@ Al zit aNkom@
fv600345,208.297,210.801,dAt @ hor@ w@ dAn mEten
fv600346,0.000,2.690,nen kAtlen zo vEr Is t nOx nit mar d@ erst@ stut
fv600346,2.690,7.221,d@ rE+kswAxt@rz di b@G@lE+d@n d@ waG@ns warIn konINIn fAbijolA En ok prIns lorA~
fv600346,7.221,11.418,ok xrothErtOx jAn En GrothErtO[]GIn @ Zoz@finSArlOt fAn lYks@mbYrx
fv600346,11.418,15.023,prInsEs AstrId En prIns lor@nz En d@ zYst@rz En d@ brur vAn d@ brY+t
fv600346,15.023,17.410,di zE+n hir wEl vorbE+G@red@
fv600346,17.410,22.667,OpfAl@nt_tOx wEl Iz dAt @r hir nit sovel vOlk Is rOnt_t@ GrAsmArkt Ik sta Op @m bAlkOn vAn @n hotEl@tj@
fv600346,22.667,24.660,war Ik @n Gut Y+tsIxt Ep En war Ik_kAn zin
fv600346,24.660,26.420,Of d@ waG@ns forbE+kom@
fv600346,26.420,29.060,d@ twed@ Grup Is nOx nit aNG@kom@
fv600346,29.060,31.420,wE+n@x fOlk hir tOx wEl mar d@ mest@ mEns@
fv600346,31.420,34.830,dENk Ik zYl@ wEl pOstx@vAt hEb@ an d@ kAtedral Ov an @t stAthY+s
fv600346,34.830,38.020,wAnd_dAt sE+n d@ b@lAN@rE+kst@ plats@ m@sxin ok wEl an @t pAlE+s dar
fv600346,38.020,39.180,war kAtlen stOnt
fv600346,39.180,43.800,@m w@ hEb@ tOx wEl wAt @ rejAksis f@rzam@lt @n antAl rwAjAlIst@n Y+t@rart
fv600346,43.800,47.019,mar m@sxin tOx ok wEl wAt x@won niwsxir@G@ mEns@
fv600355,0.000,3.180,[]t Is tOx wEl ok @n hel Y+tsOnd@rl@k momEnt
fv600355,3.180,6.790,@t brY+tspar heft ny zElf @n G@bEt
fv600355,6.790,10.210,klar y eft_tAt x@hort s@ Eb@n @t sam@ G@delt@l@k x@lez@
fv600355,10.210,11.523,En_ny AfwIs@l@nt
fv600355,11.523,13.340,In @t frAns En In @t ned@rlAns
fv600355,13.340,16.040,In @t frans @ @ vAn prIns filip
fv600355,16.040,17.245,@t Is @n tEkst
fv600355,17.245,18.884,vAn frAnsIskys fAn Asiz@s
fv600358,0.000,2.565,En dAt wAs @n @ vorbed@ vAn
fv600358,2.565,4.340,kOlonEl jozEf_fAn d@ pYt
fv600358,4.340,7.030,d@ er@Adviz2r vAn prIns filip
fv600358,7.030,9.450,En Opniw ja na Elk@ vorbed@
fv600358,9.450,12.300,wOrt_tAt ubi karitAs @ G@zON@
fv600358,12.300,14.010,erst_tor @t kor
fv600358,14.010,16.310,@ d@ kApElA sANktA mikAelis
fv600358,16.310,18.120,En nadin Iz @t_t@ b@dulIN
fv600358,18.120,20.255,dAd_d@ hel@ kErk mezINt
fv600362,0.000,3.620,wirok ja dAt wAs_sek@r ok AltE+t wEl @n G@varl@k @ el@mEnt
fv600362,3.620,6.530,@ t Is nid_d@ erst@ ker dAt_tE+d@z @n hywel@ksfirIN
fv600362,6.530,8.441,d@ brY+t @ In zwE+m vAlt
fv600362,8.441,11.139,dor ja d@ ov@rdad@G@ G2r vAn dAt wiro[]
fv600364,0.000,5.110,ja En wAt @ darbE+ ok nOx OpfAlt_tAt Iz dAt fAn hel wAt fAn di konINsY+z@ di hir anwez@x sE+n
fv600364,5.110,6.700,dAd @n Grot_tel darvAn
fv600364,6.700,10.220,prOtEstAnt@ zE+n Ig dENk mar an_ned@rlAnt En d@ skAndinavis@ lAnd@
fv600364,10.220,13.290,En w@ v@rmud@n ok ja d@ politik@ sam@stElIN kEn@nd@
fv600364,13.290,16.310,vAn d@ d@ zEs r@GerIN@ di Ons lAnt rE+k Is
fv600364,16.310,17.740,dAt @r hir voran_nOGAl
fv600364,17.740,22.174,hel wAt @ ja OnG@lov@G@ Of @ vrE+zIn@G@ In d@ kErk anwez@x sE+n
fv600364,22.174,24.595,En di dAn tOx ja Op en Ov And@r@ mAnir
fv600364,24.595,28.215,@ dez@ kOmbinasi vAn vAn kErk En stat_tOx wEl
fv600364,28.215,31.735,@ mut@n AprESer@ dor ja hir anwez@x t@ zE+n
fv600364,31.735,32.490,En
fv600364,32.490,33.825,vAlt mE+ tOx Op Al@mal
fv600364,33.825,35.635,hel andAxt@x lY+st@r@
fv600364,35.635,37.429,En En hel Gut_t@ zak fOlG@
fv600388,0.000,7.140,d@ slOtrIt mEt aNkOmst @ trAdiSOnel sIns fE+v@sev@t@x Iz dAt_tun wAlt@r God@frot for @t erst hir wOn Ob d@ SA~nz elize
fv600388,7.140,10.220,En vor d@ twed@ ker nOG mar In d@ G@sxid@nIs @ d@ hel@ rIt
fv600388,10.220,15.490,In pArE+s bIn@ d@ myr@ vAn pArE+s mestAl dun w@ erst nOG @n tOxt @ dor b@vorbelt_t@ SOfr2z@vAlE+
fv600388,15.490,20.810,En kom@ w@ pAs @ darna lat In d@ namIdAx @ pArE+s bIn@G@red@ mEt @t @ p@l@tOn
fv600388,20.810,24.280,war dAn Ext wOrt x@kurst En krE+G@ w@ erst @n sort OptOxt @n @
fv600388,24.280,25.930,lAN@ seremoni
fv600388,25.930,29.660,nar pArE+s tu ma ny dYs @ stArt In pArE+s mEd_dri Grot@ rOnd@
fv600388,29.660,32.630,En dAn @ nOG @n antAl klE+n@r@ rOnd@ Ob d@ SA+nz elize
fv600388,32.630,35.110,En dAn zAl @r G@vlAmt wOrd@ w@ zE+n Om twe yr v@rtrOk@
fv600388,35.110,38.900,rE+k@l@k lat@ stArt dAt kOmt OmdAt @t ok @n @ hel kOrt@ rIt Is aNkOmst tYs@n
fv600388,38.900,43.120,zE @ vE+f En zEs zoAls x@wonl@k hOnd@rt Axt@ndErt@x kilomet@r mar
fv600388,43.120,46.040,En darvAn mut@ w@ @r ny nOx @ rY+m hOnd@rt_twInt@x AflEG@
fv600388,46.040,47.960,d@ rEn@rs_sE+n kAlmpj@z an b@GOn@
fv600388,47.960,53.350,trAdiSOnel wOrd@ wAt @ GrApj@z Y+tx@halt wOrt wAt @ G@bAb@lt Enzovort w@ zaG@ lEns ArmstrON
fv600388,53.350,57.275,En erst ImAn@wEl mAJE~ mEt @n Grot@ lANhar@G@ prY+k Op rE+d@
fv600388,57.275,58.655,wAt @ Sow Gev@
fv600388,58.655,60.515,pozer@ vor d@ fOtoGraf@
fv600388,60.515,65.515,En ny zin w@ nOx AltE+t lEns ArmstrON mEt xel@ hElm En Y+t@rart Gel@ trY+ an d@ kOp fAn @t p@l@tOn
fv600388,65.515,68.925,nit Ext rE+d@ mar pEd@l@ sam@ mEt @ dZOrdZ hINkEpi
fv600388,68.925,76.665,d@ mAn @ di hE+ zAl v@rG@zEl@ nar d@ OlImpise spel@ In sIdni En war lEns ArmstrON AltAnz dAt eft i b@loft In dinst sAl rE+d@ vAn di hINkEpi wAnt @t sA+ @n
fv600388,76.665,80.565,nit_t@ zwar pArkur zE+n dAt mer G@sxIkt Is vor @ snEl@ mAn@
fv600388,80.565,82.838,mAn@ vAn @t endAxswErk hINkEpi En m@sxin
fv600388,82.838,85.748,tOm stels ok @ Als i d@r zIn In heft
fv600388,85.748,92.887,vAndax dYs @ d@ SA~nz elize latst@ rIt @ d@ rIt Is forAfx@Gan vAmOrG@ dor @n @ mAsAtOxt @n @ sikloturist@tOxt
fv600388,92.887,95.638,mEt @ tindY+z@nt delnem@rs di Al@mal @n @
fv600388,95.638,99.538,trY+ kreG@n @n Gel@ @n Grun@ Of @m bOl@tj@strY+ Ov @n wIt@
fv600388,99.538,101.408,En @ di wErd@ aNG@vurt_tor @
fv600388,101.408,106.458,dri vE+fA+d@G@ wInars vAn d@ tur Edi mErks migEl Indurajn En bErnar ino di mOxt@ stArt@
fv600388,106.458,107.718,Ob d@ erst@ rE+
fv600388,107.718,111.278,h@t wAs @ sOmz @N G@hAr@wAr wAnt hel wAt vAlpArtE+@n @n G@drYm
fv600388,111.278,113.868,Om nast di vE+fA+d@G@ turwInars t@ kom@
fv600388,113.868,119.787,En Om @n GlImp Op t@ vAN@ vAn d@ Grot@ vAn @t wilrEn@ t Iz Al@mal red@l@k xut Afx@lop@ In Elk x@vAl zOnd@r sxad@
fv600388,119.787,122.818,vor d@ dri Grot@n Indurajn ino En @ Edi mErks
fv600388,122.818,126.125,En ny kYn@ d@ Ext@ prOfs d@r dYs an b@GIn@ zAxj@z an
fv600388,126.125,128.478,kAlmpj@z an @n @ lANzam@ anlop
fv600388,128.478,131.718,En dAn krE+G@ w@ strAks wEl h@t @ Ext@ wErk d@ rYS
fv600388,131.718,134.625,nar @ nit Alen d@ tYs@sprInts mar og d@ E+ntsprInt
fv600388,134.625,137.918,di-j-ir warsxE+nl@k @m_mAsAsprInt wAnt_tAd Iz @t AltE+t Al G@west hir
fv600388,137.918,139.898,d@ latst@ jar@ b@hAlv@ di en@ ker
fv600388,139.898,142.698,tun Edi sE:JY:r ir wOn Ob d@ SA~nz elize
fv600388,142.698,147.868,ok nOx mEld@ dAt @ tOm stels d@ latst@ bElgis@ wInar wAs Ob d@ SA~nz elize dAt wAs twe jar G@led@ En
fv600388,147.868,149.398,tin jar G@led@n Iz @t Al
fv600388,149.398,153.358,dAt johAn mysew hir wOn tun_nOx In di vrE+ lel@k@ lOtotrY+@
fv600388,153.358,156.318,mEt @ roz@ kl2r ov@rweG@nd musew di tun
fv600388,156.318,159.448,twe rIt@ wOn mEt @n fOrmidab@l@ sprInt an d@ mO~sE~miSEl
fv600388,159.448,162.858,@n rIt mEt fel wInt En hir an @t slOt ok Ob d@ SA~nz elize
fv600388,162.858,166.640,zIx lOsx@rYkt Y+t_tAt p@l@tOn En dor nimAnd mer g@r@mOntert_t@ jON@ mysew
fv600388,166.640,169.118,tun vE+v@ntwInt@x jar twe rIt@ G@wOn@ In d@ tur
fv600388,169.118,172.078,h@t jar vor z@n Grot@ dorbrak In d@ endAxskurs@
fv600388,172.078,174.498,@t jar nadin wOn E+ h@t kAmpijunsxAp fAn zyrix
fv600388,174.498,176.258,z@n erst@ wer@ldbek@rkurs
fv600388,176.258,178.280,mysew En stelz d@ latst@ wInars
fv600388,178.280,181.148,w@ kE+k@n Y+t Of w@ wer @m bElx hir krE+G@ t sAl hel mujl@k xan
fv600388,181.148,184.558,wAnt warsxE+nl@k wOrt @t en vAn d@ sprInt@rs En dar zIt@ d@ bElG@ [] [] d@ tur zIt@
fv600388,184.558,186.968,vorlop@x nid bE+ @t p@l@tOn wAt hAt y G@dAxt
fv600388,186.968,189.218,nOx Al@mal sam@n rYst@x rE+d@nt Ik sxAt
fv600388,189.218,192.433,vE+v@ntwInt@x kilomet@r pEr yr m@sxin mInd@r ma dAt f@rAnd@rt strAks nOx wEl
fv600739,0.000,3.032,d@ zwets@ hImn@ G@zON@ dor mArk mersm[]
fv600739,3.032,5.720,En_ny b@E+nd@xt meG@zON@ dor d@ spel@rs
fv600739,5.720,7.332,vAn @t swets ElftAl En ok
fv600739,7.332,9.613,dor @ yefAvorzIt@r
fv600739,9.613,10.820,joAnsOn
fv600739,10.820,11.700,di@
fv600739,11.700,12.800,mEt @
fv600739,13.350,14.610,vOl@ kel
fv600739,15.460,16.540,jA
fv600739,17.230,18.258,op@ mOnt
fv600739,18.258,19.807,Ind@rdat
fv600739,19.807,22.597,zE+n E+G@ nASOnal@ vOlkslit zON En_ny
fv600739,22.597,24.095,dYs @t
fv600739,24.095,25.490,bElGis@ vOlkslit
fv600739,25.490,27.740,En d@ spel@rs Eb@ G@uf@nt s Eb@ G@trejnt
fv600739,27.740,29.440,ok Op @t sIN@
fv600739,29.440,32.520,@t sIN@ vAn d@ brabAnsOn_nit id@reN kAn dAt
fv600739,32.520,34.000,pApA lejOnar b@vorbelt
fv600739,34.000,35.890,di heft ni m@ kYn@ metrejn@
fv600739,35.890,37.030,di av@nt
fv600739,37.030,38.720,ma d@ And@r@ Eb@ G@uf@nt
fv600739,39.260,42.711,[] @t x@b2rt sEld@ id@ren ov@rE+nt hir nAtyrl@k
fv600739,47.940,49.682,dar kOmt mArk mersmAn
fv600739,49.682,51.130,lajf
fv600739,51.830,52.950,Gem plat
fv600739,53.340,54.760,ok xen sede
fv600739,58.322,59.416,vor vOrst
fv600739,60.256,62.120,vor vrE+hE+t En vor_rExt
fv600739,64.219,66.619,vor @t fad@rlAnt_tYz ok wEl
fv600739,73.103,76.006,jawEl En @t stadijOn
fv600739,76.006,78.006,lat sIx_xan vor @n erst@ ker
fv600739,78.006,81.555,spel@rs klAp@ In d@ hAnd@n ok Grut@n @t pyblik
fv600739,81.555,82.695,d@ twe pluG@
fv600739,82.695,84.369,lANs m@kar
fv600739,84.369,87.297,mArk mersmAn krE+xt @n Ekstra AplA+S@
fv600739,87.297,88.980,mar @t stErft Alwer wEx
fv600739,88.980,90.629,wAnt @t Is nit Om hEm t@ dun
fv600739,90.629,93.259,nit Om d@ rod@ dY+v@ltj@s En dY+v@lIn@tj@s
fv600739,93.259,95.299,di-j-Ig d@r ok si di ny wExtrEk@
fv600739,95.299,97.599,mar Om d@ twe pluG@ di-j-Elkar ny Grut@
fv600739,97.599,98.869,hAnt In Ant
fv600739,98.869,100.509,zo stOnd@ z@ nit
fv600739,100.509,102.929,d@ bElG@ AltAns nit En og d@ zwed@n_nit
fv600739,102.929,105.509,tun di vOlkslid@r@ werklONk@
fv600739,105.509,107.929,dAt wAs nOx wEl @t x@vAl In frANkrE+k
fv600739,107.929,111.542,mar di sam@nor@xE+t_ti simbolis@ Y+drYkIN vAn sam@nor@xE+t
fv600739,111.542,112.832,di-j-eft xen spOrtif
fv600739,112.832,116.052,v@rvOlx_x@kreG@ tun Em_mEn eft_tAd Axt@rweG@ G@lat@
fv600739,118.136,119.732,kotS lik@s
fv600739,119.732,121.542,wAs x@rup@ Om
fv600739,121.542,124.892,d@ rod@ dY+v@lsplux nar 2ro twedY+z@nt_t@ lE+d@
fv600739,124.892,125.882,E+ eft s@n
fv600739,125.882,126.653,rupIN
fv600739,126.653,127.803,nit kYn@
fv600739,127.803,129.870,InwIl@G@ v@rvOlG@n
fv600739,129.870,131.010,wAnt
fv600739,131.010,132.362,E+ Is @
fv600739,132.362,135.272,v@rvAN@ dor rObE:r wAsE+Z@ di mEt
fv600739,135.272,137.905,d@ G@Ervd@ plux fAn lek@s tOx wEl In di p@rjod@
fv600739,137.905,139.055,twed@ hElf_fInlAnt
fv600739,139.055,140.203,@n
fv600739,140.203,142.401,niw ElftAl eft x@bA+t
fv600739,142.401,144.141,Al stOnd@ d@ stryktyr@ dar
fv600739,144.141,145.454,d@ fiGyr@ ok
fv600739,145.454,147.561,mar E+ eft @r @n And@r@ Gest ING@blaz@
fv600739,147.561,148.711,E+ heft_ti @
fv600739,148.711,150.581,plux wer G@Animert
fv600739,150.581,153.276,@ sort f@rtrA+@ G@Gev@n Ik ob dAt @t @n
fv600739,153.276,155.466,v@rtrA+@ Iz dAt stAnthA+t_t@ bAlAns tYs@
fv600739,155.466,157.276,di kOnsEntrasi di spAnIN En
fv600739,157.276,159.466,@d b@sEf wE+ zE+n_nit_t@ Grot@ klAs@plux
fv600739,159.466,163.612,En dAn an d@ And@r@ kAnt_tOx wEl wE+ kYn@ its wE+ Eb@ t lat@ zin twe ker teG@ ned@rlAnt
fv600739,163.612,165.140,In divErs@ And@r@ wEtstrE+d@
fv600739,165.140,166.340,Guj@ rezyltat@ G@halt
fv600739,166.340,168.260,In italij@ mar eN ker v@rlor@
fv600739,168.260,170.460,En @ In Axt wEtstrE+d@
fv600739,170.460,173.200,En dAn_nOx na @N Guj@ wEtstrE+t In EN@lAnt
fv600739,173.200,175.560,ny stan w@ Ext kOrd bE+ d@ AftrAp
fv600739,177.243,180.450,mEt mArkus mErk d@ dY+ts@ sxE+tsrExt@r
fv600739,180.450,182.590,di Erx jON Iz b@GOn@
fv600739,182.590,185.750,di wAs twalf jar En di b@GOn @ t@ flY+t@
fv600739,185.750,188.310,En an t@ Gev@ hu @t must En hu @t nit mOxt
fv600739,188.310,190.063,mArkus mErg dYs
fv600739,190.063,191.493,d@ mAn di dez@ pArtE+ lE+t
fv600739,191.493,193.253,ev@n @t stadijOn ov@rsxA+@
fv600739,193.253,195.883,Al@ plats@ zowAt ING@nom@
fv600739,196.883,199.403,m@sxin ir Of dar nOG @N klE+n@ lemt@
fv600739,199.403,200.113,stjuw@rts
fv600739,200.113,202.753,k[] ok kom@n ok Yn @ OpwAxtIN mak@
fv600739,202.753,204.933,id@ren zukt ny z@m plats
fv600739,206.873,207.803,latst@
fv600739,207.803,209.893,nErvozitE+t hir En dar
fv600739,209.893,211.813,fotoGraf@ wEx
fv600739,211.813,215.333,spelvElt frE+ primA GrAsmAt zo t@ zin
fv600739,215.333,216.923,Er wAz ok x@vraxt Om
fv600739,216.923,220.400,bE+ di seremoni vAn darstrAg d@ GrAsmAt so vel moG@l@k t@ spar@
fv600739,220.400,223.420,dAs nit el@mal G@b2rt mar @r Iz ok @
fv600739,223.420,228.420,Gen sxAntflEk Op x@makt @t @ wer Iz ok Y+tstek@nt_tYs xen reG@spor@n Of wAd ok
fv600739,228.420,232.540,ov@r@G@z eft_t@ hel@ seremoni vE+v@ndErt@x miljun G@kOst fE+v@ndErt@x miljun
fv600739,232.540,233.690,di zE+n Al wEx
fv600739,233.690,234.390,jA
fv600739,236.140,237.320,dAt Is forbE+
fv600739,237.320,239.840,ny d@ And@r@ miljun@n_nOx vor spel@rs
fv600739,239.840,240.540,pluG@
fv600739,241.050,242.860,OrGAnizer@nd@ bOnd@
fv600739,242.860,244.510,lAnd@ horeka wAt wet Ik
fv600739,244.510,246.650,mEn dENkt_tOx dAt m@n prOfE+t xad_dun
fv600739,246.650,247.800,mEt En an
fv600739,247.800,249.068,dIt tOrnoj
fv600739,249.068,251.048,vor @t erst En vor @t latst nAtyrl@k
fv600739,251.048,253.800,zoN G@zam@l@k tOrnoj In_ned@rlAnt Em bElGij@ AftrAp x@Gev@
fv600739,253.800,255.498,En d@ zwed@ moG@ AftrAp@
fv600739,255.498,256.834,En zE+n dYs v@rtrOk@
fv600739,256.834,261.048,mEt @ And@rs@n erst En dAn @ Axt@ran @ @n And@r@ And@rs@n
fv600739,261.048,262.808,spel@n @r dri me pAtrIk And@rsOn
fv600739,262.808,263.958,dAt Iz d@ lib@ro
fv600739,263.958,265.058,vAm bAj@rn mYNx@ En
fv600739,265.058,266.813,kEnEt And@rs@n dAd Iz dAn d@ dErd@
fv600739,266.813,270.430,di-j-Y+thalt En dar mut_tAn d@ wIld@ Al m@ten INGrE+p@
fv600739,270.430,271.845,zo Iz @t x@Gan
fv600749,0.000,5.880,nOx ev@ wAxt@ wAnt @ twe pluG@ di mut@ Elf spel@rs Of moG@ Elf spel@rz OpstEl@
fv600749,5.880,8.350,En Ik si dAt_t@ zwed@n_nOx ma mEt_tin mAn zE+n
fv600749,8.350,9.400,nYm@r twe
fv600749,9.400,13.510,d@ rutiJe rolAnt nilsOn Ondbrekt nOx x@lov @k
fv600749,13.510,16.370,di zi k In Elk x@vAl nOx ni dA wAz d@ mAn di-j-In d@ fA+t xIN
fv600749,16.370,21.090,di zIG d@ bAl_lit Afsnup@ dor Onz@ nYm@r Axt bArt bArtS@ Gor
fv600749,21.090,26.640,OnlANs ok nOx fad@r G@wOrd@ En dId @rbov@nOp ja Ind@rdat_ti rOlAnt nilsOn di-j-Is f@rvAN@
fv600749,26.640,27.850,dor tEdi
fv600749,27.850,28.890,lytSitS
fv600749,31.150,31.870,ja
fv600749,31.870,34.010,d@ mAn di d@ fA+t ef x@makt
fv600749,34.010,35.490,mut @rvor but@
fv600749,35.490,38.070,dAd Is hArt d@ wEt fAn d@ tOpspOrt
fv600749,41.150,44.720,m@sxin zExt mEn In zwed@n_ny Al_lAN lykitS ING@wek@ zwet
fv600749,45.650,47.960,En d@ AftrAp Is x@Gev@ vor d@ twed@ hElft
fv600749,49.610,51.339,en_nYl dANksE+ @n dulpYnt
fv600749,51.339,54.174,twe m@nyt@ vor d@ rYst drij@vert@xst@ minyt fAm bArt xor
fv600749,54.174,56.013,di bAlv@rlis AfstrAft@
fv600749,56.013,57.113,mEt @n @
fv600749,57.113,58.703,pErfEkt@ Gol Op sIxsElf
fv600749,58.703,61.453,En d@ mAn di dartu anlE+dIN GAf
fv600749,61.453,63.153,an zwets@ kAnt Iz dYs f@rvAN@
fv600749,63.153,65.353,k nem an_nOx_xen wE+z@GIN@ bE+ d@ bElG@
fv600749,65.353,68.753,Onz@ kOnsEntrasi erd@r Ob di spelIN@ G@rIxt x@west
fv600749,68.753,70.783,En_ny z@ kom@ Al@mal
fv600749,70.783,72.053,d@ er@tribyn@ wer Op
fv600749,72.053,74.023,d@ mInIst@rs EksmInIst@rs
fv600749,74.023,75.843,En zE+ hEb@n @t Gut x@hAt
fv600749,75.843,77.263,tE+d@z d@ rYst En
fv600749,77.263,78.913,In d@ erst@ spelElft [] En @n sxOt
fv600749,78.913,82.483,EN gol vAn wIlmOts ne vAn EmpEnza nAtyrl@k
fv600749,82.483,89.474,m@ten @n Alv@ m@nyt x@spelt fert@x s@kOnd@ En lat_ti prominEnt@ mar wer zAk@ Op Yn @ stul@
fv600749,89.474,93.044,m@ten @n dulpYnt fAn EmpEnzA En t Is twe nYl
fv600749,93.044,95.464,wEx Al@ vres En @
fv600749,95.464,100.624,vorspElIN@ vAn laG@ skor@ Em_m@sxin wEl wi wet f@rliz@ en_nYl nYl nYl nYl en
fv600749,100.624,101.664,ne
fv600749,101.664,102.814,m@ten Afx@trApt
fv600749,102.814,104.074,EN klar
fv600749,104.074,107.704,mEt @n bAl vAn strupAr dAn_nOx wEl tOd bE+
fv600749,107.704,110.834,emil EmpEnzA En @n vlAm @rteG@
fv600749,110.834,114.404,@t @ GA+d@n dyo tOx wEl StrupAr Em_mpEnza
fv600749,114.404,116.934,En_nOx for Al di prominEnt@n Op Yn plats_sat@
fv600749,116.934,119.674,Ik wet nit Of d@ konIN dEr bElG@ dAt x@zin eft
fv600749,119.674,121.044,d@ prIns wEl
fv600749,121.044,123.463,En zE+n @ G@malIn
fv600749,123.463,126.543,zIt@ z@ dar ja Ond@rtYs@ zIt@ z@ dar wEl
fv600749,126.543,129.173,m@sxin Eb@ z ok wEl @ rExtx@stan darnEt
fv600749,129.173,130.380,E war@ z@
fv600749,130.380,131.863,pr@sis nOx Op tE+t hir
fv600749,131.863,133.793,bIn@ Ig dAxt s ev@ t@ b@sxrE+v@ nOx
fv600749,133.793,136.313,En dar @d_dulpYnt_t@ flIts fAn @
fv600749,136.313,137.303,EmpEnza
fv600749,137.303,139.663,Op aNGev@ vAn strupAr mEt
fv600749,139.663,141.643,@n sort @ hAkj@
fv600749,141.643,142.303,bAl
fv600749,142.303,145.103,G@devijert het_tAt In vudbAl@tErm@
fv600749,145.103,146.803,En EmpEnzA
fv600749,146.803,150.392,di dirEkt ov@rnemt En d@ vrE+E+t At ok Om t@ sxit@
fv600749,150.392,152.260,Ind@rdat plOts ONG@dEkt wAs
fv600749,152.260,153.800,En twe nYl
fv600749,153.800,155.220,erst@ m@nyt
fv600749,155.220,157.040,twed@ spelhElft
fv600749,157.040,160.660,dAs ONG@lofl@k xut nAtyrl@k
fv600749,160.660,162.910,di bElG@
fv600749,162.910,165.600,nit_tAt s@ ny zo bY+t@G@won Gut x@speld Eb@
fv600749,165.600,168.350,ov@r@G@ns nOx AltE+t xen @
fv600749,168.350,172.420,hENk@ lArsOn di zi-j-Ik ny wEl Op En_ner lop@n Ob d@ tArtAmban
fv600749,172.420,175.000,ma ja di eft oGY+t @n Alv@ wEtstrE+d In d@ ben@
fv600749,175.000,179.227,kAn di @t_tE+ nOx duN ker@ d@ zwed@ twe nYl Axt@r
fv600749,179.227,180.657,Alstyblift
fv600749,183.787,187.027,twej@nvert@xst@ m@nyt sEz@nvert@xst@ m@nyt_tar zIt mar vir m@nyt@ tYs@
fv600749,187.027,188.567,plYz d@ rYst
fv600749,188.567,193.837,dAs nAtyrl@k fOrmidab@l skor@ Op @t E+nd@ vAn d@ erst@ spelElft vlAk for d@ rYst En
fv600749,193.837,196.747,kOrt darna En wer @m pas Y+t
fv600749,196.747,198.787,d@ vut@ vAn strupAr
fv600749,198.787,199.717,tOx wEl
fv600749,199.717,203.397,nYt@x En vak an d@ bAl ny vAn d@ rExt@rkAnd bAl vor
fv600749,203.397,206.757,Em bAl wOrt wEx@kOpt In_not mar @
fv600749,206.757,207.687,G@siJAlert
fv600749,207.687,210.877,@n @ dywfA+t warsxE+nl@k
fv600749,212.417,213.513,En @n vrE+@ sxOp
fv600749,213.513,215.707,vor d@ zwed@n
fv600749,215.707,217.187,di lukitS
fv600749,217.187,218.287,lutSits
fv600749,218.287,219.777,vAn AfkOmst
fv600749,219.777,222.847,di-j-eft nAtyrl@k ok nA+@l@ks @
fv600749,222.847,224.057,G@wet@ war di stOnt
fv600749,224.057,225.647,Ov di bAl_lAx @rIn
fv600749,225.647,226.697,jA
fv600749,226.697,228.617,En t Is war
fv600749,228.617,230.537,strupAr wAz Y+tx@wek@ nar lINks
fv600749,230.537,231.797,hir
fv600749,231.797,237.556,t@rwE+l d@ zwed@ ny d@ And@r@ kAnt Opxan mEt @ jYrk pEt@rs@n En d@ bAl nazd @d_dul plats@
fv600749,237.556,239.916,En dar At_ti rExt@rv@rded@G@r
fv600749,239.916,240.906,di-j-@r nit wAs
fv600749,240.906,242.006,rolAnt nils@n
fv600749,242.006,244.586,mut@ zE+n mar di [] Axt@rG@blev@ In d@ kletkam@r
fv600749,244.586,246.836,En dAn @ ja zE+n v@rvAN@r
fv600749,246.836,250.136,di wIst nOx ni xut wElk@ pozisi hE+ must @ b@kled@
fv600749,250.136,252.666,di-j-At nA+@l@ks_s@m plats ING@nom@
fv600749,252.666,254.389,En ja or vAn di kAnt
fv600749,254.389,256.909,Onz@ lINk@rkAnt sE+n rExt@rkAnt
fv600749,256.909,258.509,wErt_ti bAl vorG@trOk@
fv600749,258.509,259.659,t Iz OpmErk@l@k E
fv600749,259.659,263.035,dYz @n wIs@l Om @n @ spel@r t@ b@strAf@
fv600749,263.035,265.000,di In d@ fA+t wAs x@Gan
fv600749,265.000,266.756,En dAt wOrt m@ten ok_kAS
fv600749,266.756,268.645,t@rYGb@talt wAnt
fv600749,268.645,269.745,d@ mAn di-j-Em_mut f@rvAN@
fv600749,269.745,272.655,eft sE+m pozisi nOx nit ING@nom@ wOrt Y+tx@spelt
fv600749,272.655,273.635,dor strupAr
fv600749,273.635,275.505,En dAn emil EmpEnza
fv600749,275.505,276.495,@n vlAm
fv600749,276.495,277.315,d@ bAl @rbE+
fv600749,277.315,278.965,En_ny kOmt @ lArsOn
fv600749,278.965,279.986,d@r tOx In wAnt
fv600749,279.986,282.052,Er mut its x@b2r@ twe nYl Axt@r
fv600749,282.052,284.075,zo v@rAst
fv600749,284.075,286.180,vor En_na rYst_t@ zwed@
fv600757,0.000,1.716,spElb@dErv Iz nit_tuG@stan
fv600757,1.716,4.230,rY+m twe m@nyt@n ov@r tE+t
fv600757,4.230,5.490,twe en
fv600757,5.490,10.600,wIn@ Iz b@lANrE+k@r dAn delnem@ moG@ delnem@ zOnd@r kwAlifikasi
fv600757,10.600,12.790,dAs ok Al hel knAp nAtyrl@k
fv600757,12.790,14.830,dAt wAs meG@nom@
fv600757,14.830,15.650,mar ny
fv600757,15.650,17.130,ny j@ enmal mAx
fv600757,17.130,22.240,delnem@ mut j@ wIn@ hir vAndax Y+dbrak fAn wIlmOts
fv600757,22.240,23.720,En @
fv600757,23.720,24.990,dar Is EmpEnzA
fv600757,24.990,27.400,En dAn @n t@rYxspelbAl
fv600757,27.400,28.670,hEdmAn d@ kip@r
fv600757,28.670,30.590,ja niliz di kOn_nit flOt ov@rsxak@l@
fv600757,30.590,32.400,di kOn di snElE+t ni mer ObrEN@
fv600757,32.400,36.630,emil EmpEnza wIlmOts wEl dAz @t f@rsxIl nAtyrl@k mEt_t@ b@G@nad@Gd@ b@Gavd@
fv600757,36.630,41.665,lyk nilis En @d blE+ft knOk@ tOt fEr ov@r tE+t
fv600757,41.665,43.938,Eb@n_ny Al dri m@nyt@ Ekstra stan
fv600757,48.644,49.790,En dar wOrt @
fv600757,49.790,52.265,vAnd@raG@ nOx @s @ bE+ @t SY:rt x@trOk@
fv600757,52.265,55.065,d@ bAl nar d@ flANk tuG@speld bE+ Gor
fv600757,55.065,56.715,En di kAn @t nar lINks
fv600757,56.715,59.465,bIn@ kom@ dAn mEt rExs fortrEk@
fv600757,59.465,61.605,@r wOrt x@kOpt_ti bAl En d@r mut_t@
fv600757,61.605,65.455,kip@r nOx INGrE+p@ Op di kObAl vAn wIlmOts
fv600757,65.455,71.620,@t E+nd@ wIl mar nit kom@ @t f@rlOs@nd@ E+nd@ zA+ @t_tAn tOx wEl zE+n vor d@ bElG@
fv600757,71.620,76.510,m@sxiN kYn@ zE+ d@ zeG@ wEl wEt@G@ t f@rsxIl wAs x@rIN wAs klE+n
fv600757,76.510,79.420,InzEt wAs xrot am bE+d@ kAnt@
fv600757,79.420,81.290,mANk@mEnt@n ok or
fv600757,81.290,84.640,En @ tExnis_sek@r GeN kran vAn @ wEtstrE+t
fv600757,84.640,89.470,nOx AltE+t_t@ zwed@ Ob d@ mId@lE+n t pyblik xat_t@ker
fv600757,89.470,92.270,fInt @t fEl ov@rdrev@ dAt w@ zo lAN mut@ dorspel@
fv600757,92.270,93.970,bAl wEx@kOpt sEntral
fv600757,93.970,95.180,dor @
fv600757,95.180,98.150,stal@z di G@Grujd Is En bElG@ wIn@ E+nd@ Afx@flot@
fv600757,98.150,99.740,erst@ wInst Iz bIn@
fv600757,99.740,101.880,erst@ G@wIn
fv600757,101.880,105.230,kAt@G@spIn Ik x@lov @t nit Erx b@lANrE+k f@rliz@
fv600757,105.230,106.772,t wAz @n Ond2xt x@west
fv600757,106.772,109.410,hAt @t morel ok nar b@ned@ G@trOk@
fv600757,109.410,112.659,G@lE+kspel@ dAt wAs tOx @t mInst@ wAt
fv600757,112.659,114.469,At @ G@huv@
fv600757,114.469,116.999,En @t Is mer G@wOrd@ t Is wIn@
fv600757,116.999,120.019,hu pr@sis ja Op sIxsElf knAp@ Gols
fv600757,120.019,121.609,betj@ G@hOlp@
fv600757,121.609,123.700,dor d@ teG@stAnd@r mar wAt mut@ w@ dAn zEG@
fv600757,123.700,126.609,vAn @t_teG@dulpYnt dAt_t@ bElG@n Eb@ mut@ tustan
fv600757,126.609,128.419,@n wEtstrE+t_ti
fv600757,128.419,131.499,wAt_t@ bElG@ b@trEft_tYs xut Is x@E+nd@xt
fv600757,131.499,133.259,bElG@n Eb@ Yn mEntAlitE+t
fv600757,133.259,135.949,knOk@rsmEntAlitE+t x@tont InzEt wAs forbeld@x
fv600757,135.949,137.370,sam@spEl
fv600757,137.370,138.645,lip nit sup@l
fv600757,138.645,140.065,t@ wE+n@x
fv600757,140.065,142.831,d@ vl2G@ls b@nYt In anvAl@nt OpsIxt
fv600757,142.831,144.421,tOx_x@prObert
fv600757,144.421,146.891,mEt syksEs t@nslOt@ wAnt_tElk@z Iz @d_dulpYnt
fv600757,146.891,148.871,fijA d@ vl2G@l tOt stAnt x@kom@
fv600757,148.871,150.301,dulpYnt@ G@makt
fv600757,150.301,152.881,kOrt for_rYst dor Gor kOrt_tarna
fv600757,152.881,154.251,wErk@l@k @ blIts
fv600757,154.251,155.081,Gol
fv600757,155.081,156.391,kOrt na d@ rYst
fv600757,156.391,158.981,vAn emil EmpEnzA En [] []
fv600757,158.981,162.051,di eN ker teG@skord@ @n twed@ ker ok bE+na
fv600757,162.051,164.851,rak trOf mEt nOx @N kAns vor []YNbErx
fv600757,164.851,167.938,dAt lYkt@ Al@mal nEt nit En darna wAz @d bEst@ bE+ d@ zwed@ Er ok Af
fv600757,167.938,169.471,EN Grujd@ d@ bElGis@ v@rded@GIN
fv600757,169.471,173.591,di In @t_twed@ G@delt@ vAn d@ twed@ hElft E+G@l@k nA+@l@ks nOx IN G@var kwAm
fv600759,0.000,3.889,war w@ bE+na twalf m@nyt@ hEb@ G@spelt stAnt nOx AltE+t @ nYl nYl
fv600759,3.889,6.540,En orAJ@ nOG Op suk nar @ zIxsElf d@ den@
fv600759,6.540,9.280,sxY+v@n_ny wer wAt Op nar vor mEt wer zon lAN@ INGoj
fv600759,9.280,11.650,vAn @ grav@s@n dAn Is @r AltE+t mEten @
fv600759,11.650,13.620,dulG@var Of moG@l@kE+t_tartu t@nmInst@
fv600759,13.620,17.470,wAnt_ti Gojt_tOd bE+na an d@ klE+n@ rExtuk ny wAz @t nEt its mInd@r En dYs mAk@l@k@r wEx@zEt
fv600759,17.470,20.980,dor @ rE+z@G@r di darnEt ok @n @ Gel@ kart heft x@kreG@
fv600759,20.980,22.960,b@lAxl@k@ Gel@ kart E+G@l@g d@ erst@
fv600759,22.960,25.522,vor @ vAm brONkhOrst wAs @ wEl t@rExt for @
fv600759,25.522,27.360,di fA+t Op @ bIsgart mar dAn
fv600759,27.360,30.000,darnEt rE+z@G@r In @n @ sxA+d@rteG@sxA+d@rdywEl
fv600759,30.000,31.797,lek m@ dAt_t@ zE+n mEt @ grONkjE:r
fv600759,31.797,34.120,Ob d@ lINk@rkAnt_tar_rExt@rkAnt for orAJ@
fv600759,34.120,36.920,En di krex mEten @n Gel@ kart_tYs twe Gel@ kart@ vor d@ twe
fv600759,36.920,39.720,vl2G@lv@rded@G@rs E+G@l@k vAm brONkhOrst an d@ lINk@rkAnt
fv600759,39.720,43.240,En rE+z@G@r an d@ rExt@rkAnt for orAJ@ Ik sEx @t fAm brONkhOrst loGis
fv600759,43.240,43.900,rE+z@G@r
fv600759,43.900,46.260,dAt hAt xen @ Gel@ kart f@rdint mar Op kAns@
fv600759,46.260,48.570,Iz @t forlop@x nOG AltE+t wAxt@ In dez@ pArtE+
fv600759,48.570,52.740,vAn d@ den@ mOxt_tAt m@sxin @m betj@ v@rwAxt wOrd@ vAn orAJ@ dAt_tOx @ mEten fOrs nar vor
fv600759,52.740,54.940,wA+ Gan dAt_t@ den@ Ond@r drYk wIld@ zEG@ []
fv600759,54.940,57.000,zEt@ liv@r dAt_t@ bAlsirkylasi wAt wIld@
fv600759,57.000,58.810,v@rhoG@n @t_tEmpo darvAn t@nmInst@
fv600759,58.810,61.610,wEl dAt fAlt forlop@x @m betj@ teG@ EN k sEx @t d@ den@ sxY+v@
fv600759,61.610,64.300,In dez@ faz@ vAn d@ wEtstrE+t @m betj@ Op mEt @n INGoj ny
fv600759,64.300,68.150,vAn d@ rExt@rkAnt vAn_nils di kAn @t ok hel vEr dar Is @ sAnt @r bE+na bE+ mar
fv600759,68.150,69.130,tOx nOx wEx@kOp
fv600759,69.130,70.950,sxOt Y+t_t@ twed@ lE+n_ny mar dAs @
fv600759,70.950,71.940,t@ zwAk x@sxot@
fv600759,71.940,73.310,met@r Of twe d@rnast
fv600759,73.310,74.460,dAt sxOt fAn @
fv600759,74.460,75.290,wi Iz @t
fv600759,75.290,76.803,di dar mekwAm @ OprYk@
fv600759,76.803,80.170,kOldIN Ind@rdat d@ rExsAxt@r di mEt lINgz ov@r@G@z ok nOx must_trAp@
fv600759,80.170,81.806,dYz dAt wAs_sek@r nit @ z@m bEst@ vut
fv600759,81.806,83.030,nit_t@ bEst@ poGIN ok
fv600759,83.030,84.000,vAn di @
fv600759,84.000,85.590,s2r@n kOldIN d@ mAn vAn @
fv600759,85.590,86.970,brYndbi
fv600759,86.970,88.274,zev@n@ntwInt@x jar
fv600759,89.564,92.900,me nar vor G@kom@ dAd_dun d@ den@ nAtyrl@k wEl Op stIlstand@ faz@ zek@r
fv600759,92.900,98.060,prOber@ z@ me na vor@ t@ Gan t Iz @n @ OfEnsif ING@stEld@r@ plux dAn @ d@ tSEx@ dAs_sek@r En vAst war
fv600759,98.060,102.840,mar dEzOndANks krE+xt orAJ@ vorlop@x ok xen @ op@nIN@ G@krejert_tar Av En tu wEl @ @m par
fv600759,102.840,104.730,anzEt@ tOt op@nIN ma nOx nit Ext kE+k@n_ny
fv600759,104.730,107.950,bErxkAmp ny m@sxin In @t strAfsxOpx@bit sEr[] bErxkAmp forbE+ z@m b@laG@r
fv600759,107.950,109.980,bErxkAmp forzEt mar tOx nOx @N Guj@ Aksi dar
fv600759,109.980,111.252,vAn @ hEnrIks@n
fv600759,112.075,114.740,ErvarIN nAtyrl@g di @ r@ne hEnrIks@n
fv600759,114.740,117.147,ev@ dAxt@ w@ di Gat [] @n pEn@ltiov@rtredIN mak@n
fv600759,117.147,119.680,bErxkAmp fAn d@ rExt@rkAnt INkom@nt In @t strAfsxOpx@bit
fv600759,119.680,123.095,blef ov@rE+nt lek @r vorbE+ t@ zE+n ok @ hEnrIks@ G@pAsert
fv600759,123.095,127.810,En Op @t mOmEnt_tAt i wIld@ AvdrYk@ Of pas@ dAt wAs nOx nit m@ten dY+d@l@k wAnt ok nazd_d@ gol Y+tx@wek@
fv600759,127.810,129.900,bErxkAmp tOx nOx d@ rEd@nd@ tEk@l
fv600759,129.900,131.930,vAn di hEnrIks@n En huksxOp ny vor orAJ@
fv600759,131.930,133.580,vertin m@nyt@ zE+n w@ vEr
fv600759,133.580,136.709,ev@ m@sxin wAd_drYk for ned@rlAnt d@ huksxOp mEt_tEnIs bErxkAmp
fv600759,137.614,139.920,klY+v@rt kAn @r nid bE+ En Opx@vAN@ wEx@zEt
fv600759,139.920,143.160,dor d@ den@ ma nimAnt @rbE+ En dYs kAn rE+z@G@r Gan Y+tf@rded@G@
fv600759,143.160,144.260,mEt fAm brONkhOrst
fv600759,144.260,145.850,dip Ob d@ E+G@ spelhElft Ond@rtYz@
fv600759,145.850,147.330,lAN@ bAl dAm_mar nar vor@
fv600759,147.330,150.140,rIxtIN klY+v@rt mar klY+v@rt kAn @r [] bE+ wEl @
fv600759,150.140,151.120,hE+nts@
fv600759,151.120,152.830,En Opx@vAN@ sEntral
fv600759,152.830,153.747,dor sAnt
fv600759,154.437,156.070,mar di G@rakt ok ni mEten @
fv600759,156.070,159.090,In d@ wEtstrE+t ok ni mEten_nar vor@ En dYs mar bAl wer t@rYxlEG@
fv600759,159.090,160.887,bE+ d@ mest Ervar@ mAn Op @t fElt
fv600759,161.837,163.700,pet@r Smajx@l
fv600759,163.700,165.441,zEz@ndErt@x jar Ond@rtYs@ Al
fv600759,165.441,167.850,En @m pAlmArEs Om y teG@ t@ zEG@
fv600759,167.850,170.980,nAsjOnal@ tit@ls 2ropes@ tit@lz 2ropes kAmpijun
fv600759,170.980,171.970,mEd_den@mArk@
fv600759,171.970,174.750,t@ kOst@ vAn_ned@rlAnt_tAt wet y wEl hAlv@ final@ twe twe
fv600759,175.380,178.890,En dAn mEd_d@ pEn@ltiz d@ den@ di-j-Al Op @t strAnt laG@ dAt f@rhal kEnt y wEl
fv600759,178.890,180.210,vorbE+ ned@rlAnt In di
fv600759,180.210,181.470,hAlv@ final@
fv600759,181.470,183.070,rE+kart wAs @r tun nOx bE+
fv600759,183.070,187.630,bErxkAmp ok makt@ nOx en vAn d@ twe dulpYnt@ nEt Als rE+kart_tAt wAz d@ And@r@ dulpYnt@mak@r
fv600759,187.630,190.480,En ok frANg d@ bur di speld@ tun @n hElft me d@ And@r@
fv600759,190.480,192.627,orAJ@mEns@ zE+n @ niw@
fv600759,192.627,195.020,anvAl vAn d@ den@ ny Afx@vlAxt
fv600759,195.020,197.205,Afx@flot@n ok for bY+t@spEl
fv600759,197.905,200.630,betj@ twE+f@lAxt@x tOx d@ mAn di wIld@ dorGan ov@r d@ rExt@rkAnt
fv600759,200.630,203.540,hir grONkjE:r lINgz di stOnt wEl bY+t@spEl hAd Ig d@ IndrYk
fv600759,203.540,208.760,ma Gut orAJ@ wer In d@ anvAl mEd @ dip@ bAl nar koky kAn i dorGan Ond@rY+t x@lop@n Of nit_tor hE+nts@ di d@rbE+ wAs
fv600759,208.760,211.450,ev@ aNG@lop@ In d@ rYx tOx kOky blE+ft lIG@n ok
fv600759,211.450,214.630,In @t @ strAfsxOpx@bit Ob di lAN@ bAl vAn Axt@rY+t kOky dar
fv600759,214.630,218.200,proberd_di @ t@ kOntroler@ In @t strAfsxOpx@bit En lek mE+ tOx
fv600759,218.200,220.133,lIxj@s aNG@lop@ dor hE+nts@
fv600759,220.673,222.680,mar @ mE+@r zAx @r GeN Grat@n In
fv600759,222.680,224.110,Gen @ strAfsxOp
fv600759,226.030,226.860,heft wEl @n @
fv600759,226.860,228.400,tIk x@kreG@ In d@ nEk
fv600759,228.400,229.990,vAn hE+nts@ di kwAm anlop@
fv600759,229.990,230.680,ja
fv600759,231.750,233.010,hel@mal @
fv600759,233.010,238.720,vrE+Y+t xat i tOx nit hE+nts@ Gat wEl vrE+Y+t nAtyrl@k wAnt_t@ ov@rtredIN nid b@strAft_tor d@ sxE+tsrExt@r mar In Elk x@vAl
fv600759,238.720,240.590,dar zAt @n r2kj@ an kwAm anlop@
fv600759,240.590,243.940,kek wEl nar d@ bAl hE+nts@ dAt plE+t In z@n vordel nit mEten d@ b@dulIN m@sxin
fv600759,243.940,245.750,Om @ kOky Ond@rY+t_t@ lop@ mA
fv600759,245.750,247.132,twE+f@l wAs @r In El@k x@vAl wEl
fv600759,247.132,249.240,nit for d@ sxE+tsrExt@r di heft nit x@flot@
fv600759,249.240,252.370,t Is wAxt@n_ny Ob d@ v@rzOrGIN vor kOky di-j-Iz blE+v@ lIG@
fv600759,252.370,255.390,Iz ok slExt nerG@kom@ makt@ @n @ slAGb@weGIN mEd_d@ nEk
fv600759,255.390,258.080,bE+ @t [] nerkom@ m@sxin @t hoft Ob d@ GrOnt ok In Elk x@vAl
fv600759,258.080,259.560,@n dyw vAn hE+nts@
fv600759,259.560,264.010,kOky ONG@lYk@x ner eft f@rzOrGIN nod@x pArtE+ lIxt stIl [] vorlop@x na zEstin minyt@ spel@
fv600759,264.010,267.806,mut s@ nOG AltE+t Op xAN kom@ In den@mArk@ ned@rlAnt nYl nYl
fv600764,0.000,5.880,vir m@nyt@ nOx @ tOt @t E+nd@ mar kurs x@lop@ dAt wet y dri nYl Iz d@ vorsprON vor orAJ@
fv600764,5.880,10.280,mAtS lIxt ev@ stIl Ob dIt mOmEnt wAnt @ EdwIn vAn d@r sAr heft @ v@rzOrGIN nod@x
fv600764,10.280,16.210,frANk rE+kart sxrewt nOx wAt anwE+zIN@ mar d@ v@rtwE+f@lIN di wAs ok In zE+n oG@ t@ lez@ In d@ erst@ hElft
fv600764,16.210,20.160,tun @t hel@mal nit lip for orAJ@ tun w@_@n ErhalIN kreG@n E+G@l@k fAn @
fv600764,20.160,21.640,d@ wEtstrE+t_teG@ tSExij@
fv600764,21.640,24.390,mEt fel mInd@r dulkAns@ ok In d@ twed@ hElft hEb@ d@ den@
fv600764,24.390,28.730,E+G@l@k nit_t@ vel mer kYn@ klarmak@ Smajx@l mEt @n @ flat@rtj@ nOx ma bAl
fv600764,28.730,30.470,Y+tE+nd@l@k tOx @
fv600764,31.270,34.549,nit so bEst x@trApt_tor kOky di d@ bAl zomar krex aNG@bod@ vAn Smajk@l
fv600764,34.549,36.260,Ik sEx @t_tAt_tut Smajx@l ok Al wEl @s
fv600764,36.260,38.790,dYrft Al [] []s OndANks @t fE+t_tAt i @n Grot@ dulmAn Is
fv600764,38.790,41.570,nast @n bAl slan Of @n bAl slExt wExsEt@
fv600764,42.310,46.590,En d@ den@n_nOx @ d@ kAns x@mIst_tAt wet y ok Ond@rtYs@n Alz y d@ hel@ tE+t eft @ G@lY+st@rt
fv600764,46.590,47.520,d@ kAns Ob d@
fv600764,47.520,48.570,er_rEd@nd@ trEf@r
fv600764,48.570,51.480,lat@ lIG@ wAnt @ S2nbErx di Ond@rtYs@ nar d@ kAnt Is x@Gan
fv600764,51.480,52.690,di trApt@ d@ pEn@lti
fv600764,52.690,54.610,di [] G@kreG@n At fAn d@ sxE+tsrExt@r nast
fv600764,54.610,56.480,fA+t fAn vAn d@r sAr Op sAnt
fv600764,56.480,58.810,En dYs_stat @r nOx AltE+t dri nYl Op @d bOrt
fv600764,59.250,61.120,En vOlxt @ vOlG@nd@ wunzdAx
fv600764,61.120,63.430,d@ kOnfrOntasi teG@ den@mArk@
fv600764,63.430,65.290,Opniw In d@ Amst@rdAm ArenA
fv600764,65.290,68.370,nit mer vor @m plats In d@ kwArtfinal@ wAnt frANkrE+k En
fv600764,68.370,69.810,ned@rlAnt sE+n G@platst
fv600764,70.290,73.640,sam@ mEd italij@ GIst@r@ Al zek@r vAn d@ kwArtfinal@
fv600764,73.640,75.020,En vAn d@ GrupseG@
fv600764,75.020,77.540,mar darOm Om di GrupseG@ I[] Grub de dAn
fv600764,77.540,79.880,dar Gat @t nOx Om tYs@ frANkrE+k En_ned@rlAnt
fv600764,81.252,82.679,En d@ wInar vAn dAd_dywEl
fv600764,84.269,85.409,di-j-Ontlopt
fv600764,85.916,87.130,d@ wInar vAn @
fv600764,87.130,87.900,Grup se
fv600764,87.900,90.970,dAt kAn evEntywel spAJ@ zE+n uwEl spAJ@ nAtyrl@k v@rlor@
fv600764,90.970,93.120,d@ erst@ wEtstrE+t norweG@n ok
fv600764,93.120,95.610,wi wet slovenij@ juGoslavij@
fv600764,96.250,97.680,kAn Al@mal nOx nAtyrl@k
fv600764,97.680,100.310,ma z Ontlop@ dAn d@ GrupswInar In Elk x@vAl In d@
fv600764,100.750,102.400,kwArtfinal@ En vorAl
fv600764,102.400,106.570,ned@rlAnt wIl Grax In rOt@rdAm di kwArtfinal@ spel@ En dAm_mut @r GrupswInzd b@halt wOrd@
fv600764,106.570,108.280,And@rs f@rhY+z@ z@ nar brYG@
fv600764,108.280,110.580,En krE+xt @t jAn brE+d@lstadijOn orAJ@ dYs
fv600764,110.580,111.420,Ob_b@zuk
fv600764,111.420,114.080,w@ Gan @r ev@n Y+t slOtfaz@ zIt @ran t@ kom@
fv600764,114.080,117.370,twe m@nyt@ nOx tOt @d E+nd@ plYs d@ tuG@vuGd@ tE+t dAt Is @
fv600764,117.370,120.300,tOx nOx ok wEl @m par m@nyt@ dENk Ik mar d@ wEtstrE+t Is x@spelt
fv600764,120.670,123.310,den@ prOber@ nOx wEl wAt @ In d@ anvAl t@ Gan_ny
fv600764,123.310,125.170,kE+k@ wAnt @ ov@r d@ rExt@rkAnt nOx Is
fv600764,125.170,129.070,kOldIN di prObert_t@ Axt@rlE+n t@ hal@ dar Axt@rnaG@zet@ dor davIts
fv600764,129.070,130.610,kAn i z@n mAn vorbE+Gan
fv600764,130.610,132.420,prOber@ drIb@l@ dar bAl
fv600764,132.420,136.100,ov@r d@ zE+lE+n bY+t@ wEl nOx In @t fordel vAn d@ den@n w@ blE+v@ nit hAN@ twe m@nyt@ nOx
fv600764,136.100,138.390,tOt @t OfiSel@ E+nd@ plYz d@ tuG@vuGd@ tE+t
fv600764,138.390,140.470,mar ned@rlAnt Op forsprON teG@ den@mArk@
fv600764,140.470,141.079,dri nYl
fv600768,1.207,3.748,wAt x@b2rt_tar kOmt EmpEnza nar d@ kAnt
fv600768,4.934,6.607,lat i zIx f@rzOrG@ vor its
fv600768,7.268,11.015,heft i @ @N kEtINkj@ dAt hEm G@sxrAmt eft kEtINkj@-n-Y+t jawEl
fv600768,13.378,17.636,dAt wOrt pAs na d@ wEtstrE+t wer Opx@nom@ ny kE+k@ nar @ wIlmOts its t@ vEr vor nilis
fv600768,17.636,18.908,kOn_nit INGrE+p@
fv600768,19.719,21.453,dAt kEtINkj@ Is hop@l@k for Em
fv600768,21.453,23.225,vor na d@ wEtstrE+t En @
fv600768,23.225,25.759,vor zE+n vrindIn G@lov Ik Om di t@ b@haG@
fv600768,28.074,29.045,mEt @
fv600768,29.769,31.622,@m bAl Axt@rY+t nar d@ wIld@
fv600768,32.043,33.826,di zit fAN kErkov@ wer vrE+
fv600768,34.597,36.931,twalf m@nyt@ twalf s@kOnd@n
fv600768,36.931,37.583,nYl nYl
fv600768,37.583,40.087,En bAl bY+t@ In @t fordel vAn d@ tYrk@
fv600768,40.538,43.332,OplEt@ bElG@ kOnsEntrasi nit f@rliz@n
fv600768,43.823,45.376,zer sxErb_b@GOn@
fv600768,45.376,48.440,vraxt krAxt kOnsEntrasi ny nit lOslat@
fv600768,48.440,52.372,In Elk x@vAl z Eb@n @d bet@r G@dan dAn In di erst@ tin m@nyt@ In d@ vorGand@ dri pArtE+@
fv600768,52.372,54.651,mar dA wIl nit sEG@ dAt_t@ vOlG@nd@ tin_ny mind@r mut@ zE+n
fv600768,55.613,56.424,vrE+@ sxOp
fv600768,57.722,59.352,Alv Ob d@ Elft fAn d@ bElG@
fv600768,60.113,62.878,mEt @ arif ny ir wer an d@ rExt@rkAnt_t@ vInd@
fv600768,63.116,66.413,jA wAt_tAd b@trEft sE+n z@ nit_t@ plats@ nit_t@ pOziSOner@
fv600768,66.413,67.445,kOrd bAl@tj@
fv600768,67.445,69.138,nar @ tugAj
fv600768,69.138,70.681,Opniw @ Arim
fv600768,71.082,72.474,En @ Arif liv@r
fv600768,72.474,73.826,En di bAl Gad bY+t@
fv600768,73.826,78.053,En_nimAnt kAn @rbE+ wAt_tAd b@trEft slOrd@x anvAl@nt @ spEl vAn d@ tYrk@
fv600768,78.053,80.698,AlzOf s@ di wEtstrE+t_teG@ zwed@n_nOx @z ov@rdun
fv600768,80.968,84.554,vAn d@ tYrk@ Iz @d Ind@rdat_tOt ny tu nid bet@r nOx_x@west Apsolyt nit
fv600768,85.075,87.123,bElG@ darEnteG@ Eb@ zIx In @n @
fv600768,87.123,90.218,And@r@ G@dant@ G@tont In d@ b@GInfaz@ vAn dez@ pArtE+
fv600768,92.492,95.267,nYl nYl nOx AltE+t_tAd Is x@nux for d@ bElG@ dAt wet@ w@ dYs hE
fv600768,96.128,97.651,vor d@ tYrk@ nit_ti mut@ wIn@
fv600768,97.651,99.403,Om nOx @N kAns t@ mak@
fv600768,101.307,102.308,blE+gbar @
fv600768,102.308,106.575,nOx_xen_niwz ok fAn italij@ zwed@ zAl ok wEl nYl nYl zE+n_nOx hir d@ kOrn@r ny wer
fv600768,106.896,108.088,vor niliz EN ko
fv600768,108.919,109.741,rExt@rkAnt
fv600768,110.573,111.564,dAd b@tek@nt
fv600768,112.496,114.822,d@ bAl warsxE+nl@k fAn @d_dul Af lat@ draj@
fv600768,116.726,118.559,ja lIxtj@s wEx@kOpt ok
fv600768,118.989,121.183,Ob di kOrn@rs nOx nit x@varl@k x@west_t@ bElG@
fv600768,123.167,126.923,blE+v@n Im bAlb@zIt vijA vAnd@raG@ di krY+st ir nar Gor
fv600768,126.923,128.556,E+nd@l@k frE+ ok Gor
fv600768,128.556,129.908,mEt wIlmOts_sxE+mb@weGIN
fv600768,129.908,134.145,Em_mEt rExs En d@ bAl nOx [] [] v@rAnd@rt En @ @n @
fv600768,134.145,135.047,kOrn@r
fv600768,135.848,137.621,bAl nOx aNG@rakt fAN Gor
fv600768,139.905,141.340,Al@ dulpYnt@ Of
fv600768,141.340,142.832,ne wAz @t mar war
fv600768,142.832,145.847,Al@ dulpoGIN@ Op @n rE+ twe ker EmpEnzA eN ker nilis
fv600768,145.847,147.520,twe ker nilis_sElfs eN ker Gor
fv600768,147.520,149.704,zovEr zE+n w@ ny Al En_nIks fAn di tYrk@
fv600768,151.176,152.368,vrE+@ sxOp
fv600768,152.368,153.280,Als huksxOp
fv600768,153.280,156.285,bAl Gat @r mar nEt nast sxAmpt_t@ pal Alz @t war@
fv600768,156.285,157.237,nilis ny
fv600768,157.237,158.468,wer bAl vor
fv600768,158.468,159.420,t mut mar @s lYk@
fv600768,159.420,162.866,mar @ wEx@kOpt_tor tajfun vAN kErkov@
fv600768,162.866,167.416,el bret Y+t nar nilis di zIx_xut Int@Grert In @d bElGis@ spEl bet@r dAn In z@n InvAlb2rt@
fv600768,167.736,170.581,Alen In d@ p@rsonl@k@ dyElz dAd blE+ft lAst@x for lYg blE+gbar
fv600768,171.853,173.937,dYs x@lYk@x ok nit mer zo wArm
fv600768,174.207,176.040,nOx wAt swet@r@x tOx wEl
fv600768,176.841,177.873,@n lIxt@
fv600768,177.873,179.957,zom@rzult@zwult@
fv600768,180.257,182.742,mar nit_tAt swar@ wer vAn darstrAks nOx
fv600768,182.742,184.034,EN G@lYk@x dYs for d@ bElG@
fv600768,184.034,187.770,must@ z@ nit spel@ Om vir yr zEs yr m@sxin wAz dAt wEl In @t fordel vAn d@ tYrk@ G@west
fv600768,190.712,193.620,herl@k@ vorzom@r vOl@ zom@ravOnt kYJ_J@ ok sEG@
fv600768,194.329,196.422,En @r vAlt_t@ vudbAl@ Om @n yr Of neG@
fv600768,197.073,198.245,In di av@nt
fv600768,198.245,200.549,d@ tYrk@ mEt @ okAn
fv600768,201.781,205.200,mar ny wer f@rhE+@ bAl vorG@trOk@ Afx@wert
fv600768,205.200,207.691,nimAnt @rbE+ tYs@n_nilis En @ wIlmOts In
fv600768,207.691,210.175,En_nilis mut Axt@r di bAl En di Gad bY+t@
fv600768,210.951,212.840,En dAd Iz In @t fordel vAn d@ tYrk@
fv600768,214.503,215.184,ja
fv600768,215.184,219.112,tOx @ kOst_tAt nit AleN krAxt so lop@n En rEn@ zoAlz d@ bElG@ ny dun
fv600768,219.392,223.441,mar Ig dENk ok dAt_t@ zyrstOf dAt_ti m@sxin_nit nOx fOldun In d@ lYxt Is @t
fv600768,223.441,225.732,[] nOx @m betj@ Afkul@ k wet nit wAt pr@sis
fv600768,226.122,226.690,d@
fv600768,227.376,229.108,zyrstOfxrat sA+ zE+n
fv600768,229.900,231.733,m@sxin_nOx tOx @n tIk@ltj@ t@ wArm
fv600768,231.733,233.325,Om dAt lAN vOl t@ hA+d@
fv600768,234.397,236.841,mar z@ hEb@ GeN k2z d@ bElG@ z@ mut@ blE+v@ Gan
fv600768,236.841,239.406,m@sxin v@rstAnd@x Af En tu @z ev@ t@rYxsxak@l@
fv600768,239.406,242.261,zOnd@r dAt s@ d@ tYrk@ Al t@ vel In d@ wEtstrE+t lat@ kom@
fv600768,242.261,245.176,dip@ bAl En s@kur ev@ teG@GA+d@
fv600768,245.176,247.650,ny In dywEl mEt @ vAlGar@ di-j-@t lE+kt_t@ wIn@
fv600768,247.650,249.755,mEt_twe teG@n en stal@s fAlGar@
fv600768,249.755,253.231,En S@kur En di heft ok @N kEtINkj@ dAt E+ ny mut @ wExstOp@
fv600768,253.231,254.683,m@sxim bet@r AflEG@n ok
fv600768,255.555,258.059,En wIlmOts wInt @n dywEl vAn @
fv600768,258.059,259.201,klE+n@ suwAt
fv600768,260.163,261.539,bret for d@flA~dr@
fv600768,261.539,265.061,nit sovel rY+mt@ Als teG@ d@ itAljan@ wAz OpfAl@nt uvel rY+mt@ di krex tun
fv600768,265.061,267.665,mar ny tOx og d@ flANk frE+ Opniw vor d@flA~dr@
fv600768,267.665,268.608,d@rIN Gan
fv600768,268.608,270.080,mar AbdulA Iz dar di blE+ft
fv600768,270.080,271.490,Erx hAN@ AbdulA
fv600768,271.490,273.857,di nemt wE+n@x del an @t @ ObA+@nd@
fv600768,273.857,276.932,@ spEl vAn d@ tYrk@ En dAt mErk j@ ok t Iz Ind@rdat
fv600768,276.932,278.154,t@ wAr@x Al@mal
fv600768,278.154,279.529,E z@ kom@ nit fEr
fv600768,279.529,281.330,AbdulA mEt s@n lAN@ trAp Is
fv600768,281.330,282.061,blE+gbar []
fv600768,282.061,285.607,Op f@rded@G@ ING@stElt En dAt mut_tartu G@dwON@ dor @t spEl vAn d@ bElG@
fv600768,285.607,287.770,anvAl@nt x@stArt@ bElG@ En Alwer
fv600768,287.770,289.626,kOrn@r Op kOrn@r kYJ_J@ zEG@
fv600770,0.000,2.863,t@rwE+l w@ Op t mId@vElt @m betj@ rOntspel@ mEt @
fv600770,3.464,4.315,okAn
fv600770,5.037,6.559,En @ suwAt En @
fv600770,6.559,7.691,AbdulA
fv600770,8.773,9.805,dAt_tyrt lAN
fv600770,10.195,11.137,arif
fv600770,11.137,12.690,di lat sIG ok x@reG@lt_tryxfAl@
fv600770,13.286,15.186,ny d@ dipt@ In vor Sukur Ob d@
fv600770,15.186,17.077,sxun ma di lat_ti bAl_lop@
fv600770,17.077,17.798,jA
fv600770,17.798,18.519,jA
fv600770,20.593,23.017,Alz dAt niliz Is Ov EmpEnzA tOx
fv600770,23.017,25.298,tOx Al Eb@ di-j-ok nOx ni[] x@skort mar
fv600770,25.298,26.934,zom bAl kYn@ menem@
fv600770,26.934,29.438,ho bIn@kAnt @ vut En dAn sxit@
fv600770,29.438,31.845,Y+tstek@nd@ pozisi Sukur
fv600770,34.229,35.081,wAt swAk
fv600770,35.081,36.082,tOx wEl
fv600770,38.066,41.441,En @ w@ zE+n stIlan AlfwEx In d@ erst@ Elft mEt @ wIlmOts
fv600770,42.062,43.795,bE+na twej@ntwInt@x m@nyt@ G@spelt
fv600770,43.795,46.870,En vAn di twej@ntwInt@G d@ bElG@ twInt@x m@nyt@ Ob d@ Elft
fv600770,46.870,48.854,zek@r vAn d@ tYrk@
fv600770,49.435,51.268,EJ_J@ mAx sElfs_sEG@ In d@ anvAl
fv600770,52.580,53.582,dAt_trYxspel@
fv600770,53.582,55.335,zoAls ny G@b2rt_tAt sit @
fv600770,55.335,61.718,Onz@ vrint_t@han@ nit so Grax di di b@GInt Alwer zoAz Im brYG@ dAn @ zElf @ anwE+zIN t@ Gev@ ne d@ And@r@ kAnt Op
fv600770,62.359,64.763,Gem prOblem@ zuk@ Als_s@_@r nit sE+n
fv600770,66.176,69.842,En z@ ok mar OplOs@ Als_s@ kom@ En ir ny Afx@werd@ bAl vAn d@ kip@r wIlmOts
fv600770,69.842,72.276,mut ev@ lINks rExs En dAn d@ bAl
fv600770,72.276,74.219,ING@sxot@ mar nast @d_dul
fv600770,74.219,75.790,En dAn wEl G@pAkt_tor di rysty
fv600770,75.790,77.876,fA+tj@ vAn di rysty d@rnEt or
fv600770,78.336,79.829,di bAl zo slOrd@x f@rwErkt
fv600770,80.740,83.927,d@ erst@ ker wEl mEt_t@ vY+st x@stOmpt mar zOnd@r t@ kE+k@
fv600770,85.200,86.752,At_ti bAl rYst@x kYn@ pAk@
fv600770,87.303,88.505,ny bE+ d@ And@r kip@r
fv600770,88.505,90.088,d@ wIld@ nOx_xe fA+tj@
fv600770,90.088,92.021,ok nOx wE+n@x mut@ tYs@bE+d@ kom@
fv600770,92.021,94.085,Em pr@siz AlfwEx In d@ erst@ hElft
fv600770,94.395,97.340,tyrkE+@ teG@ bElGij@ wAnt so stat @d ir nYl nYl
fv600770,99.724,100.726,En stal@s
fv600770,100.726,103.150,nOx nit eN ker Ext me nar vor@ G@sxov@
fv600770,103.571,106.145,wEl @m betj@ Opx@rYkt_tOd bE+ Of nEt ov@r d@ mId@lE+n
fv600770,106.145,107.167,vAlGar@
fv600770,107.167,108.970,Gen rizikos nem@
fv600770,108.970,111.083,d@ kA+nt@r tOx Y+t @t spEl hal@
fv600770,112.846,114.799,E wEl OpsxY+v@ mar nit meGan
fv600770,115.203,116.502,dAt lE+kt @d_devis t@ zE+n
fv600770,117.303,118.195,zoAlz Ik sE+
fv600770,118.195,121.992,twe Ext@ v@rded@G@rz @n dErd@ d@flA~d@r @bE+ d@ vird@ vAN kErkov@
fv600770,121.992,124.536,Is mer In t mId@vElt_t@ vInd@ m@sxin wAt_t@ dIGd bE+ Gor
fv600770,124.536,126.559,di t@ wE+n@x frE+E+t krE+xt_tardor
fv600770,127.260,128.613,d@ rY+mt@ mut xan zuk@
fv600770,129.945,131.768,En dAt wAs @ Alpaj
fv600770,131.768,135.264,Alpaj sam@ mEt ogyn Axt@ran d@ mest Ervar@ spel@r d@
fv600770,135.264,136.925,d@ b@trA+barst@ vor d@ tYrk@n ok
fv600770,136.925,137.996,di nYm@r vE+f
fv600770,139.229,142.885,En_ny dib dor vor nilis Ofsajd[] nilis t@ vrux wEx
fv600770,142.885,144.177,sxOt nOx fAN Gor
fv600770,144.177,147.103,En EmpEnzA d@rIn mar d@ vlAx stat AlAN
fv600770,147.103,148.876,d@ vlAx stat AlAN
fv600770,148.876,150.248,spel@rz Eb@ t ni x@zin
fv600770,150.248,152.212,wAs warsxE+nl@k ok AlAN G@flot@
fv600770,153.163,154.335,Afx@k2rd@ Gol
fv600770,154.335,156.108,ja lAN vAn t@vor@
fv600770,157.691,159.484,EmpEnzA eft @t nOx AltE+ nid_dor
fv600770,162.543,163.783,vAn @n flY+tsiJal Eb Ik
fv600770,163.783,165.468,Im_mE+n hoftelefon_niks x@zin
fv600770,165.839,169.305,mar @ rAntj@ bY+t@spEl m@sxin wAz @t xem bY+t@spEl or
fv600770,169.305,171.429,m@sxin wAz @t xem bY+t@spEl vAn_nilis
fv600770,171.429,172.660,vlAm dAn Gor
fv600770,172.660,174.474,Afx@wert En EmpEnzA
fv600770,174.744,177.168,ja dAt wAs E+G@l@k xem bY+t@spEl G@lov @k
fv600770,177.168,179.873,nAtyrl@g d@ GrEnsrExt@r stOnt pr@siz Ob d@ lE+n
fv600770,180.193,181.666,vAn irY+t x@zin
fv600770,181.666,182.988,Op @d beld ok nOx @s
fv600770,183.649,185.382,mar @r wAs_sek@r G@vlAxt
fv600770,185.382,187.147,EN G@flot@ v@rmud@ w@ dAn ok
fv600770,187.147,189.495,EmpEnzA Afx@k2rd_dulpYnt
fv600770,192.997,195.100,zozo En_ny d@ And@r@ kAnt Op
fv600770,195.100,196.572,En @
fv600770,196.572,198.145,bY+t@spEl ok ir
fv600770,199.457,201.521,bY+t@spEl mEt @n @ vraxtek@
fv600770,202.172,203.144,ja
fv600770,203.905,205.020,ja nAtyrl@k
fv600770,205.020,210.028,dor dAt siJal vAn d@ GrEnsrExt@r zE+n di tYrk@ m@sxin ok nit Ext me nOx_xan mEt s@n Al@n v@rded@G@ zoAls
fv600770,210.028,210.858,dAt sA+ mut@
fv600770,210.858,211.818,kAn ok or
fv600770,212.781,216.581,pyblik eft @t nit so b@Grep@ [] [] zit ok xen @ EralIN@
fv600770,216.581,218.725,ma ja jY+st @n EralIN Op @d beltsxErm
fv600770,220.077,223.633,dut_twE+f@l Ontstan Ov dut sElfs_sEG@ b@slY+t@ ne t wAs xem bY+t@spEl
fv600770,223.633,225.800,ny nar EmpEnzA nit x@vlAxt
fv600770,225.800,228.201,vA vAN kErkov@ EmpEnzA kOmt nar bIn@
fv600770,228.201,230.345,sxEpt_ti bAl zwAk for d@ dulmAn
fv600770,230.345,232.829,emil EmpEnzA G@kOnsEntrerd blE+v@
fv600770,233.991,235.533,rysti eft_tAn og di bAl
fv600770,236.565,238.059,so dAt wAs na
fv600770,238.059,239.590,vir@ntwInt@x m@nyt@ spel@
fv600770,241.635,242.747,d@ en_nyl G@sxrApt
fv600770,242.747,244.671,E+G@l@k ok nit x@notert OmdAt
fv600770,244.671,246.594,Al t@ dY+d@l@g di vlAx mEten zAt
fv600770,246.594,250.080,En d@ v@rmud@ dAt son @ sxE+tsrExt@r ok wEl Afxat Ob di GrEnsrExt@r
fv600770,250.791,251.782,t Is wEl @n rumen
fv600770,251.782,255.088,d@ dens@ lAntx@not fAn sxE+tsrExt@r kIm_mIlt@n_nils@n
fv600770,255.088,256.641,di zit an dez@ kAnt an d@
fv600770,256.641,259.155,hoftribyn@ an d@ ov@rkAnt_t@ rumen dYs @
fv600770,259.155,260.037,ja
fv600770,260.828,263.312,j@ wet_tAn_nit Ov di koOrdinasi ev@ Gut sAl zE+n
fv600770,263.693,265.836,t pyblik_krE+xt @r nit x@nux fAn Om t@ flY+t@
fv600770,265.836,270.946,jA @t wAxt ok Ob @n dulpYnt son ov@rwIxt En_nit kYn@ skor@ nit moG@ skor@ kYJ_J@ ok sEG@
fv600773,0.000,2.820,Ind@rdat @t Is en_nYl G@wOrd@ vor italij@
fv600773,2.820,4.832,@n dulpYnt fAn luwidZi di bijAdZo
fv600773,4.832,7.253,@N kObAldulpYnt na @n huksxOp fAn dEl pjE:ro
fv600773,7.253,10.168,w@ moG@ tOx wEl zEG@ dAt_tAt Y+t@rmat@ Onv@rdint Is wAnt
fv600773,10.168,11.761,d@ zwed@ d@ bEst@ kAns@
fv600773,11.761,13.594,mar z@ kom@n_nit_tOt skor@ En_ny jA
fv600773,13.594,14.987,zo stat @t en_nYl vor
fv600773,14.987,17.541,italij@ @n dulpYnt vAn luwidZi di bijAdZo
fv600787,0.000,1.300,kOrt for En
fv600787,1.300,3.900,di bAl wOrt @r @ nit @ ING@trAp
fv600787,3.900,5.930,d@flA~d@r v@rded@xt_tar z@n dul
fv600787,5.930,7.360,zOnd@r Ext_t@ mut@n INGrE+p@
fv600787,8.120,10.210,og dAd Iz @t nAtyrl@g d@flA~d@r In @d_dul
fv600787,12.680,13.560,mEt @n @
fv600787,14.170,15.210,kip@rstrY+
fv600787,15.210,16.250,vEr ov@r @d brukj@
fv600787,17.190,18.840,tYrk@ hA+@ d@ bAl d@rbE+
fv600787,20.320,24.642,En dIt Iz @t E+nd@ bElGij@ Y+tx@sxak@lt_tyrkE+@ nar d@ kwArtfinal@ nem Ik an
fv600787,25.040,27.130,tyrkE+@ wInt ir mEt nYl twe
fv600787,27.840,30.700,wAt @n @ Om@ker wAt @n sEnsasi
fv600787,30.700,35.580,E+G@l@k In d@ neGAtiv@ zIn En d@ ned@rlAns@ bOntsforzIt@r di klOpt ir z@n jAS@ Af
fv600787,35.580,37.950,ja di zit_tOx ok sE+n tOrnoj @m betj@
fv600787,37.950,39.041,anG@rAnt
fv600787,39.980,41.740,dor @ @t @
fv600787,41.740,43.600,v@rlis fAm bElGij@ d@ Y+tsxak@lIN
fv600787,43.600,45.250,tYrk@ blE+v@n In d@ kurs
fv600787,47.340,49.320,t@rwE+l dar ny SY:rtj@s wOrd@
fv600787,49.320,50.220,G@wIs@lt En
fv600787,50.220,54.640,Al@rlE+ tustAnd@ zIx ir vordun lat@ w@ nOG Ons ev@ kOnsEntrer@ Op @t E+nd@ vAn dez@ wEtstrE+t
fv600787,54.640,55.300,k wet wEl
fv600787,55.300,58.600,bElGij@-n-Is @ran vor d@ mujt@ AkAn S@kyr Is @
fv600787,58.600,62.550,d@ dodun@r vAn d@ bElGis@ plux twe ker G@skort hE+ di nit_t[] skor@n
fv600787,62.550,63.920,lek t@ kom@n
fv600787,63.920,64.800,di-j-@
fv600787,65.240,67.820,d@ bAl@n_nit Ond@r kOntrol@ krex di @
fv600787,67.820,71.390,@m bAl ok nOx @s AflEGd@ vor @m_med@mat @ okAn di dAn fald@
fv600787,71.390,74.580,mar tun Al In @d_dErd@ kwArtir vAn d@ erst@ Elft kreG@ d@ bElG@ kAns@
fv600787,75.400,76.610,@ kreG@ d@ tYrk@ kAns@n
fv600787,76.610,80.950,d@ moG@l@ked@ erst war@ vor d@ bElG@ G@west @n vEltov@rwIxt fAn ir tOt xind@r ok In d@ twed@ hElft
fv600787,80.950,82.210,Guj@ tYrks@ kip@r
fv600787,82.210,83.360,In d@ twed@ hElft_tAn
fv600787,83.360,84.570,tun @r tOG Al wAs x@skort
fv600787,84.570,85.600,dor @
fv600787,85.600,86.550,hAkAn tS@kyr
fv600787,86.550,88.360,na @m_mIs@r In di bElGis@ v@rded@GIN mEt
fv600787,88.360,89.510,@m blYnd@r vAn @
fv600787,89.950,90.990,d@ wIld@ d@rbov@nOp
fv600787,90.990,91.820,@d_dulpYnt
fv600787,91.820,94.510,vAn @ S@kur zo @ Om_me t@ Gan rYst@
fv600787,94.510,95.830,dAt wAz @t slExtst@ wAt @
fv600787,95.830,97.700,kOn G@b2r@ nAtyrl@k tOx wEl
fv600787,97.700,98.790,@t slExtst@ wAt kOn
fv600787,98.790,99.510,G@b2r@
fv600787,99.510,100.880,En @ dAd Is x@b2rt
fv600787,100.880,101.870,darna In d@ twed@ hElft
fv600787,102.310,102.860,ja
fv600787,102.860,106.870,Gan En dor drE+G@ hEndrIg d@rIN krAxt ok nOx Al@s In d@ sxal
fv600787,106.870,107.580,wErp@
fv600787,107.580,109.683,En @ @d_dul bOmbArder@ En
fv600787,109.683,112.203,wAt pEx nAtyrl@k og di b@hersIN nEt nit
fv600787,112.203,113.080,sxIt@r@nd@ stArt
fv600787,113.080,114.343,tElk@s twe ker mar
fv600787,114.343,117.753,mar kOrt x@dyrt fAn @n emil EmpEnzA mEd_dulpoGIN@ mEd @t hoft sowEl Als
fv600787,117.753,118.463,mEt_t@ vut
fv600787,118.463,119.623,AltE+t mar sxit@
fv600787,119.623,123.413,mar @ Ind@rdat @ Et @t wA+ nit lYk@ nAtyrl@k Eb@ wE+
fv600787,123.413,125.553,d@ bAl In Onz b@zIt x@hAt lat@ w@ zEG@
fv600787,125.553,128.193,sEst@x prosEnt Of soits_sek@r teG@ fert@x for d@ tYrk@
fv600787,128.193,130.883,ma dAz d@ kYnst nit j@ mut mEt_ti bAl idz dun j@ mut skor@
fv600787,130.883,133.403,En Ig dENk forAl vAnavOnt_t@ mut@ zEG@ j@ mAx
fv600787,134.063,136.923,d@ And@r@ nit_t@ vel mEt_ti bAl_lat@ dun En dAt Is x@b2rt
fv600787,136.923,138.293,v@rded@GIN eft x@falt
fv600787,138.293,139.993,dor zo anvAl@nt_t@ wIl@ spel@
fv600787,139.993,145.053,G@kA+nt@rt_t@ wOrd@ mar ok @ Al sEntral Y+tx@spelt nOx for @r sprak@ wAz ov@r Ext@ kA+nt@rs
fv600787,145.053,145.856,En dAn @
fv600787,145.856,146.973,d@ wIld@ di falt
fv600787,146.973,148.183,bE+ dAd erst@ dulpYnt
fv600787,148.183,150.923,d@ wIld@ di In d@ twed@ Elft dri vir ker z@n plux nOx
fv600787,150.923,152.633,vErd@r b@hut for @N Grot@r@ Axt@rstAnt
fv600787,152.633,153.343,En dAn_nOx
fv600787,153.343,154.823,wer Y+tx@speld@ v@rded@GIN
fv600787,154.823,156.533,nar OpsE+ Gat En dar @
fv600787,157.293,158.563,wi wAz @t ok wer arif
fv600787,159.160,159.823,tOrp@dert
fv600787,159.823,160.483,Ind@rdat
fv600787,160.483,161.963,Y+tslY+tIN rod@ kart
fv600787,161.963,162.843,En @
fv600787,163.613,164.383,Ext
fv600787,164.383,165.162,G@trost
fv600787,163.610,164.383,[]
fv600793,0.000,3.390,ja hir@ ok neG@n@ntwInt@x m@nyt@ G@spelt En_nOx AltE+t
fv600793,3.390,12.016,nYl nYl Gen dulpYnt En_nEt jAn kOl@r @n v@rkerd@ pAs_siN Gev@ En dAN Gat i mEt_tAt hoft sxYd@n dAn wet y hu lat @t Is hE+ zIt ok wer nit In d@ wEtstrE+t
fv600793,12.016,14.710,twe Ov dri ker bY+t@spEl G@lop@n Op fE+f m@nyt@
fv600793,14.710,18.803,En dAn ok nit so Gut aNG@spelt dor di mId@vEld@rz di tAlEntrE+k@ mId@vEld@rs
fv600793,18.803,22.827,vAn @ tSExij@ wAnt ny kE+k@n_nar @n hoG@ bAl En sErnisek mut_tar
fv600793,22.827,27.538,@ Y+tpAk@n mEt d@ vY+st@n En pAtrig bErG@r kOpt_t@rYx mar d@ bAl Opniw bE+ hE+ts@ @n trAp
fv600793,27.538,31.488,G@blOkt dor d@ v@rded@GIN dAN kOmt_ti bAl bE+ krYNkjAr wAt_tut i wAt_tut i lExt i d@ bAl Af
fv600793,31.488,37.676,nar @ ne d@ bAl Gat @r nit In [] d@ bAl wErt Afx@lExt nar jOn dal tOmAsOn d@ anvAl@r
fv600793,37.676,39.961,vAn fE+@nort nit soN Gut sE+zun Axt@r d@ rYx
fv600793,39.961,43.065,En_ny-j-ok ny its t@ lAN G@twE+f@lt Om Af t@ drYk@ Gut
fv600793,43.065,49.851,@ Afx@lExt dor jEsp@r krYNkjAr d@ mAn vAn ajAks rival@n In d@ ned@rlAns@ kOmp@tisi mar ny mut@ z@ t@sam@n
fv600793,49.851,52.794,spel@n En z@ ded@n dAt xut Alen wAt t@ lAN G@tr2z@lt
fv600793,52.794,56.000,dor @ tomAsOn En d@ bAl dYs In huksxOp f@rwErkt
fv600793,56.000,59.547,den@mArk@n Al @ tu an d@ vE+vd@ huksxOp En dAt wIl tOx wAt sEG@n
fv600793,59.547,63.503,den@mArk@n_ny lIxt ov@rwIxt mEt_tar an d@ erst@ pal sErnisEk mut_tar
fv600793,63.503,66.538,wer tYs@bE+d@ kom@ En d@ bAl Opniw In
fv600793,66.538,72.756,huksxOp Opniw vAn d@ rExt @ hir dYs nOx nYl nYl hu Iz @t In @ ned@rlAnt frANkrE+k pet@r vAnd@mbEnt
fv600795,0.000,6.677,En d@ frAns@ spel@ d@ bAl rOnt En di lE+kt ONGrE+bar vorlop@x for orAJ@ mEt kArA~b2 mar ny tOx ev@ slOrd@x sam@spEl mEt @ dygAri
fv600795,6.677,10.334,E zo kAn_ned@rlAnt_tAn tOx d@ bAl v@rov@r@ Ind@rdat_tAd_dun z@ ny mEd_d@ bur
fv600795,10.334,14.231,En_nymAn di-j-In z@m byrt Is mar E+ vInt xen AfspelmoG@l@khed@
fv600795,14.231,17.034,ja war Iz dAt @ flIts@nd@ spEl vAn orAJ@ nartu
fv600795,17.034,19.666,vAn d@ erst@ twInt@x m@nyt@ dAs f@rdwen@ vorlop@x
fv600795,19.666,24.109,[] prObert klY+v@r zIG dar dor t@ zEt@ dAt lYkt forlop@x ok En vijE+rA Gat_t@ erst@ Gel@ kart krE+G@
fv600795,24.109,27.527,Of nit E+ Grep ev@n_nar d@ zAk mar dAxt jA
fv600795,27.527,31.378,@t Is nOx ni nod@x lat Ig d@ kart@n_nOx mar Op sAk hA+d@ d@ sxE+tsrExt@r
fv600795,31.378,34.531,And@rs frIz dYs xeN Gel@ kart for vijE+rA ev@
fv600795,34.531,37.294,Grep i nar d@ zAk t At x@kYnt ok for di @
fv600795,37.294,39.340,Aksi Ob d@ rEn vAN klY+v@rt
fv600795,39.340,42.341,mar anvAl Afx@brok@ orAJ@ wEl nOx In bAlb@zIt mEt stAm ny
fv600795,42.341,46.709,Ob d@ E+G@ spelhElft nOx nit ONG@varl@k sam@spEl mEt @ d@ bur
fv600795,47.391,48.891,wAnt_trIz@gE d@r bE+na tYs@
fv600795,50.323,53.960,E wer bAlv@rlis fAn orAJ@ En dip@ bAl Op wIlt[]r En wIlt[]r Iz i snEl@r dAm bOsfElt
fv600795,53.960,57.280,spYrdywEl tYs@ bOsfElt En wIlt[]r bOsfElt erst Ob d@ bAl
fv600795,57.280,59.430,mar nOx nit hel@mal vrE+ ny wEl
fv600795,59.430,62.430,Guj@ pas Op @ ov@rmArs @n AplA+s fAn @t orAJ@pyblik
fv600795,62.430,65.602,mar dAs wAt stIlG@vAl@ wAnt_tAt wIl mer zin zoAlz @n ret fAn ov@rmArs
fv600795,65.602,68.105,Gut forbE+ kA~d@lA ny Guj@ bAl na bIn@
fv600795,68.105,71.822,na klY+v@rt kAn di bErxkAmp anspel@ ne slOrd@x t@rYx@lExt_tor klY+v@rt
fv600795,71.822,75.642,En dYz dygAri wer an d@ hal mEt_t@ bAl En di spelt ok slOrd@x jA
fv600795,75.642,80.178,dIt Is xen @ hoxstant 2ropes fudbAl ny dAt w@ Al @m_m@nyt Of @ tiN krE+G@ Opx@dIst
fv600795,80.178,82.702,tYs@ frANkrE+k En_ned@rlAnt
fv600795,82.702,86.658,twe favorit@ tOx for @t @ tOrnoj ned@rlAnt sowizo En Al vAn vor @t_tOrnoj
fv600795,86.658,93.402,bErxkAmp ny prObert sam@ t@ spel@ mEd_davIdz dAt lYkt nit mEten zEnd@n_ny m@sxin rY+mt@ vor @n vorzEt
fv600795,93.402,97.836,bErxkAmp stat frE+ zEnd@ In @t strAfsxOpx@bit forzEtj@ mar Afx@blOkt En wEx@zEt_tor @
fv600795,97.836,101.144,pirEs ny mar In d@ hoxt@ dYs nit mEten hel vEr wEx@zEt_ti bAl
fv600795,101.144,103.292,dygAri knAp aNG@nom@ vAn dygAri
fv600795,103.292,106.430,hoG@ bAl di Y+t_t@ lYxt fil Em_m@ten dotx@makt knAp x@dan
fv600795,106.430,109.329,dAt wAs wEl 2ropes@ klAs@ vAn @ dygAri
fv600795,109.329,112.650,En di heft rY+mt@ G@zOGd bE+ pirEs Ond@r mer Ob d@ lINk@rkAnt Ik sE+ dYs
fv600795,112.650,119.881,ned@rlAnt sowizo @ tOpfAvorit vor d@ E+ntzeG@ In 2ro twedY+z@nt Als tY+slAnt En Als @ Grot fudbAlAnt
fv600795,119.881,122.745,frANkrE+g dar G@lovd@ m@n_nit so Ext In
fv600795,122.745,127.564,b@hAlv@ ny dAn na di twe wEtstrE+d@ Is frANkrE+k Ext x@Grujt En Iz @t @n @ tOpfavorit x@wOrd@
fv600795,129.372,131.442,En zoAls_s@ ny sam@spel@ dAt makt IndrYk
fv600795,131.442,134.580,mEt_tAt_twed@ tim kA~d@lA ny stAm_mut @rnartu
fv600795,134.580,137.184,En dar Is wIlt[]r vrE+ kA~d@lA vorbE+ mEt wIlt[]r
fv600795,137.184,140.185,wIlt[]r knAp@ Aksi vrE+G@spelt In @t strAfsxOpx@bit bAl t@rYx@lExt En
fv600795,140.185,143.016,rEdIN nOx fAn davIts En wEx@zEt_tor kOky ny
fv600795,143.016,146.154,ja Al@ hEnz an dEk En wer bAlv@rlis fAm bErxkAmp
fv600795,146.154,149.496,Em pirEs f@rov@rt ny d@ bAl mar kOmt ev@ t@rYx wAt suk@
fv600795,149.496,152.910,rY+mt@ zuk@ bE+ dygAri rExs Is rY+mt@ bE+ kArA~b2 mar dygAri
fv600795,152.910,156.010,di zit kArA~b2 nit En davits mEt @ ov@rtredIN ny
fv600795,156.010,159.420,jA frystrasi wAt or bE+ orAJ@ dAs frystrasi
fv600795,159.420,162.344,Axt@r d@ bAl anhOl@ hu vak mut@ z@ dAt_tun Op @n @
fv600795,162.344,163.932,sE+zun Int@rlAntfudbAl
fv600795,164.751,166.831,z@ krE+G@ ev@ In dez@ faz@
fv600795,167.834,170.358,vudbAl@s fAn d@ frAns@ Ob dAt flAg dAn t@mInst@
fv600795,170.358,172.268,nadAt s@ zElf so Gut war@ b@GOn@
fv600795,172.268,175.467,G@lA~sert lek@ G@lE+kmakt@ v@rdint x@lE+kmakt@ vijA klY+v@rt
fv600795,176.251,177.861,En dAn darnEt d@ niw@ tIk mEt
fv600795,177.861,180.760,trez@gI En d@ frAns@ zE+n @n stYg bet@r G@wOrd@ sIndzdin
fv600795,180.760,183.147,En z@ hEb@ orAJ@ In z@N Grep
fv600795,183.147,185.695,ned@rlAnt rejAGert forlop@x nit Ob d@ Axt@rstAnt
fv600795,185.695,188.458,d@ twed@ In dez@ wEtstrE+t kArA~mb2 blE+ft an d@ bAl
fv600795,188.458,190.947,mEt dygAri teG@ d@ rExt@rkAnt knAp@ Aksi vAn dygAri
fv600795,190.947,194.631,zEnd@ In d@ wInt x@zEt mar Gat nid_dor dYs kAn zEnd@ t@rYxkom@
fv600795,194.631,199.235,ny wer vijE+rA En dar Is pirEs_sxOt fAm pirEs mar dAz @m bAl di hox ov@rwajt
fv600795,199.235,204.964,tOd bE+ d@ sypOrt@rz dar vAn d@ frAns@ Axt@r d@ gol zev@ En @n hAlv@ m@nyt nOx Ob d@ klOk frANkrE+k ov@rwIxt
fv600795,204.964,209.682,nit Alen In d@ skor@ mar ok Op @t fElt mar vorAl dYs In d@ skor@ twe en teG@n_ned@rlAnt
fv601084,0.000,2.485,vir m@nyt@ vertin d@ vorsprON vAn d@ klErk Op
fv601084,2.485,3.239,hyvar@
fv601084,4.118,6.759,@t p@l@tOn_nOx @N klE+n@ twe m@nyt@ vErd@rOp
fv601084,13.545,16.081,dIt Is mestAl d@ zon@ vAn d@ wap@nstIlstAnt
fv601084,17.210,18.254,trup@sxA+
fv601084,18.254,19.407,wi Iz @r nOG bE+
fv601084,19.407,23.320,hu stErk sE+n w@ nOx a di vAn fArm frit@s kE+k @s
fv601084,24.179,25.145,@h@
fv601084,35.793,37.180,[]
fv601084,47.437,50.601,dAz dAt senywAxt@G@ G@du nar d@ mol@mbErx I
fv601084,50.601,54.337,jA ivAnOv eft sIx Op kOp x@zEt sErGE+ ivAnOf
fv601084,54.337,56.630,vAm pet@GEm In dErd@ pOzisi En dAn
fv601084,56.630,59.445,OmId@l@g dAt mApE+trE+ntj@ darAxt@r og d@ mAn@ vAn telekOm
fv601084,59.445,64.718,zer AtEnt mEt @n dritAl vor erik tsab@l erik tsab@l zIt_tar_rExs nast_t@ mAn@ vAm_mApE+
fv601084,67.189,69.606,kOmEso kOmt nar vor@ lINks
fv601084,71.474,72.737,Gel pEtj@
fv601084,85.423,88.555,lINgz Op En dAn @N Guj@ zev@ AxtOnd@rd met@r vErd@r
fv601084,88.555,91.624,rEGz d@ smAl@ trExt@r In En OplEt@ tOx for
fv601084,91.624,92.833,vAlpArtE+@
fv601084,96.018,97.710,@t p@l@tOn dIt p@l@tOn Op
fv601084,97.710,101.126,vE+f m@nyt@ En fE+ft@x s@kOnd@ vAn erIg d@ klErk
fv601084,128.284,134.050,z@ dun @t fortrEf@l@k EN kE+k Is u sup@l vAm pet@GEm dar In vird@ pOzisi zIt_t@ pEd@l@
fv601084,134.050,135.368,In @n zet@l
fv601084,136.467,138.664,ivAnOv di ov@rpAkt ny
fv601084,138.664,141.465,En dAn Is hel ev@ kE+k@n_nar d@ wErk@ vAn vAm pet@GEm
fv601084,141.465,142.893,In @d b@GIn vAn
fv601084,142.893,143.993,di mol@mbErx
fv601084,145.419,147.122,t Iz og d@ vE+l@xst@ pOzisi
fv601084,148.330,150.803,OplEt@ ny tOx for lat@ bE+slY+t@rs
fv601084,150.803,153.070,vwAlA o
fv601084,154.957,156.685,dar stan z@ bE+na stIl
fv601084,162.591,169.065,hir ivAnOf mEt @ vAm pet@GEm In @t wil En dAn dar nOx entj@ Axt@r En wAd_dut i sxY+ft i G@won me Of lat i dar Al @N GAt fAl@
fv601084,169.065,170.060,Om hel ev@
fv601084,170.060,175.936,d@ teG@stAnt_t@ v@rplIxt@ vAn hel ev@ dip t@ Gan m@sxin Al zElvz @N klE+n betj@ In @t rot_tiGen@ di Gen syp@rdAx hEb@
fv601084,175.936,178.189,OplEt@ vor d@ fOtoGraf@ kAr@l
fv601084,181.383,183.804,w@ zin vAn dE+g dar In @t wil
fv601084,183.804,185.613,vAn sErGE+ ivAnOf
fv601084,185.613,187.591,knav@n kEnt_tAt_tErE+n ok
fv601084,187.591,189.018,EkswInar
fv601084,189.018,191.160,vAn d@ sxEld@prE+s_sErvas knav@
fv601084,191.160,193.250,final@s x@red@ vAn d@ edriprE+s
fv601084,193.250,194.621,lAN@ lersxol
fv601084,194.621,195.939,mar Guj@ lersxol
fv601084,197.257,198.575,ir stan z@ stIl zi
fv601084,9.556,11.842,t p@l@tOn Is nit so IndrYkwEk@nt xrot mer
fv601084,21.386,24.179,erst nOx erst nOx d@ mol@mbErx E+G@l@k sE+ ir I
fv601084,25.145,29.700,dAn @ hEb@ z@ wer @n zon@ Om t@ kE+k@ ja vor@x jar zAt @t And@rs nAtyrl@k tun wAs fAnd@mbruk@ mEt
fv601084,29.700,31.894,@n vlYxt fAn ONG@ver dErt@x mAn me
fv601084,31.894,34.530,mEt gomO~ di tun Ond@rY+txIN wet y t nOx
fv601084,35.793,39.583,dAt wAs [] ja dAt wAz And@r@ kuk dAn zAx @t @r hel And@rs Y+t mar ny @m
fv601084,39.583,41.640,zIt@ Al d@ fAvorit@ hir bE+ m@kar
fv601084,41.640,45.021,En d@ pluG@ zE+n_nOx zer zer Gut x@OrGAnizert_tAt kOn@ w@
fv601084,45.021,47.437,kOnd@ w@ Al vOlG@ vAm bE+ h@d b@GIn
fv601084,47.437,49.101,vAn dez@ r@pOrtaZ@
fv601084,74.549,75.744,betj@
fv601084,75.744,79.162,vrIN@ En dyw@ En Av En tu d@ hAnt x@brY+k@ Om vorzIxt@x
fv601084,79.162,83.201,d@ kOleGA dY+d@l@k t@ mak@ dAt j@ d@rnast sIt sAx y dAt x@b2r@m
fv601084,102.335,105.349,En_ny Op wEx nar d@ mAsA Ob d@ mol@mbErx
fv601084,105.349,106.392,@t lE+kt Op @
fv601084,106.392,108.974,stedZdajv@ wAt z@ ny Gan dun rExt @t fOlk In
fv601084,108.974,111.695,stedZdZYmp@ dAn E+G@l@k mer wAnt sE+ mut@ wEl Omhox
fv601084,111.695,112.928,z@ lat@ zIx nit fAl@m
fv601084,112.928,114.796,En y zit_t@ v@rsxIl@n
fv601084,114.796,117.926,t xat nit lAN dyr@ vor w@ wer vOlk xan teG@kom@
fv601084,117.926,120.892,En @r wOrt xud_dorG@Gev@ dor d@ mAn@ vAn
fv601084,120.892,124.298,fArm frit an d@ vut vAn d@ mol@mbErx
fv601084,149.481,150.803,jA
fv601084,150.803,153.070,En @n motOr dar ok En
fv601084,153.070,154.957,d@ trExt@r In kE+k mar Is
fv601084,156.685,162.591,En dAm_mut@ z@ wer OptrEk@ wAnt_tar b@GInt_t@ hElIN dar stan z@ Ext stIl E dAd Is_syr plAs@ kE+g dar Axt@ran t Is ansxY+v@ z@ zA+d@ bet@r @n tikEtj@ nem@
fv601084,197.257,198.575,[]
fv601084,198.575,204.590,ir stan z@ dYs Ext stIl an d@ vut fAn di mol@mbErx sit y Ob dAt stE+lst@ stYk En dar Is t OntsAxl@k mujl@k nAtyrl@k Om wer IN GAN
fv601084,204.590,208.517,t@ G@rak@ ok Al vAnweG@ d@ anwez@xE+t fAN kOleGAs flAk vor j@ En ivAnOv Iz bov@
fv601084,208.517,212.115,mEt fAn dE+k En z@ hEb@n @N klE+n@ vorsprON di twe En ir @n vAlpArtE+ vAn imAnt fAn
fv601084,212.115,213.433,fAsA bOrtolo
fv601084,214.587,218.139,t lE+kt mE+ @ d@ rItwInar Y+t @m pArE+s nis t@ zE+n
fv601084,218.139,219.915,Ig dAxt_tAd @t tOsato wAs
fv601084,178.189,181.383,ja ok Ob d@ vorst@ rE+@ hEndrIk fAn dE+k En sErvas knav@
fv601084,212.115,221.596,[]
fv601088,0.000,0.957,Grot@ Grup Opniw
fv601088,19.395,20.826,ir wer G@won Ob d@
fv601088,20.826,21.979,Grot@ wEx dYs
fv601088,52.481,53.414,d Amerikan@n
fv601088,53.414,55.116,d@ mAn@ di darnEt_tYs @ Ob d@
fv601088,55.116,57.478,klY+zbErx an @t lE+d@ war@n
fv601088,57.478,59.730,lEk@ bAnt vor d@ Amerikans@
fv601088,59.730,61.049,kAmpijun vor dZemIs@n
fv601088,62.861,64.728,krE+xt @n wil vAn @m plux@not
fv601088,64.728,66.898,En mut_tYs prOber@ Ob dIt flAk@ stYk
fv601088,66.898,69.726,lifst nOx for d@ knOkt@bErx t@rYx t@ ker@n tYs@ d@ waG@s
fv601088,72.143,73.791,@n lEk@ bAnt_tYs pEx for
fv601088,73.791,75.219,juwEs powst@l
fv601088,131.407,132.619,mar y zit hir wOrt @r nit
fv601088,132.619,136.730,G@red@ ir Gan z@ Ext wAxt@ Ob d@ A+d@ kwar@mOnt En di dri minyt@ En
fv601088,136.730,137.820,vir s@kOnd@
fv601088,138.257,139.739,di zYl@ @t f@rsxIl Ext
fv601088,139.739,140.730,nit mak@n
fv601088,140.730,142.266,Ig b@dul dar hA+d@ z@ Ob dIt mOmEnt
fv601088,142.266,143.992,nit so Afsxyw@l@k fel rek@nIN []
fv601088,143.992,145.836,G@won rYst@x tEmpo Ond@rhA+@
fv601088,145.836,146.880,En dAn zin w@ wEl
fv601088,149.502,150.381,ivAnOf
fv601088,151.535,152.805,ev@nens ir @
fv601088,152.805,154.859,Ob d@ lINk@rkAnt sit y dAt
fv601088,154.859,155.770,[]
fv601088,157.700,160.135,kom@ d@r Al mar mer nar vor@ G@red@@
fv601088,160.135,161.782,OmdAt @r dYs nit
fv601088,161.782,163.539,Ext wOrt x@red@ voran
fv601088,163.539,167.136,zAxt Y+tx@drYkt_t@ knOkt@bErx nOx dri En @n hAlv@ kilomet@r
fv601088,2.715,5.300,dAt war@n @r fE+ft@x dAt sE+n @r wer @n sef@t@xtAl
fv601088,5.300,8.735,@r Iz dYs wer wAt fOlk t@rYx@kom@ En dAN krE+x j@ tOx wer @t senarijo vAn
fv601088,8.735,9.673,d@ vor@G@ jar@
fv601088,10.387,12.080,@m p@l@tOn @n Ext p@l@tOn
fv601088,12.080,13.240,sam@ Op wEx
fv601088,13.240,14.374,nar d@ knOkt@
fv601088,14.374,15.032,En dAn
fv601088,15.550,16.538,Al@z Y+ten
fv601088,16.538,17.637,Ob d@ kwar@mOnt
fv601088,24.671,25.660,vwAlA
fv601088,25.660,28.026,dIt Iz d@ vAst@ plats fAn Afsprak
fv601088,28.026,30.301,mEt AndrejA tafi di Gat sIx dAn
fv601088,30.301,32.428,dorGans Ob d@ kOp fAn @t p@l@tOn zEt@
fv601088,32.428,37.088,dAn zi j@ ok @ mysew En bartoli me sxY+v@ d@ mAn@ vAm_mApE+kwIkstEp
fv601088,37.749,39.120,zIx pOziSOner@
fv601088,39.120,40.274,voran dAn
fv601088,41.153,42.032,di plats
fv601088,42.032,44.723,vAsthA+d@ Ob d@ knOkt@bErx Ob d@ kod_d@ trij2
fv601088,45.986,47.195,ir Axt@ran
fv601088,47.195,48.128,vAn d@r vEn
fv601088,48.711,50.106,d@ mAn mEd @t nYm@r zEs
fv601088,50.765,52.138,En dar stan @r @m par t@ vut
fv601088,52.138,53.401,lEk@ bAnt
fv601088,75.219,78.435,hel ev@ kE+k@ wAt_tar Axt@ran In @t p@l@tOn G@b2rt In d@
fv601088,78.435,80.083,zwajlAmp stat nit Op
fv601088,80.083,82.939,bE+ d@ kurzdirEksi dYs moG@ w@ dar tOx hel ev@
fv601088,82.939,83.928,vorbE+
fv601088,85.026,86.230,wIs@l vAn @t @
fv601088,86.230,86.954,Axt@rwil
fv601088,87.553,88.203,@t wAs @
fv601088,88.203,90.793,dIl@n kejsi d@ Amerikan di zIx OpOf@rd@
fv601088,91.398,93.100,vor @ marti dZemIsOn
fv601088,95.352,102.163,bE+ di plux fAn juwEs powst@l ov@r@G@ns ok [] sed@rik fAs2r di Ov@rG@stApt Iz En hir voran vor vAn dE+k sin w@ kAr@l pA+@ls
fv601088,102.767,105.578,ok hE+ A+t2r vAn @N Guj@ dridaxs@ vAn d@ pAn@kOksE+d@
fv601088,105.996,107.061,sErpElini
fv601088,108.324,110.136,Gat Y+tstek@nt ov@r kAsE+@
fv601088,111.526,112.443,d@ bAk@r
fv601088,113.926,115.849,sxY+ft hir_rExs Im belt
fv601088,116.508,117.387,tSmil
fv601088,117.387,118.266,el ev@
fv601088,118.266,119.913,Om @t ukj@ kom@ pip@
fv601088,119.913,122.275,En_nOx AltE+t fel vOlk fAn kolstrOp am bort
fv601088,122.275,123.922,Gut forIn G@pOstert
fv601088,125.021,127.987,ok wAt GelEmd@ hEmd@ vAn d@ mErkAtone uno
fv601088,129.031,130.294,dri m@nyt@ @t f@rsxIl
fv601088,147.539,149.502,pet@r wY+ts sxY+ft nar vor@
fv601088,154.859,157.700,vir lOtoz Op @n rE+ bov@nan Im belt rExs
fv601112,0.000,1.650,dywtj@ vAn ElgE:rA
fv601112,1.650,2.700,In d@ rYx fAn
fv601112,3.570,4.730,tomAs rAdzInski
fv601112,6.704,10.490,lat so vak @n @ nOnSAlAnt@ IndrYg d@ mAnir warOp i
fv601112,10.490,11.320,lopt
fv601112,11.810,12.530,b@wext
fv601112,13.240,15.550,ivAn ElgE:rA mar o zo Gut
fv601112,18.598,23.020,m@sxin_nit Ob di pozisi mar sam@ mEt mAk@lele Op @d mId@vElt hazi mEt_t@ vrE+@ trAp
fv601112,23.730,25.430,bAl vorbE+
fv601112,25.430,26.150,id@ren
fv601112,28.951,30.821,INGoj vor And@rlExt
fv601112,39.047,39.941,stOjkA
fv601112,40.821,41.617,ilitS
fv601112,41.617,42.340,v@rtrApt sIx
fv601112,42.340,44.331,mar zo kOmt_ti bAl G@lYk@x nOx bE+ julA
fv601112,45.711,46.751,In d@ draj
fv601112,46.751,49.171,hAt Em_m@sxin moG@ klarlEG@ vor
fv601112,49.721,50.381,stOjkA
fv601112,51.250,52.191,tsavijo ny
fv601112,60.591,61.251,hazi
fv601112,61.606,63.121,jA stY+t Op @n @
fv601112,63.721,65.321,fAntAstis@ if_fAnd@raG@
fv601112,67.570,69.601,En hE+ b@sEft_tAt @ mar Al t@ Gut
fv601112,72.841,73.891,nEt soAls julA
fv601112,74.491,76.998,@r nit an t@ pAs kom@n OmdAt kOl@r En rAdzInski
fv601112,79.148,82.988,zo Gut sE+n zo kOmt @ hazi @r ok nid an t@ pAs war Iz d@ rExt@rflANk
fv601112,82.988,84.308,dar Is fAn dim@
fv601112,87.438,88.208,lAN@ bAl
fv601112,89.028,89.968,dZEr@mi
fv601112,90.528,91.888,nit Ext xut wEx@kOpt
fv601112,95.238,96.228,sAntSis
fv601112,98.258,99.958,zev@ ker kAmpijun
fv601112,101.278,102.098,mEt reAl
fv601112,102.098,103.698,twe ker d@ tSEmpj@ns lig G@wOn@
fv601112,103.698,104.875,In Axt@neG@t@x
fv601112,104.875,106.064,dAn speld@ i zElf me
fv601112,106.934,107.654,vor@x jar
fv601112,107.654,109.794,mOxt i d@ latst@ m@nyt@ InvAl@
fv601112,111.004,112.104,d@ buk snEl@r
fv601112,112.104,112.984,stOjkA
fv601112,112.984,113.754,trApt
fv601112,113.754,114.794,vAn hel vEr
fv601112,120.124,121.384,darstrAgz @n lOpj@
fv601112,124.024,125.347,dAt prOberd@ hE+ ny-j-ok
fv601112,125.347,126.384,mar vAn Op @
fv601112,127.044,128.254,bE+na fE+ft@x met@r
fv601112,138.354,140.774,And@rlExt mAx sIx @ nit lat@n meslep@
fv601112,141.314,142.304,dor @t @
fv601112,143.074,144.504,G@brEk
fv601112,146.044,148.954,an vOldund@ InzEt_tAt @ reAl an d@ dAx lExt
fv601112,148.954,149.834,h@t mut @
fv601112,150.384,153.844,prOber@ @t_tEmpo In d@ wEtstrE+t_t@ hA+d@ Op suk t@ Gan_na di gol
fv601112,154.834,156.424,And@rs_stErft_t@ wEtstrE+t Y+t
fv601112,160.650,162.414,b@dulIN Is Om strAks
fv601112,162.414,163.344,d@ tusxA+@rs
fv601112,163.344,164.506,tOx nOx mEt @n @
fv601112,165.546,167.306,Gut [] nar hY+s t@ lat@ Gan
fv601112,167.306,169.923,Guj@ Aksi zo mut @t sE+n ilitS
fv601112,169.923,171.299,mar nimAnd an d@ twed@ pal
fv601115,0.000,3.080,krE+xt_ti bAl wElIswar nit xut for dul mar At j@ di @
fv601115,3.080,4.290,v@rsnElIN G@zin
fv601115,5.220,5.880,bE+
fv601115,5.880,6.600,julA
fv601115,8.410,9.890,En at_t@ mOs
fv601115,11.040,12.640,zExt_tAt And@rlEx hEm_mut hA+d@
fv601115,13.240,14.830,dAt wet@ z@ hir ok wEl
fv601115,14.830,15.990,mar
fv601115,17.960,19.610,d@ frANk@ Ov d@ 2ros
fv601115,20.440,21.480,b@GIn@ wEl
fv601115,21.480,22.520,dor t@ tEl@
fv601115,22.520,23.840,Alz i Gut spelt
fv601115,26.480,28.620,dErt@x m@ljun Om Em t@ hyr@ vor en jar
fv601115,29.440,32.130,And@rlExt heft nOx d@ tE+t_tOt E+nd@ AprIl
fv601115,34.440,35.359,Om Em t@ kop@
fv601115,35.359,36.690,dAN Gat i t@rYx nar lok@r@
fv601115,37.240,41.690,AltAnz dAn eft And@rlExt @t forExt kwE+t Om @m an t@ wErv@
fv601115,45.124,46.884,@n fA+t sExt sArs
fv601115,48.610,49.490,vAn stOjkA
fv601115,68.695,70.760,blef tar @ hak@
fv601115,70.760,71.530,bE+na
fv601115,71.530,73.120,In d@ vet@rs
fv601115,73.120,74.490,vAn stOjkA savijo
fv601115,77.290,78.925,OplEt@ vor And@rlExt []
fv601115,78.925,82.130,stIlstand@ faz@ robErto kArlOz ZEr@mi Is me vo d@ gol
fv601115,82.130,83.170,stErk
fv601115,83.170,84.677,[] milOjovitS
fv601115,84.677,86.104,id@ren hAnd@ Op Elkar
fv601115,86.104,87.589,zo mut i z@ pAk@
fv601359,0.921,2.213,d@ bur romA
fv601359,2.213,3.415,In @t nA+ ny
fv601359,6.319,9.617,ov@rmArs d@ bur ov@rmArs ned@rlAnts@ kOmbinasi
fv601359,9.617,11.458,vir ned@rlAnd@rz Op @t fElt
fv601359,11.458,12.600,bE+ bArsA
fv601359,15.393,17.478,nOx @ zEs_sev@ m@nytj@s
fv601359,22.935,23.767,en en
fv601359,25.979,27.972,En Ik fInd @d @n Y+tstek@nd@ wEtstrE+t
fv601359,29.630,30.285,rOx@mbAk
fv601359,30.826,32.348,klY+v@rt lat lop@
fv601359,35.424,36.007,u
fv601359,36.785,38.467,Em@rsOn rOx@mbAk mut_t@rYx
fv601359,40.690,43.554,vel ned@rlAnts mar nOx mer brAziljan@n Op @t fElt nAtyrl@k
fv601359,45.547,46.235,pujOl
fv601359,52.607,55.562,rivAldo wer Afx@vAN@ EN krE+xt_t@ ov@rtredIN me [] []
fv601359,55.562,56.720,fESjE:r@
fv601359,57.569,58.763,heft nOx its xut_t@ mak@
fv601359,71.722,72.459,En t pyblik
fv601359,72.459,74.937,dAs mer dAn @n twalvd@ mAn hir vAndax
fv601359,76.689,77.600,rOx@mbAk
fv601359,85.761,87.804,wOrt_tAd_d@ bur wOrt_tAt rOx@mbAk
fv601359,87.804,89.757,di trApt_tor @m_myr
fv601359,89.757,91.429,mar nit forbE+ AntOJoli
fv601359,93.597,96.797,fabijo rOx@mbAk Opx@trOk@n Y+t G@wap@nd b@tOn
fv601359,100.663,101.524,kristA~vAl
fv601359,102.716,104.799,EN ksavi di kAn @r wEl_lE+n Im brEN@n or
fv601359,106.079,108.727,nit so stErk In d@ dywEls mar tIk tIk tIk
fv601359,109.070,110.483,dAd Is wEl an Em b@stet
fv601359,110.877,112.685,klY+v@rt dAs mInd@r nAtyrl@k
fv601359,113.799,115.542,lExt_ti bAl its t@ ov@rhast_t@rYx
fv601359,117.255,118.667,Em bAlv@rlis roma
fv601359,120.199,121.790,luwiz Enrike bOtst
fv601359,123.684,125.167,Op tOmasi
fv601359,132.216,133.308,wAt sIt @r nOx In
fv601359,134.228,136.061,vor bArs@lonA Of wi wet romA
fv601359,137.062,137.984,sxrE+f s@ ni-j-Af
fv601359,143.832,147.968,rivAldo [] zIx @ dar zElf me b@muj@ vel pAnutSi
fv601359,163.684,164.364,dAs hox
fv601359,165.456,166.157,t@ hox
fv601359,174.288,175.768,OfiSel nOx son vir m@nyt@
