fv600065,0.000,4.366,d@ ostflams@ G@ment@ lok@r@ heft @n trAdisi vAn jON@r@rEl@
fv600065,4.366,7.460,d@ rup Om fOrs pOlisiOptred@ klINkt @r lY+t
fv600065,7.460,12.030,d@ lib@ral@ bYrG@mest@r Ant2nis wIl vAst@ Afsprak@ mEd_d@ jON@r@G@mensxAp
fv600065,12.030,15.990,vorAl mEt ENk@l@ mArokans@ GruperIN@ dYrft @t Y+d_d@ hAnt_t@ lop@
fv600065,15.990,19.550,vAmOrG@ kwAm_mInIst@r vAn bIn@lAnts@ zak@ A~ntwAn dykEn
fv600065,19.550,22.410,polshoxt@ nem@ ov@r d@ wErkIN vAn d@ Afsprak@
fv600065,22.410,26.970,majg d@ mYld@r vrux d@ bYrG@mest@r Of @r @n OplOsIN Y+d_d@ bYs x@kom@ Is
fv600065,99.645,102.874,bYrG@mest@r Ant2nis fAn lok@r@ bE+ majk d@ mYld@r
fv600065,102.874,108.655,En d@ bYrG@mest@r Gevd_d@ IndrYg dAt @r tOx hel vel drajt Om d@ r@prEsi d@ pOlisiampAg dYs
fv600065,108.655,112.512,kAbinEtSEf kun dAs@ vAn bIn@lAnts@ zak@ nywAnsert
fv600065,154.932,156.181,kun dAs@
fv600065,156.181,160.554,mar d@ miGrAnt@ zE+n hel@mal nit Opx@zEt mEt @t ov@rhE+tsinisjAtif
fv600065,160.554,165.642,wE+ krE+G@ Alwer d@ zwArt@ pit tuG@spelt zExt hYn wortfurd@r musA AxAbAr
fv600065,231.497,234.140,musA AxAbAr bE+ majg d@ mYld@r
fv600065,234.140,236.571,jON@r@ov@rlAst En hu di an t@ pAk@
fv600065,26.974,30.888,Ik hEp d@ tuzEGIN dAt @t prOjEkt_tYs vErd@r zAl G@zEt wOrd@n
fv600065,30.888,33.124,Op wElk@ mAnir mut nOx Y+tx@makt wOrd@n
fv600065,33.124,36.651,dor d@ v@rGad@rIN di mandAx platseft_tYs@ rE+kswAxt@ En
fv600065,36.651,39.523,sted@l@k@ pOliSi mar @g bEn
fv600065,39.523,43.674,Y+t@rmat@ v@rh2xt_tAt_t@ mInIst@r @t prOjEkt st2nt
fv600065,51.906,54.288,ne dA eft E+ darjY+st ok lat@ v@rstan
fv600065,54.288,57.005,dAt E+ @t prOjEkt Ond@rst2nt fErd@r Ond@rst2n
fv600065,57.005,60.306,d@ mAnir warOp sAl dY+d@l@k wOrd@n mandAx op @k
fv600065,60.306,63.266,zEs tuG@vuGd@ rE+kswAxt@rs plYs twe
fv600065,63.266,65.466,rY+t@rs t@ pard_di zek@r Al blE+v@n
fv600065,65.466,68.430,En ov@r d@ rEst sAl mandAx fErd@r G@prat wOrd@n
fv600065,68.430,71.066,mar Ik hEp ir dY+d@l@g d@ Ond@rst2nIN G@kreG@n
fv600065,71.066,75.403,Om di zEs mEns@n t@ b@hA+d@ En vAn d@ her prOkyr2r En zek@r ok fAn d@ her@ mInIst@r
fv600065,79.033,83.263,ja []a dAd Is ni zo G@mAk@l@k I @n fOrmasi lIx fAst_tor bIn@lAnts@ zak@
fv600065,89.858,93.471,prevEnsi Is t@r AltE+t x@west mar [] wOrt nOG d@ klEmton
fv600065,93.471,97.445,Op x@lExt ny d@ nam zerotOl@rAns g bEn d@r ok @m betS@ mE v@rvel
fv600065,97.445,99.645,@t projEkt numt sero ov@rlAst
fv600065,43.674,48.734,y vraxt zEs Ekstra rE+kswAxt@rz Om di t@ moG@m b@hA+d@n @r war@n [] orsprONk@l@k twalf
fv600065,48.734,50.254,ny zE+n @r nOx sEs ov@r
fv600065,50.254,51.906,d@ mI[]s@ kAn dAt nOx nit_tuzEG@ hE
fv600065,75.403,79.033,warOm nemt y nit x@won zEs niw@ pOlisimEns@ In dinst
fv600065,83.263,86.613,anvANk@l@k klONk zirotOl@r@ns zer hArt ser_reprEsif
fv600065,86.613,89.858,ny Iz @r ok Al rY+mt@ vrE+G@makt for prevEnsi En ov@rlEx
fv600065,128.419,130.240,kOmt @r @n Y+dbrE+dIN nar And@r@ G@ment@n
fv600065,130.240,132.774,wAnt lok@r@ heft @m bEtS@ d@ spIts Afx@bet@ hI mEt_ti
fv600065,132.774,135.364,zirotOl@r@ns zowAlz dAt het@ In @d b@GIn
fv600065,179.482,182.982,ny d@ lok@nars Az Ik y Z[] Gut f@rsta rEjAGe@n d@r ok neGAtiv Op
fv600065,198.715,200.400,Ik hEp d@ IndrYg dAt mInIst@r dykEn
fv600065,200.400,204.656,mer b@klEmton dAt @r ov@rlEx mut kom@n En prevEnsi Iz dAt_tAn @n Guj@ zak for jYli
fv600065,221.007,224.306,ny m@n zAl zEG@n @r mut_tOx ok @n ZEst@ kom@ vAn d@ miGrAnt@n zElf hE
fv600065,112.512,115.999,jystiSi iz d@ stAp di w@ mut@ v@rmE+d@
fv600065,115.999,120.229,pr@vEnsi b@styrl@k@ pOlisi iz d@ stAp di w@ mut@ promot@
fv600065,120.229,122.642,mar dIt mut x@b2r@ In dijAlox
fv600065,122.642,128.419,En dYz d@ tErm di mEn G@brY+kt nYltOlerAnsi lE+kt m@ Ind@rdat @n betS@ v@rkert x@koz@n @n betS@ ONG@lYk@x
fv600065,135.364,139.094,lat@ w@ zEG@n dAt dIt pilotprOjEkt nOx nit_t@n E+nd@ is
fv600065,139.094,142.724,dAt Ond@rtYs@ d@ r@GerIN wErkt an @n Global vE+l@xhE+tsplAn
fv600065,142.724,146.384,d@ minist@r vAn bIn@lAnts@ zak@ wErkt an @n prEvEnsiplAn
fv600065,146.384,150.524,dAt forzin is in @t Okt@pYsAkort En In d@ wEt Ob d@ G@IntiGrerd@ pOlisi
fv600065,150.524,154.932,En Ik nem an dAt dez@ prOjEkt@n darIn @m b@lANr@k@ rOl zYl@n spel@n
fv600065,165.642,167.703,wE+ Ervar@n dA prOjEkt Als fOlxt
fv600065,167.703,169.320,wE+ wOrd@n mer G@kOntrOlert
fv600065,169.320,172.942,@ mer r@prEsi Inzak@ pr@vEnsi Is @r nOx ni vel G@b2rt
fv600065,172.942,175.760,wE+ krE+G@n og d@ SxYlt fAn d@ A+tOxtonn
fv600065,175.760,179.482,dAt @t projEkt for Onz b@dult Is En dardor Eb@ zE+ dYs ok lAst
fv600065,182.982,187.416,ja zE+ Eb@n dar nAtyrl@k ok lAst fAn E wAnt @t Is @m projEkt for id@ren E+G@l@k
fv600065,187.416,191.050,En Indin zE+ ja m but@ krE+G@n Of so lat Ons_sEG@n
fv600065,191.050,193.396,dAn zE+n wE+ d@ SxYld@G@ wAnd @t prOjEkt
fv600065,193.396,196.777,Is Op@rAsjOnel G@wOrd@n dANksE+ d@ rEl@n di dor
fv600065,196.777,198.715,miGrAnt@jON@r@n zE+n Ontstan dAn
fv600065,204.656,209.386,ja Ik_kAn dA Alen mar tujY+G@ E Als Ik si @t projEgd b@stat @ jar En vir mant
fv600065,209.386,213.176,m@n h@ heft_tar G@stElt_tAt pr@vEnsi tOx wEl @d b@lANrE+kst@ Is
fv600065,213.176,217.317,En Ik stEl vAst dAt d@ latst@ v@rhad@rIN Inzak@ pr@vEnsi
fv600065,217.317,221.007,vAn Oktob@r vor@x jar dAtert dYs Inzak@ pr@vEnsi Is @r nits x@wes
fv600065,224.306,226.788,id@ren mut ir wat@r bE+ d@ wE+n dun dIt Is xen prOblem
fv600065,226.788,229.162,vAn d@ miGrAnt@G@menSxAp @t Is t prOblem vAn
fv600065,229.162,231.497,d@ sam@levIN En d@ sam@levIN mut_tA OplOs@n
fv600091,0.000,3.620,d@ kONGolese ardzbIsxOp mO~nsENgwo Is Ob_b@zuk In Ons lAnt
fv600091,3.620,7.470,@N G@leG@nE+t Om_mEt hEm @n stAnt fAn zak@ Op t@ mak@ ov@r @t kOnflIkt In z@n lAnt
fv600091,7.470,9.560,En wElk@ OplOsIN@ hE+ zit
fv600091,9.560,13.312,d@ orlOx IN kONGo slept Al twe jar an En d@ v@ren@Gd@ nasis_stan Op @t
fv600091,13.312,17.190,pYnt Om @m trup@mAxt fAn vE+vdY+z@nt sOldat@ t@ styr@
fv600091,17.190,20.210,bErt_t@ vruj GIN prat@ mEt ardzbIsxOp mO~nsENgwo
fv600091,20.210,23.495,mO~sE~J2r mO~nsENgo Is mOmEntel wAt Y+t @t futlIxt f@rdwen@
fv600091,23.495,29.930,hE+ Is wer In d@ erst@ plats wErksam Als kErk@l@k lE+d@r Als ardzbIsxOp fAn kIsANGani In @t ost@ vAn kONGo
fv600091,29.930,37.020,mar mO~nsENgo Is In @d bY+t@lAnt forAl b@kEnt x@blev@ Als d@ vorzIt@r vAn d@ suv@rE+n@ nAsjOnal@ kOnferEnsi vAn zAir@
fv600091,37.020,39.100,In @d b@GIn vAn d@ jar@n_neG@nt@x
fv600091,39.100,43.880,@N Grot@ v@rGad@rIN wAz dAt mEt f@rteG@word@G@rs fAn Al@ politik@ G@ledIN@
fv600091,43.880,45.910,En vAn d@ vOlksOrGAnizasis
fv600091,45.910,50.250,war @n blA+drYk wErt x@lExt for @n_niw@ demokratis@ sam@levIN
fv600091,50.250,53.440,d@ kOnferEnsi brAxt Y+tE+nd@l@k wE+n@x sod@ an d@ dE+k
fv600091,53.440,57.678,dor d@ mAn2v@rs fAn tunmal@x prezidEnt mobutu dor IntErn G@krAkel
fv600091,57.678,59.590,En t@n slOt@ dor d@ orlOx
fv600091,59.590,61.620,mar ny mer dAn vE+f jar lat@r
fv600091,61.620,63.450,blE+ft s@ vor mO~nsENgo vAm b@lAN
fv600091,68.999,72.619,d@ AnAliz@ vAm_mO~nsENgo ov@r d@ orlOx In z@n lAnt Iz dez@
fv600091,72.619,77.239,@r Iz @n Int@rnASOnan Ov EkstErn kOnflIkt me G@mujt En @n IntErn kOnflIkt
fv600091,77.239,82.019,h@t EkstErn@ AspEkt Is xud b@kEnt uGAndA En rwAndA zE+n kONGo bIn@G@vAl@
fv600091,82.019,85.859,OmdAt s@ zElf_fAnY+t kONGo b@stokt wErd@ dor v@rzEtsxrup@
fv600091,85.859,88.829,dAt AspEkt Iz b@lANrE+k En mut x@reG@lt wOrd@
fv600091,88.829,93.950,mar j@ kAn d@ krizis nit OplOs@ zExt mO~nsENgo AS_S@ og d@ IntErn@ spAnIN@ nit OplOst
fv600091,63.449,68.999,wi sA rEst Y:m pw[] d@ referA~ns pur lA nASO~ kONgolE:s e-j-on_n@ purA pAs fE:r [] mj2 d@ tut fAsO~
fv600261,0.000,6.480,d@ hox Oplop@nd@ strE+t Om @t hud@rExt ov@ d@ zEsjar@G@ kybans@ jON@ elijAn dyrt fort
fv600261,6.480,10.430,bE+na vE+f mand@ G@led@ kwAm elijAn In d@ v@ren@Gd@ stat@ t@rExt
fv600261,10.430,13.780,tun i vor d@ kYst fAn flOridA wErt x@rEd_dor twe vIs@rs
fv600261,13.780,17.190,zE+m_mud@r kwAm tE+d@s d@ ov@rtOxt Y+t kybA Om @t lev@
fv600261,17.190,18.560,tun hYm bot sONk
fv600261,18.560,21.580,fAmili vAn d@ jON@ In majEmi In flOridA
fv600261,21.580,23.450,wIl@ hEm In AmerikA hA+d@
fv600261,23.450,26.410,mar zE+n vad@r wIl elijAn trYxhal@n_nar kybA
fv600261,26.410,28.780,@n Amerikans@ rEGdbANk hef ny b@slIst
fv600261,28.780,32.240,dAd_d@ jON@ In d@ v@ren@Gd@ stat@ mud blE+v@ tOt Is Y+tx@makt
fv600261,32.240,35.200,wi Y+tE+nd@l@g d@ voGdE+ krE+xt ov@r elijAn
fv600261,35.200,39.650,Ov d@ jON@ In AfwAxtIN bE+ zE+n fAmili Im_mAjEmi blE+ft Is nid_dY+d@l@k
fv600261,39.650,40.860,zExt xret_t@ kE+z@r
fv600261,40.860,41.740,In wASINt@n
fv600261,244.118,248.573,Gret_t@ kE+z@r vAnY+t wASINt@n ov@r @t hud@rExt fAn @t kybans jON@tj@ elijAn
fv600261,41.552,48.000,dar @ war@ d@ rExt@rs fAndax hel@mal nid_dY+d@l@k ov@r z Eb@ Alem_mar b@palt In hYn vOnIs
fv600261,48.000,49.100,dAt elijAn
fv600261,49.100,51.620,In d@ v@ren@Gd@ stat@ mut blE+v@
fv600261,51.620,56.070,tOt @r @n Y+tsprak Is In @ Im b@rup ov@r @t foGdE+sxAp En
fv600261,56.070,58.820,di Y+tsprak_kOmt @r t@n vruxst@ Op Elf mE+
fv600261,58.820,62.830,mar d@ rExt@rz Eb@n_nit x@zExt In Yn vOnIs wAt_tAt ny b@tek@nt for elijAn
fv600261,62.830,66.120,dAt_ti ny mut In d@ v@ren@Gd@ stat@ blE+v@ In mAjEmi
fv600261,66.120,68.898,bE+ d@ fAmili war di tOt ny tu nOx sIt
fv600261,68.898,71.478,Of dAt i nar z@n vad@r kAN Gan
fv600261,71.478,73.945,ti Ob dIt oG@mblIk In wASINt@n f@rblE+ft
fv600261,73.945,75.428,darov@r @
fv600261,75.428,78.398,Is hel@mal nIks x@zExt_tYs mEn tAst In @d_dY+st@r
fv600261,84.878,87.678,wEl di InzEt Gat @ ov@r
fv600261,87.678,89.488,d@ voGdE+ ov@r elijAn
fv600261,89.488,93.498,En E+G@l@k ja vErd@r wIl d@ fAmili @ In mAjEmi
fv600261,93.498,94.378,heft E+G@l@k
fv600261,94.378,98.278,@m @m b@rup aNG@spAn@ teG@ @n Y+tsprak fAn d@ fed@ral@ rExsbANk
fv600261,98.278,101.358,warIn di fed@ral@ rExsbANk erd@r Al hAd b@palt
fv600261,101.358,106.614,dAt @m @t foGdE+sxAp ov@r elijAn_nOx stets bE+ zE+n_nAtyrl@k@ vad@r lIxt
fv600261,106.614,112.178,d@ fAmili Im_mAjEmi wAs t_tar nits me ens En @ wIl d@ voGdE+sxAp @ zElf f@rkrE+G@
fv600261,112.178,114.488,heft_ti-j-ok tE+d@l@k @ mar @
fv600261,114.488,115.816,ma wIl di def@nitif krE+G@
fv600261,115.816,118.388,Om dAn Y+tE+nd@l@k In elijAns nam
fv600261,118.388,121.188,politik Azil t@ kYn@ anvraG@ zodAt_t@ jON@
fv600261,121.188,124.268,zolAN di wIl In d@ v@ren@Gd@ stat@ kAm blE+v@
fv600261,129.818,131.358,ja wEl @m
fv600261,131.358,132.700,Als ok Im b@rup
fv600261,132.700,136.458,t@ Y+tsprak fAn d@ fed@ral@ rExtbANk wOrd b@vEst@xt_tAN kAn di
fv600261,136.458,137.288,h@t kInt
fv600261,137.288,139.048,E+G@l@k wEt@l@k x@zin
fv600261,139.048,142.008,mEten na d@ Y+tsprak menem@n_nar kybA
fv600261,146.898,148.048,wEl @m
fv600261,148.048,149.754,erst mEt OntsEt@nt fel
fv600261,149.754,152.650,blE+tsxAb d@r wErt @ G@dAnst EN G@rup@
fv600261,152.650,155.798,EN G@zON@ En @ hel Y+tx@brE+t x@bed@
fv600261,155.798,160.188,mar @ h@t lE+kt_tOx @n its mInd@r Grot fest_t@ zE+n dAn m@n
fv600261,160.188,162.878,erd@r hAt G@dAxt wAnt Y+tE+nd@l@k
fv600261,162.878,164.908,Is x@blek@ dAt d@ kAns
fv600261,164.908,166.000,dAt_t@ jON@ AlsnOx
fv600261,166.000,168.038,wOrt wEx@halt Y+t @t hY+s In
fv600261,168.038,170.128,mAjEmi OntsEt@nt xrot
fv600261,170.128,171.300,En @ d@r zE+n
fv600261,171.300,174.200,dY+z@nd@ mEns@ vAnav@nt nar @t hY+s x@stromt
fv600261,174.200,175.188,Om @m
fv600261,175.188,176.118,t@ v@rhInd@r@
fv600261,176.118,177.218,dAt elijAn
fv600261,177.218,181.228,mEt @ mEt x@wElt Y+t @t hY+s_sA+ wOrd@ G@halt_tor fed@ral@ AGEnt@
fv600261,181.228,184.358,di d@ Y+tsprak fAn d@ fed@ral@ rExtbANk @m
fv600261,184.358,186.938,Alen mar b@vEst@G@ En Y+tfur@
fv600261,186.938,187.768,dAt @m
fv600261,187.768,190.095,d@ jON@ bE+ z@n vad@r hort En dAt
fv600261,190.095,191.830,vInt d@ emiGrasidinst
fv600261,191.830,194.408,trA+@s ok En t Iz d@ emiGrasidinst di
fv600261,194.408,196.498,di-j-@m b@slIsIN mut Y+tfur@
fv600261,204.348,210.878,wEl dar Is fAndaG ok Op @t hoxst@ nivo ov@r G@prat In di zIn dAt_t@ mInIst@r vAJ_Jystisi dZEn@t rino
fv600261,210.878,213.248,ok fAndax nOx heft x@zExt dAt @m
fv600261,213.248,215.998,d@ wEt vor har vorGat En di wEt sExt dAt
fv600261,215.998,218.188,d@ jON@ Y+tE+nd@l@g bE+ z@n vad@r b@hort
fv600261,218.188,220.388,En dAt Om di wEt Y+t_t@ vur@ z@
fv600261,220.388,221.538,Als latst@
fv600261,221.538,225.000,rEtmId@l G@wElt sA+ G@brY+k@ mar dAt s@ nOx stets hopt
fv600261,225.000,226.428,dAt @r dor b@mId@lIN
fv600261,226.428,228.078,@n OplOsIN zAl kop@ dYs
fv600261,228.078,231.318,z@ hopt nOx stets dAt @r GeN G@wElt sAl mut@ G@brY+kt wOrd@
fv600261,231.318,236.208,mar z eft wEl hel dY+d@l@k x@zExt Az @t Ext nod@G Iz Az d@ fAmili-j-Im_mAjEmi Ext nit plojt
fv600261,236.208,237.688,dAn @ zAl @t @r Y+tE+nd@l@k
fv600261,237.688,240.158,tOx wEl bE+ t@ pAs kom@ En zAl d@ jON@ Ext
fv600261,240.158,241.258,wEx@halt wOrd@
fv600261,241.258,242.248,dor AGEnt@
fv600261,242.248,244.118,vAn d@ emiGrasidinst
fv600261,78.398,82.898,Op Elf mE+ dun d@ rExt@rs Y+tsprak ov@ d@ voGdE+ ov@r d@ jON@
fv600261,82.898,84.878,wAt Iz d@ InzEt fAn dAt fOnIs
fv600261,124.268,128.608,In @t And@r G@vAl Alz d@ voGdE+ Im b@rup an d@ vad@r wOrt_tuG@wez@ kAn i z@N kInt
fv600261,128.608,129.818,t@rYx menem@n_nar kybA
fv600261,142.008,146.898,dIt fOnIs fAn GIst@r@n hu-w-Iz dar dor d@ fAmili In mAjEmi Op x@rejAGert
fv600261,196.498,202.258,j@ Axt_t@ kAnz dYs Ext rejel dAt_t@ Amerikans@ ov@rE+t x@wElt xat x@brY+k@ Om d@ jON@ mEt s@n vad@r
fv600261,202.258,204.348,zE+ @t_tAn In d@ v@ren@Gd@ stat@ t@ hEren@G@
fv600463,0.000,2.930,v@rsxIl@nd@ krAnt@ zE+nd@ d@ mOrG@ h@t niwzblAt
fv600463,2.930,7.080,En @t b@lAN vAn lImbYrx brEN@ Ob d@ vorpaGinA h@t Akort rOnt_t@ zOrxf@rzek@rIN
fv600463,7.080,10.710,ojt mut d@ zOrxf@rzek@rIN Al@ zOrGb@huv@nd@ dEk@
fv600463,10.710,14.550,mar zovEr zE+n w@ nOx lAN nit En wAt Is @r ny Al b@slIst
fv600463,14.550,18.120,mInIst@r voG@ls wIl erst_t@ zwar hYlb@huv@nd@ tY+s hElp@
fv600463,18.120,20.870,darna vOlG@ d@ zwar hYlb@huv@nd@ In @t rYsthY+s
fv600463,20.870,24.666,teG@ twedY+z@nt En vir mud @t sistem darvor vOled@x Op_pot@ stan
fv600463,24.666,30.153,ny Al Is_sek@r dAt Elk@ vlamIN bov@ d@ vE+v@ntwInt@x jar dErt@x frANk p@r mant sAl b@tal@
fv600463,30.153,31.916,vAnAf en jyli vOlG@nt jar
fv600463,31.916,36.147,En dAt rExt Op nitmedis@ zOrx wOrt Y+db@talt vijA zOrxSEks
fv600463,36.147,39.606,vAn dridY+z@nt tOt zEzdY+z@nt fE+fhOnd@rt frANk p@r mant
fv600463,39.606,41.284,AfhANk@l@k vAn d@ b@huft@
fv600463,42.136,48.837,In dadipArk h@t AtrAksipArk vAn dadizel@ Iz @n_neG@jar@G@ jON@ zwarG@wOnt x@rakt tun i Y+t @n AtrAksi vil
fv600463,48.837,50.532,dAt sxrE+ft @t fOlk
fv600463,50.532,54.477,@m botj@ dAt erst_t@ lYxt wOrt ING@trOk@ Om v@rvOlG@s nar b@ned@ t@ zuv@
fv600463,54.477,57.562,kwAm Al Im b@weGIN vor d@ jON@ Gut En wEl wAs ING@stApt
fv600463,57.562,59.422,d@ jON@ kwAm zwar t@n vAl
fv600463,59.422,62.502,hE+ wErt OmId@l@k nar @t sik@hY+s ov@rG@brAxt EN G@operert
fv600463,62.502,64.482,moG@l@k v@rlist hE+ zE+n Arm
fv600463,65.542,70.302,In AntwErp@ kYn@ drYxsf@rslavd@ bIn@kOrt YN G@brY+kt@ spY+t@ Gratis OmrY+l@ vor niw@
fv600463,70.302,76.001,dAt Is moG@l@g dANksE+ @N kabe dAt erstaxs wOrt Ond@rtek@nt h@t f@rhal stat In d@ niw@ GAzEt
fv600463,76.001,79.942,drimal p@r wek sAl @m bYS@ hAlt hA+d@ Ob dri plats@ In AntwErp@
fv600463,79.942,83.292,Alen mar Op_plEk@ war Gen dirEkt@ b@wonIN Is
fv600463,84.377,89.272,d@ bA+GrOnt wOrt dyrd@r En mer Em_mer mEns@ kop@ @n hY+s dAt sxrE+f xAzEt fAn AntwErp@
fv600463,89.272,92.412,d@ krAnt kek @n Ond@rzuk fAn @n AntwErps_stydibyro In
fv600463,92.412,94.540,flEts kom@ hu lAN@r hu mer In trEk
fv600463,94.540,98.155,blE+gbar kYn@ stets mInd@r mEns@ @n hY+z b@tal@
fv600463,98.155,102.160,d@ vE+l@xE+t Op 2ro twedY+z@nt hA+t @t latst@ niws ok fAndax bez@x
fv600463,102.160,105.465,twe wAxtmest@rs fAn d@ kAvAl@ri vAn d@ rE+kswAxt klAp@ Y+t_t@ bixt
fv600463,105.465,110.735,z@ zE+n_nar E+G@ zEG@ Apsolyt nit forb@rE+t Om d@ vE+l@xE+t_t@ GArAnder@ tE+d@s @t Eka
fv600463,110.735,114.965,Yn pard@ zE+n_nit mer fIt Em_mut@ @n spY+tj@ krE+G@ Om kAlm t@ blE+v@
fv600463,114.965,116.775,ok @t mAt@rjal d2xt nit
fv600463,116.775,121.075,d@ zad@ls zE+n v@rslet@ En d@ rE+bruk@ En hElm@ zE+n OmprAktis
fv600463,121.075,128.165,ov@r ENk@l@ jar@ kOmt @r @n wer@ldb2rsplAtfOrm dAt_t@ hAnd@l vir@ntwInt@x yr p@r dAx In Elk@ tE+tson@ moG@l@k makt
fv600463,128.165,131.235,dAt sxrE+v@ d@ stAndart En d@ finAnSelekonomis@ tE+t
fv600463,131.235,135.355,d@ plAn@ b@stan Al mar InhA+d@l@k stat @t projEkt nOx nit so vEr
fv600463,135.355,141.455,erst mut@ d@ v@rsxIl@nd@ hAnd@lsistem@ Em_mArktreGl@mEnt@ vAn d@ b@trOk@ b2rz@n_nOx Op Elkar wOrd@ Afx@stEmt
fv600463,141.455,145.834,Ob d@ b2rs zYl@ ok Al@ and@l@ vAn mYltinES@n@ls wOrd@ v@rhAnd@lt
fv600551,0.000,2.875,mOrG@ stEm@ d@ den@ ov@r d@ 2ro @t lAnt
fv600551,2.875,4.975,hA+t ny-j-Al vor d@ zEzd@ ker @n ref@rEndYm
fv600551,4.975,6.920,mEd b@trEkIN tOd @d 2ropes lItmatsxAp
fv600551,7.630,10.080,johAn d@ rE+k Is d@ Afx@lop@ wek In den@mArk@ G@west
fv600551,10.080,11.970,En lExt Y+t wAt @r Op @t spEl stat
fv600551,227.402,230.142,@t dens@ ref@rEndYm ov@r d@ 2ro @n
fv600551,230.142,231.867,bE+draG@ vAn johAn d@ rE+k
fv600551,12.470,14.780,d@ dens@ GrOntwEd b@pald_dAd_d@ b@vOlkIN mut
fv600551,14.780,18.890,x@ratplext wOrd@n tElk@nz @n stYkj@ nAsjOnal@ suv@rE+nitE+t wOrt ov@rG@draG@n
fv600551,18.890,20.810,an @n syprAnAsjOnal@ InstElIN
fv600551,21.360,23.450,darOm wErd@n d@ den@n_nar d@ stEmbYs x@rup@n
fv600551,23.450,25.760,tun @t f@rdrAx fAn mastrIxt In twej@neG@t@x
fv600551,25.760,27.240,G@rAtifisert must wOrd@
fv600551,27.840,30.880,h@d_dens ne v@rorzakt@ tun sEnsasi In 2ropA
fv600551,30.880,32.140,mastrIxt lAx stIl
fv600551,32.140,33.790,tOd_den@mArk@n @n jar lat@r
fv600551,33.790,35.880,@n mastrIxtf@rdrAx mEt Y+tsOnd@rIN@n
fv600551,35.880,36.860,wEl Gutk2rd@
fv600551,37.470,40.270,en vAn di Y+tsOnd@rIN@ wAz @t medun mEd_d@ 2ro
fv600551,40.270,41.215,tExnis x@zExt
fv600551,41.215,44.440,d@ dErd@ faz@ vAn d@ ekonomis@ En monetE:r@ yni
fv600551,45.160,46.495,d@ dens@ r@GerIN vraxt ny
fv600551,46.495,50.490,E+G@l@k an d@ b@vOlkIN Om dAt forb@hA+t b@trEf@nd@ d@ enhE+tsmYnt Op t@ hEf@
fv600551,51.030,52.790,h@t mAx dYs ny Al dY+d@l@k sE+n
fv600551,52.790,56.420,@n_nen mOrG@n kOmt fOrmel G@zin_ner Op @n statyskwo
fv600551,56.420,58.395,@n ja b@tek@nt dAd_den@mArk@n
fv600551,58.395,60.100,teG@n erd@r@ Afsprak@ In
fv600551,60.100,62.900,ov@r twe jar tOx me an d@ enhE+tsmYnd b@GInt
fv600551,63.670,66.630,ny Is den@mArk@n E+G@l@k Al @n hAlf 2rolAnt
fv600551,66.630,70.920,d@ kron Is nam@l@k sIns for@x jar In @n sAt@lidban rOnt_t@ 2ro G@pArkert
fv600551,71.470,75.530,tun d@ Elf 2rolAnd@n d@ kurs fAn hYn mYnt@n vAstspE+k@rd@n rOnt_t@ 2ro
fv600551,75.530,79.980,wErt_t@n b@huv@ vAn d@ den@n @n sIstempj@ b@dAxt @t zoG@het@n ejEmEs twe
fv600551,79.980,82.560,warbE+ d@ kron G@lINkt wErt an d@ 2ro
fv600551,82.560,87.390,d@ dens@ mYnt sxOm@lt ny mAksImal twe kOmA vE+v@ntwInt@x prosEnt rOnt @n spIlkurs
fv600551,87.770,88.600,And@rs x@zExt
fv600551,88.600,89.910,Alz d@ 2ro zAkt
fv600551,89.910,92.110,wOrt_t@ kron me nar b@ned@ G@zoG@
fv600551,92.500,94.395,bEnzin@ wOrt_tYz dez@r daG@n ok In
fv600551,94.395,95.900,kop@nhaG@n dyr b@talt
fv600551,96.661,100.510,mOrG@n wOrt_tYs nit x@stEmt ov@r @n Al dAn_nit sElfstAnd@G@ dens@ mYnt
fv600551,100.510,104.690,mer nOx di zElfstAnd@xE+t Is E+G@l@k Al In twej@ntAxt@x prE+sx@Gev@n
fv600551,104.690,107.000,tun d@ kron an d@ dY+ts@ mArk wErt x@kOp@lt
fv600551,107.000,108.970,@n prelyd@ tOt_t@ 2ro zEx mar
fv600551,108.970,111.000,zoAs lat@r ok Ons lAnt heft x@dan
fv600551,111.830,114.760,wi t@n slOt@ liris wIl dun ov@r d@ dens@ kron Alz @n
fv600551,114.760,117.506,GOt x@Gev@ simbol vAn_nAsjOnal@ idEntitE+t
fv600551,117.506,119.366,its Als monArxi Of vlAx
fv600551,119.366,121.076,di heft @n kOrt G@h2G@
fv600551,121.076,125.030,wAnt_t@ dens@ kron b@stat Als_sElfstAnd@G@ mYnt pAs_sInts neG@tin vir@ntwInt@x
fv600551,125.636,127.840,tOt Axtin vE+v@nsev@nt@x sIrkylerd@n_nOx
fv600551,127.840,130.356,rE+gzdald@rs En And@r@ historis@ kyrijozA
fv600551,130.356,134.256,tYs@n dAt jar En_neG@tin vir@ntwInt@x wAz den@mArk@n o ironi
fv600551,134.256,136.236,lIt vAn @n mYntyni
fv600551,136.236,137.975,zE+ @t_tAn wEl @n skAndinavis@
fv600551,137.975,139.732,sam@m_mEt swed@n En_norweG@
fv600551,140.280,143.852,mar di kOnstrYksi ov@rlevd@ d@ tymyltyw2z@ jar@n twInt@x dYs nit
fv600551,144.892,147.435,mar @r wOrt mOrG@n_nAtyrl@k ov@r vel mer G@stEmt
fv600551,147.435,149.782,dAn ov@r @t Y+tsIxt fAn mYnt@n En bIljEt@
fv600551,149.782,153.842,vor @n klE+n vOlk Alz @d_dens@ vor d@ nasistat di-j-@t_tOx wEl Is
fv600551,153.842,155.052,tElt Elk sImbol
fv600551,155.052,157.032,Of sowAls w@ laz@ Op @n AfiS@
fv600551,157.522,160.382,grut o tron@n mAgret@ o kron@
fv600551,160.382,161.960,Got Op s@n tron En
fv600551,161.960,163.510,mArg@retA Onz@ konINIn
fv600551,163.510,164.612,Op Onz@ kron
fv600551,165.052,166.445,AfstAnd_dun vAn d@ E+G@ mYnt
fv600551,166.445,170.212,b@tek@nd bov@ndin ok @n stAp fErd@r Op @t hEl@nd@ vlAk nar mer yni
fv600551,170.212,172.082,nar mer fed@ral 2ropA
fv600551,172.082,173.770,wAnt E+G@l@k sE+n d@ den@n In
fv600551,173.770,177.682,twej@nsev@t@x lIt x@wOrd@ vAn d@ tunmal@G@ 2ropes@ ekonomis@ G@mensxAp
fv600551,177.682,179.332,Ob_bazIs fAn @n mIsf@rstAnt
fv600551,179.332,180.820,an d@ b@vOlkIN Is
fv600551,180.820,183.402,envA+d@xwEx_x@zExt dAt lItmatsxAp nod@x wAs
fv600551,183.402,186.252,Om vArk@ns t@ kYn@ blE+v@ v@rkop@n an d@ brIt@
fv600551,186.252,190.762,d@ pArAGraf@n In d@ stIxtINsAkt@ vAn 2ropA ov@r d@ politik@ finAlitE+t @rvAn
fv600551,190.762,193.282,wErd@n tun Afx@dan Als Ik siter
fv600551,193.282,195.102,zY+t2ropes@ retorikA
fv600551,195.812,198.122,Elk ref@rEndYm vAn d@ Afx@lop@n tin jar
fv600551,198.122,198.820,mastrIxt
fv600551,198.820,200.422,twej@neG@t@x En drij@neG@t@x
fv600551,200.422,203.122,Amst@rdAm Axt@neG@t@x En dIt ny ok wer
fv600551,203.122,204.850,Gan fYndAmEntel ov@r d@ vrax
fv600551,204.850,207.132,wElk 2ropA d@ den@n E+G@l@k wEl wIl@
fv600551,207.132,208.722,@n vrE+hAnd@lson@
fv600551,208.722,210.972,Of d@ v@ren@Gd@ stat@ vAn 2ropA
fv600551,210.972,214.382,hu Axt@ralt di vrax IntYs@n ok In Onz@ or@ moG@ klINk@
fv600551,214.382,216.090,En darOm stad d@ Y+tslAx
fv600551,216.090,217.012,ny Al vAst
fv600551,217.012,219.065,den@mArk@n zAl @n v@rdelt lAnt
fv600551,219.065,219.812,blE+v@n
fv600551,219.812,221.462,war jE+ En_nAj
fv600551,221.462,223.942,mar @m par tindY+z@nt stEm@n Y+t Elkar lIG@n
fv600551,223.942,224.602,@t lAnt
fv600551,224.602,225.752,vAn d@ ew@G@ twE+f@l
fv600551,225.752,227.402,@t lAnt vAn hEml@t tOx
fv601095,0.940,2.530,ONG@lofl@k mar war
fv601095,2.530,4.840,Op Int@rnEt wErd @n Amerikans@ tweliN
fv601095,4.840,6.160,t@ kop aNG@bod@
fv601095,6.160,7.140,En_nOx strAf@r
fv601095,7.140,8.460,d@ mud@r heft har kInd@r@
fv601095,8.460,10.060,twe ker v@rkOxt
fv601095,10.060,11.795,d@ twed@ AdOpsiA+d@rs
fv601095,11.795,12.690,@m brIts kOp@l
fv601095,12.690,15.220,hAt_t@ bebis nar GrodbritAJ@ ov@rG@brAxt
fv601095,15.220,17.420,mar @n rExt@r heft z@ ny lat@ plats@
fv601095,17.420,19.170,in @n soSal@ InstElIN
fv601095,19.170,20.110,dri pArtE+@
fv601095,20.110,21.750,E+s@n_ny d@ bebiz Op
fv601095,21.750,23.130,d@ twe AdOpsipar@
fv601095,23.130,24.890,En ok d@ nAtyrl@k@ mud@r
fv601095,24.890,26.244,di zIx b@dAxt heft
fv601095,26.860,28.400,kInd@r@ kop@ Op Int@rnEt
fv601095,28.400,29.720,@t kAn ok in Ons lAnt
fv601095,30.270,32.340,y zit @n r@pOrtaZ@ vAJ_JAn hOld@rbek@ En
fv601095,32.340,33.790,sebAstijan nOlI
fv601095,36.310,37.740,dIt Is trEndA []
fv601095,38.180,39.890,z@ Iz d@ mud@r vAn d@ twelIN
fv601095,39.890,41.260,kImb@rli Em bElIndA
fv601095,42.030,44.310,z@ heft AxthOnd@r fert@G dY+z@nt frANk f@rdint
fv601095,44.310,45.710,an d@ v@rkop fAn har kInd@r@n
fv601095,46.530,51.064,kImb@rli Em bElIndA v@rblev@ tOt_t@ rExt@rl@k@ b@slIsIN vAN GIst@r@m bE+ dId brIts@ par
fv601095,51.750,53.780,hYn A+d@rsxAp wOrd b@twIst_tor d@ rExt@r
fv601095,53.780,55.760,En dor dIt Amerikans@ par
fv601095,56.310,57.300,Ob d@ televizi
fv601095,57.300,59.550,makt@ z@ Al ryzi mEd Elkar
fv601095,59.550,61.690,dIt Iz d@ sob di vorAfxIN
fv601095,61.690,63.060,In A+xystys for@x jar
fv601095,63.060,66.006,wOrt_t@ twelIN G@bor@n In AmerikA In sejnt luwIs
fv601095,66.006,68.545,@n mant lat@r dut_t@ mud@r z@ In d@ vErkop
fv601095,68.545,70.370,bE+ @n Int@rnEdb@drE+f
fv601095,70.370,73.110,In Oktob@r vInt_tAt @N kop@r In sEnd bYrnArdino
fv601095,73.110,76.195,d@ twelIN wOrt f@rkOxt for twehOnd@rt_tAxt@GdY+z@nt frANk
fv601095,76.195,78.010,an rItS@rt En vIki El@n
fv601095,78.780,81.800,d@ bijoloGis@ mud@r krE+xt_t@ kInd@r@n_nOx twe daG@ t@ zin
fv601095,81.800,83.880,zoG@namt Om AfsxE+t_t@ kYn@ nem@n
fv601095,83.880,85.970,En dAn x@b2rt h@t
fv601095,85.970,88.000,z@ v@rkopt_t@ kInd@r@n nOG @N ker
fv601095,88.000,89.600,mar ny vor @d_dYb@l@ b@drAx
fv601095,89.600,91.300,vE+fhOnd@rt sEst@GdY+z@nt frANk
fv601095,92.290,94.320,kop@rs zE+n @d brIts@ par kIlshaw
fv601095,94.920,98.118,@t Extpar nemt nEt for niwjar d@ bebis me nar wejls
fv601101,0.000,3.260,er@GuvErn2r fOns f@rplats@ vAn d@
fv601101,3.260,6.082,nASOnal@ bANk fAm bElGij@ Iz an @n niw lev@ b@GOn@n
fv601101,6.082,10.174,v@rplats@ Is ny vorzIt@r vAN kOrp@r@t fYndIN progrEm kOrtwEx seEfpe
fv601101,10.174,15.767,dAd Iz @n hYlpOrGAnizasi di prObert Om bE+ b@drE+v@ GElt lOs t@ wek@ vor projEkt@ In d@ dErd@ wer@lt
fv601101,15.767,22.827,In d@ pasfAkAnsi Is f@rplats@ @n antAl vAn di prOjEkt@ Gam b@zuk@ Im burkino fAso En toGo twe vAn d@ m Armst@ lAnd@ tEr wer@lt
fv601101,22.827,25.690,Gret plY+m@rs rE+zd@ me En zAx u d@ er@GuvErn2r
fv601101,25.690,28.592,Op @t_tErE+n lerd@ rek@n@ In ez@ls sxap@
fv601101,28.592,30.638,EN kIp@ Im plats fAn In frANk@
fv601101,140.007,143.562,fOns f@rplats@ Op mIsi In afrikA moz@s zA+ @t nit
fv601101,143.562,147.259,bet@r G@dan Eb@ d@ er@Guv@rn2r Gad bIn@kOrt_trA+@z ok nar kONGo
fv601101,147.259,151.475,Om @r d@ nASOnal@ bANk IN kinSAsA mEt rat En dat bE+ t@ stan
fv601101,30.672,38.452,wAd_dut @n en@nsef@t@xjar@G@ er@GuvErn2r In d@ hetst@ mant fAn @t jar In @n lAnt Ob d@ rAnt fAn d@ hON@rsnot
fv601101,38.452,41.600,@t hel@ dOrp fAN kOnONgA heft x@wAxt Op Onz@ kOmst
fv601101,41.600,48.509,Om dE+kwErk@ vErd@r t@ zEt@ wat@r Iz @d b@GIn En @t E+nt fAn @t ekonomis@ v@rhal Im burkinA fAso
fv601101,48.509,52.403,zOnd@r wat@r Gen vrYGdbar lAnt EN Gen oxst
fv601101,52.403,56.087,@n dE+k mut @t wat@r lat@ dorfIlt@r@
fv601101,56.087,58.099,rIxtIN vrYGdbar@ GrOnt
fv601101,58.099,62.575,d@ INGeJ2r vAn d@ lokal@ namGrup rejAlizert hir @N Grots lAndbA+projEkt
fv601101,62.575,66.011,mEd_d@ st2n vAn OksfAm En @d bElGis ov@rlevINsfOns
fv601101,66.011,68.627,oxst for mer dAn @d_dOrp Alen
fv601101,68.627,71.629,dAz @m projEkt warvor @t niw@ hYlpfOns sejEfpe
fv601101,71.629,74.917,drihOnd@rdY+z@nt frANk fAm b@drE+v@ Inzam@lt
fv601101,74.917,80.257,tOx sin_nit Al@ OntwIk@lINsOrGAnizasiz @n sam@wErkIN mEd b@drE+v@ zIt@
fv601101,80.257,84.486,d@ vres for @n Onetis r2kj@ prObert @t sejEfpe Op t@ vAN@
fv601101,84.486,91.393,Om d@ etik fAn d@ projEkt@ t@ GArAnder@ wOrt og bE+ sejEfpe AltE+t sam@G@wErkt mEt lokal@ pArtn@rs
fv601101,91.393,95.392,lejobAs Iz @n_nEtwErk fAn vE+ftin bur@OrGAnizasis
fv601101,95.392,98.571,sxap@ Op kredit xev@ erd@r dAN GElt
fv601101,98.571,101.408,Is_son ide dAt ENk@l tEr plEk@ kAN Gruj@
fv601101,101.408,105.125,Alen d@ erst@ aNkop kOmt fAn OntwIk@lINsxElt for Al d@ rEst
fv601101,105.125,107.795,Iz d@ kreditnemst@r zElf v@rAntword@l@k
fv601101,107.795,110.803,kape Is en dOrp mEt merd@r@ projEkt@
fv601101,110.803,113.982,nast @t sxap@kredit Is @r ok @n tY+nbA+projEkt
fv601101,113.982,116.922,sejEfpe wIl d@ wat@rpYt mer lat@ rEnder@
fv601101,116.922,120.477,@n sejEfpeprojEkt vAn hOnd@rt fE+ftindY+z@nt frANk
fv601101,120.477,124.181,ov@r @m par jar mut hir @n Ak@rtj@ vAn Amp@r @n hAlv@ hEktar@
fv601101,124.181,128.180,vOl Grunt@ En frY+t stan @t sAl @d_dOrp INkOmst@ Oplev@r@
fv601101,128.180,132.145,En dAt Is wAd blE+ft hAN@ bE+ v@rplats@ @n mAn vAn hAnd@lsbAlAns@
fv601101,132.145,136.383,d@ klof nort sY+t wAz @n wek lAN ov@rbrYxt In v@rplats@z hoft
fv601101,136.383,139.870,hE+ heft ler@ rek@n@ In ez@ls kIp@ En sxap@
fv601102,0.000,2.620,zo E+nd@ vAn dez@ Y+tsEndIN ma Ik xev y tOx
fv601102,2.620,6.735,tO tOt slOt tO nOx_xrax me dAt wE+ In v@rbAnt mEd_d@ repOrtaZ@ ov@r mEns@hAnd@l In @t fudbAl Al
fv601102,6.735,9.629,tIl@fon Eb@ G@kreG@ vAm prokyr2r d@nEk@r vAN kOrtrE+k
fv601102,9.629,11.522,hE+ lat wet@ dAt i m@ten @n
fv601102,11.522,15.324,Ond@rzuk sAl stArt@ nar moG@l@k@ wAmprAktE+k@ bE+ Esfe rus@lar@
fv601102,15.324,19.382,y mErkt @t m@ner d@ minist@r dAt yw_word@n_ni In dov@mAnzor@ vAl@ t@vred@
fv601102,34.601,36.568,Oke b@dANkt for dez@ rejAksi zo
fv601102,36.568,40.160,E+nt fAn dez@ Y+tsEndIN dYs mOrG@ @n_niw@ t@rzak@ nOG @m prEt@G@ av@nt daax
fv601102,19.689,25.248,hel t@vred@n OmdAd Ig dENg dAd_dAt siJal hel b@lAN@rE+k Iz @t mut_tY+d@l@k sE+n vor Al@ b[]vrA+@n In dIt lAnt
fv601102,25.248,29.542,dAt_tIt hir nIks mer t@ mak@ eft mEt fudbAl En zek@r nIks t@ mak@ heft
fv601102,29.542,33.500,mEt xud@ wErk@n mEn Is hir neh@rtj@z an @t Y+dbY+t@n
fv601102,33.500,35.368,nit an @t hElp@n
fv601108,0.000,4.010,ja m@ner d@ minist@r nOG @N kOrt@ rejAksi hirOp @ dOkt@rs di wOrd@
fv601108,4.010,5.550,di zE+n Opx@brAnt OmdAt s@
fv601108,5.550,8.960,ov@rmAnt wOrd@ dor d AdministrAtiv@ ov@rlOst ov@rlAst
fv601108,8.960,11.980,En y bEnt_tar dels me v@rAntword@l@g dAz d@ syGEsti
fv601108,20.778,21.433,jA
fv601108,58.986,59.745,@h@
fv601108,72.400,73.561,[]
fv601108,73.561,75.965,frANk fAnd@mbruk@-n-En d@ dOkt@rs en strE+t
fv601108,79.826,81.641,Oke b@dANkt fo dez@ rejAksi
fv601108,11.980,16.580,ja Ik fInd @t @n hel Intr@sAnt Y+tsEndIN nAtyl@g dAd_dOkt@r d@ smEt sExt Ik
fv601108,16.580,19.670,d@r zE+n And@r@ dIN@n Im_mE+n lev@n dAn wErk@ wErk@ wErk@n
fv601108,19.670,22.037,dA kAn @k Alem_mar tujY+x@n erl@k x@zExt_tAs @[]
fv601108,22.037,23.730,wAd bred@r prOblem
fv601108,23.730,25.160,ny Administrasi
fv601108,25.160,26.420,Ig dENg dAd [] for @n styk
fv601108,26.420,27.790,mul@k t@ v@rmE+d@n Iz OmdAt
fv601108,27.790,31.024,d@ mOdErn@ G@neskYnd@ di vraxt hel vel Y+twIs@lIN vAn InfOrmasis
fv601108,31.024,33.470,[] Ond@rzukIN@ G@b2r@n In @N kl@nik
fv601108,33.470,37.790,d@ hY+zArts mut_tA kEn@n mut @n v@rslAG bIn@ dun v@rvOlG@nz ov@r di pASEnt En zo
fv601108,37.790,41.177,dYz dA j@ hel vel dIN@ Op_pApir mut sEt@n En Y+twIs@l@ dAs
fv601108,41.177,44.380,vrez Ik @m betj@ Onv@rmE+d@l@k mar Ik prOber ny wEl
fv601108,44.380,49.600,dAt_tOx wAt_t@ v@rmInd@r@n_na d@ tukOmst_tu En Ik wIl dar nit_t@ hem@l Op ard@ b@lov@ mar bE+vorbelt
fv601108,49.600,59.430,d@r Iz ok AltE+t mar mer Administrasi bE+G@kom@ bE+ @t forsxrE+v@ vAm_medikAmEnt@ [] zE+m_mer Em_mer medikAmEnt@ war di hY+zArts Op forAnd mEd @m pApirtj@ mut_t@ tulatIN vraG@ vAn d@ mediz Adviz2r vo d@ t@rYGb@talIN
fv601108,59.430,61.673,b@vobelt vor @n antAl @m
fv601108,61.673,64.033,medikAmEnt@n In v@rbAnd mEt maxprOblem@n
fv601108,64.033,65.790,Eb Ig dAt ny-j-Al Afx@sxAft
fv601108,65.790,68.530,In rY+l vor @m prE+zdalIN vAn di medikAmEnt@n mak Ik @t
fv601108,68.530,71.175,moG@l@k fAn z@ zo Op forsxrIft_t@ krE+G@n wAd b@tek@nt_tAt_ti
fv601108,71.175,74.666,pApirbErG dar v@rdwE+nt En Ik xa dar vErd@r IN Gan
fv601108,75.936,79.826,Ob dIt pYnt ja mar wAt mE+ b@trEft sOnd@r d@ hem@l Op ard@ t@ b@lov@n
fv601161,0.000,5.139,its And@rz dAn h@t Asiz@prosEs teG@ vir vAn dez@ v@rdAxt@ In d@ vOlk@mort
fv601161,5.139,7.155,Is ny-j-Al dri wek@ bez@x
fv601161,7.155,10.915,d@ dOsjes fAm pr@fEs@r EntezimanA En fAbrigzdirEkt2r
fv601161,10.915,13.445,hiGAniro zE+n Afx@rOnt
fv601161,13.445,16.863,d@ Zyri hort ny d@ G@tY+G@ In d@ mest OphEfmak@nd@ zak
fv601161,16.863,19.700,di vAn d@ twe klost@rzYst@rs Y+t sovu
fv601161,19.700,22.625,kAtrin vAnd@rsxot Iz @n jar G@led@ In sovu G@west
fv601161,22.625,24.759,z@ GIN @r lY+st@r@n_nar tErE:z@
fv601161,24.759,28.205,@ sxY+lnam vAn en vAn d@ G@tY+G@ di vAndax for d@ Zyri zE+n
fv601161,28.205,30.446,v@rsxen@ dIt Is har v@rhal
fv601161,188.394,194.919,dAt wAz @t f@rhal vAn en vAn d@ G@tY+G@ Op @t rowAndAprosEs x@reGistrert_tor kAtrin vAnd@rsxot
fv601161,30.411,34.103,tErE:z@ wond@ In sovu vlAgbE+ h@t klost@r vAn d@ zYst@rs
fv601161,34.103,36.325,tun d@ mortpArtE+@ b@GOn@
fv601161,36.325,40.290,nEt Als har dOrpsx@not@ vlYxt@ z@ nar @t x@zOntE+tsEntrYm In @d_dOrp
fv601161,40.290,44.016,@n dAx lat@r klOpt@ d@ vlYxt@lIN@ am bE+ d@ zYst@rs_sElf
fv601161,44.016,47.673,mar d@ pord blev dIxt sOm@G@ krop@ d@ port ov@r
fv601161,47.673,51.555,E sluG@ z@ kApOt Om ok mud@rs mEt kInd@r@ bIn@ t@ lat@
fv601161,51.555,58.733,en vAn d@ zYst@rs xIN In Op hYn smegbed@ Om @N G@bA+tj@ t@ op@n@ Om t@ sxY+l@ vor d@ hev@G@ reG@
fv601161,58.733,61.833,d@ vOlG@nd@ dAx kwam@ mud@rov@rst@ ZErtryd@
fv601161,61.833,65.073,En zYst@r kizito zYst@r ZErtryd@ rip
fv601161,65.073,68.859,Ga wEx Ov Ik rub d@ militE:r@ jYli brEN@ vY+l@xE+d bIn@
fv601161,68.859,71.382,vOlG@s tErE:z@ wAz d@ elEnd@ Grot
fv601161,71.382,74.281,mud@rs di In d@ tY+n zOnd@r hYlp sE+m b@vAl@
fv601161,74.281,76.703,kInd@r@ Em bebiz di zE+N G@stOrv@
fv601161,76.703,79.533,vor d@ twe zYst@rs heft s@ GeN Gut wort ov@r
fv601161,79.533,82.923,di war@ G@men mer nOx zYst@r ZErtryd@
fv601161,82.923,85.345,E+st@ dAd_d@ vlYxt@lIN@ zA+d@ wExan
fv601161,85.345,88.585,En rip @r militE:r@ bE+ z@ zE+ nit Eksplisit
fv601161,88.585,91.722,Ga hEn dod@ mar wEl du h@t flYx
fv601161,91.722,94.621,En dAt kOmt for tErE:z@ Op @tsElvd@ ner
fv601161,94.621,97.759,ZErtryd@ wIst dAd_d@ militE:r@ hEn zA+d@ dod@
fv601161,97.759,99.608,darOb_b@GOn d@ slAxtpArtE+
fv601161,99.608,103.386,@t xrotst@ del vAn d@ Grup wAs ny t@rYx In @t x@zOnthE+tsEntrYm
fv601161,103.386,106.900,d@ militE:r@ En milisiled@ Gojd@ GrAnat@ bIn@
fv601161,106.900,110.868,En rIxt@ Gryw@l@khed@ an mEt mASetez En wap@s f@rtElt_tErE:z@
fv601161,110.868,113.767,Opens_stOnt s@ mEt_twe Grot@ lItek@s
fv601161,113.767,117.485,en Op ar hoft fAn @n hAgbE+l @n And@r@ Op har_rYx
fv601161,117.485,121.714,d@ mord@nars dorbord@ har kIntj@ mEt @n lAnz di tOt In har_rYx stAk
fv601161,121.714,125.499,zE+zElf wErt for dot Axt@rG@lat@ tYs@ And@r@ lE+k@
fv601161,125.499,129.663,mEt fel mujt@ krop s@ Op har bY+k Y+d_d@ hop Op suk nar wat@r
fv601161,129.663,132.732,En dAt t@rwE+l d@ mortpArtE+@ dorGIN@
fv601161,132.732,135.597,reG@ OpfAN@ In har mOnt lYkt@ nit
fv601161,135.597,139.655,En d@ kran In @t x@zOnthE+tsEntrYm krex s@ bE+ G@brEk aN krAxt nit op@
fv601161,139.655,142.691,t@nslOt@ vOnt s@ wat@r In @t murAs
fv601161,142.691,145.862,mar @t smakt@ nar blut @d blut fAn d@ dod@
fv601161,145.862,147.968,mar @r wAs nits And@rs
fv601161,147.968,151.447,tErE:z@ prOberd@ Ond@rdAk t@ vInd@ bE+ har fAmili In d@ byrt
fv601161,151.447,157.347,mar nimAnt lit har bIn@ tOt @n mAn har OpfIN En v@rzOrGd@ z@ vOnt har G@wOnd@ zYs
fv601161,157.347,159.939,E rakt@ tOd bE+ d@ militE:r@ vAn @t EfpeEr
fv601161,159.939,163.111,di IntYs@ h@t x@bit hAd@ v@rov@rt
fv601161,163.111,166.075,tErE:z@ Is fAndax Op @t Asiz@prosEs Im brYs@l
fv601161,166.075,169.147,kom@ G@tY+G@ teG@ d@ twe klost@rzYst@rs
fv601161,169.147,172.808,vor@x jar v@rtEld@ z@ m@ nOx dAt s@ hEn_nit kAn v@rGev@
fv601161,172.808,176.219,w@ dAxt@ dAd_d@ zYst@rs Ons_sA+d@ hElp@ zE+ z@
fv601161,176.219,179.800,mar dAt hEb@ z@ nit x@dan z@ hEb@ Ons lat@ dod@
fv601161,179.800,182.869,h@t prosEs zElf_fInt_tErE:z@ @N Gud@ zak
fv601161,182.869,185.563,vrak wIl z@ nit z@ wIl Alen dAd_d@ rExt@r
fv601161,185.563,188.360,d@ twe b@sxYld@Gd@n b@ordelt
fv601172,0.000,2.310,bONgiwe wond@ vruG@r In dY:rb@n
fv601172,2.310,5.500,tum bleg dAt s@ zwAN@r wAs krex s@ ryzi mEt har vrint
fv601172,5.500,9.120,an har fAmili dYrvd@ z@ nit f@rtEl@ dAt s@ seropozitif wAs
fv601172,9.120,9.970,bONgiwe
fv601172,9.970,11.270,vlYxt@ nar kapstAt
fv601172,11.270,12.860,En wont ny bE+ har zYs
fv601172,12.860,16.040,mEt_t@ vad@r vAn a dOxt@tj@ heft s@ xeN kOntAkt mer
fv601172,16.040,18.240,di wet_tYs nid dAt s@ b@smEt Is
fv601172,18.240,20.220,En ok har zYz Is nit Ob d@ hoxt@
fv601172,20.220,21.650,w@ Gan darOm na bY+t@n
fv601172,21.650,23.240,Om_mEd bONgiwe t@ prat@n
fv601172,23.240,26.040,ejts b@drE+xt nit ENk@l d@ vOlksx@zOnthE+t
fv601172,26.040,30.380,d@ zikt@ heft ok @n enOrm@ ImpAkt Ob d@ ekonomi En d@ OntwIk@lIN vAn @n lAnt
fv601172,30.380,31.870,G@zIn@ wOrd@ v@rwust
fv601172,31.870,34.450,A+d@rs wOrd@ zik EN kYn@n_nit lAN@r wErk@n
fv601172,34.450,38.570,tiJ_Jar G@led@ wAz IN kAjlitSA mInd@r dAn en prosEnt seropozitif
fv601172,38.570,40.930,vAndaG Iz dAt mer dAn twInt@x prosEnt
fv601172,40.930,42.796,erik xumar@ wErkt hir Als Arts
fv601172,42.796,45.766,hE+ zit_t@ tustAnt mEt led@ oG@ an
fv601172,45.766,49.446,d@ b@hAnd@lIN vAn ejtspASEnt@ zOrxt for hel wAt frystrasi
fv601172,49.446,53.726,Antiretroviral@ G@nesmId@l@n Of ejtsrEm@rs_sE+n dultrEf@nt
fv601172,53.726,56.586,mar vor d@ mest@ seropozitiv@n In d@ Arm@ lAnd@n
fv601172,56.586,58.198,zo Gut As Omb@talbar
fv601172,58.198,61.938,z@ kOst@n mar lifs tindY+z@nd_dOlAr pEr pASEnt p@r jar
fv601172,61.938,64.300,Generis@ G@nesmId@l@
fv601172,64.300,66.991,zEx mar d@ wIt@ prOdYkt@n vAn d@ fArmAsEktOr
fv601172,66.991,69.021,zE+n tOt hOnd@rt ker Gutkop@r
fv601172,69.021,71.001,mar d@ medisE+n@Indystri
fv601172,71.001,72.761,zit_tez@ kONk@rEnsi nit sIt@
fv601172,72.761,75.833,En wert_t@ Gutkop@ medisE+n@n dor har pAtEntrExt
fv601187,0.000,3.960,dIrk fAn d@r mal@ y bEnt fOlksf@rteG@word@G@r vor d@ Espe En y bEnt
fv601187,3.960,8.783,in d@ vor@G@ leGislAtyr in @t for@G@ pArl@mEnt nOx forzIt@r G@west fAn d@ AbOskOmisi di
fv601187,8.783,11.700,@n antAl amb@velIN@ G@fOrmylert heft fo d@ hErvOrmIN
fv601187,11.700,14.010,vAn d@ fed@ral@ OntwIk@lINzAdministrasi
fv601187,14.010,17.800,y hEpt pAtrik fANkrYNk@lsfEn @n antAl ArGymEnt@ an
fv601187,17.800,20.025,@ hor@ rE+k@ warOm
fv601187,20.025,24.880,vland@r@ bet@r di zak@ zElv In hAnd@ zA+ kYn@ nem@ di OntwIk@lINsam@wErkIN
fv601187,24.880,26.260,hu stat y darteG@nov@r
fv601187,75.579,78.049,dYz y plE+t E+G@l@k for @n
fv601187,78.049,82.878,G@lE+ktE+d@G@ Y+tuf@nIN vAm b@vuxted@n ov@r OntwIk@lINsam@wErkIN zowEl dor d@ fed@rali
fv601187,82.878,85.139,Alz dor d@ vlams@ r@GerIN @n sort pArAlElIsm@
fv601187,149.062,150.646,d@ vOl@ b@vuxtE+t_t@ Gev@
fv601187,151.076,151.552,jA
fv601187,26.694,29.641,wEl @ Ig dENg dAt @ d@Gen@ di
fv601187,29.641,31.341,d@ dinAmik fAn
fv601187,31.341,32.991,@ dIt lAnt kEn@n
fv601187,32.991,37.295,wet@ dAt Onv@rmE+d@l@k Op @m b@pald momEnt En pAtrIk heft @rnar v@wez@n
fv601187,37.295,40.241,dAt_tAt Al @n A+d@ E+z Iz dAt_tar its_sA+ kom@n
fv601187,40.241,41.947,En d@
fv601187,41.947,43.701,Y+taGIN war w@ ny vor stan
fv601187,43.701,47.981,lE+k mE+ d@r e@n t@ zE+n warbE+ w@ d@ pozitiv@ v@rwOrv@nhed@n
fv601187,47.981,53.520,vAn d@ hErvOrmIN ti dYz In @t pArl@mEnt sam@ mEt reGinAlt mOrels Is forb@rE+t x@west
fv601187,53.520,57.959,dAt w@ di v@rwOrv@nhed@m b@hA+d@ ma teG@lE+k@rtE+t_tOx ok rY+mt@ mak@n
fv601187,57.959,60.709,Om vland@r@n zE+n v@rzYxtIN@n Ob dIt flAk
fv601187,60.709,62.140,@ t@ lat@ v@rvYl@n
fv601187,62.140,64.279,Ig dENk dAt @ d@ prOblem@n
fv601187,64.279,67.299,In @t sY+d@n vAn Onz@ wer@lt
fv601187,67.299,71.522,dAt_ti Grot x@nux sE+n Om tu t@ lat@n dAt En @t fed@ral@ nivo
fv601187,71.522,72.849,En Op @t flams@ nivo
fv601187,72.849,75.709,m@n zIx bez@xhA+d mEd_dIt sort fAm prOblem@n
fv601187,80.388,80.988,jA
fv601187,83.629,84.632,dAt @
fv601187,85.152,90.258,dAt klOpt @ dYs wAt mEn In @t jArGOn_numt_t@ pArAlEl@ b@vuxted@n zowEl vor vland@r@n
fv601187,90.258,92.409,Als for @t fed@ral@ nivo En
fv601187,92.409,93.938,@t Iz Ob dIt pYnt_tAt Ik
fv601187,93.938,96.100,E+G@l@k en@G@ kritik x@Y+t Ep Op
fv601187,96.100,97.898,d@ tEkst@ vAn @t lA~bErmO~Akort
fv601187,97.898,101.188,wAnt_tar Gat m@n_nOx AltE+t Y+t fAn d@ ide vAn
fv601187,101.188,102.298,vland@r@n
fv601187,102.298,104.205,mAx Int@rnASOnal b@vuxt sE+n
fv601187,104.205,105.167,vor warvo []
fv601187,105.167,108.388,vor di mAteris warvor z@ ok bIn@ vland@r@m b@vuxt Is
fv601187,108.388,111.028,En_nem@ w@ b@vorbelt x@zOntE+dzb@lE+t
fv601187,111.028,112.448,dAm b@tek@nt_tIt
fv601187,112.448,114.428,dAt fland@r@n Op @t_tErE+n
fv601187,114.428,115.388,ENk@l
fv601187,115.388,118.560,prevEnsi mAx dun Inzak@ b@vobelt etsb@strE+dIN
fv601187,118.560,120.266,En dAt s@ kyrAtif niks moG@n dun
fv601187,120.266,122.190,En dAt_t@ fed@ral@ ov@rE+t
fv601187,122.190,123.446,ENk@l
fv601187,123.446,127.247,kyrAtif mar nIks am prevEnsi mAG dun Em_mE+n vorstEl Is fAn
fv601187,127.247,128.226,AS@blift
fv601187,128.226,132.726,wAt forOp mut stan Iz d@ kwAlitE+t fAn @t wErk dAt w@ In @t sY+d@ levr@n
fv601187,132.726,134.142,En wAd b@trEft fland@r@n
fv601187,134.142,135.966,En wAd b@trEft @t fed@ral@ nivo
fv601187,135.966,140.086,En lat_ti bE+d@ nivos d@ vOlhE+t fAm b@vuxtE+t hEb@n
fv601187,140.086,142.176,dAt mud d@ matstAf sE+n
fv601187,142.176,145.086,Az Ig dartu d@ G@leG@nE+t krE+G In d@ wErkxrub di Opx@rIxt wOrt
fv601187,145.086,146.550,zA+ Ig dAd ok wIl@ vorstEl@n
fv601187,146.550,147.996,Om En an vland@r@n
fv601187,147.996,149.696,En an @t fed@ral@ nivo
fv601187,149.696,151.552,d@ vOl@ b@vuxtE+t_t@ Gev@n
fv601196,0.000,2.050,En @m bE+kom@nd@ politik@ b@dENkIN
fv601196,2.050,5.380,Iz dAd @t ny pr@siz Om ruwAndez@n Gat_ti t@rExtstan
fv601196,5.380,7.576,dAt bElGij@ In dAt lAnt ruwAndA
fv601196,7.576,9.720,@n kOlOJal v@rled@n heft
fv601196,9.720,12.140,dAd bElGij@ ok bE+ d@ GenOsid@
fv601196,12.140,17.960,bot@r Op @t hoft eft_tor d@ vortE+d@G@ t@rYxtrEkIN vAm blA+hElm@ warvor Ons lAnt sIG ov@r@G@ns f@rOntsxYld@xt heft
fv601196,17.960,19.110,wAz @t_tAn wEl zon
fv601196,19.110,20.000,Gut ide
fv601196,20.000,21.970,Om pr@sis dIt prOsEs hir
fv601196,21.970,23.010,t@ lat@ stArt@n
fv601196,82.770,84.860,nOG @n And@r pYnt lyk hY+s@
fv601196,84.860,86.300,d@ int@rnASOnal@ G@mensxAp
fv601196,86.300,88.635,Of lAnd@n trEk@n dYs_sak@ nar zIx tu
fv601196,88.635,89.640,di
fv601196,89.640,91.940,@ ErG@ns And@rs x@b2rt sE+n
fv601196,91.940,93.700,In dIt x@vAl ruwAndA
fv601196,93.700,96.140,mar @t sA+ ok_kYn@m b@vorbelt
fv601196,96.140,100.730,dAt sY+tAfrikan@ di zIx sxYld@x_x@makt hEb@n an mIzdad@n teG@ d@ mEns@l@khE+t Ond@r d@ ApArthE+t
fv601196,101.500,107.193,hir Opx@pAkt wOrd@ En vor d@ rExt@r G@slept wOrd@ t@rwE+l In zY+tafrikA di zak Opx@lOst Is
fv601196,107.193,109.943,mEt @n warhE+ts En v@rzunINskOmisi dAn zIt j@ In @n
fv601196,109.943,112.633,kOnflIkt tYs@ d@ ampAk fAn @t lAnt sElf
fv601196,112.633,113.453,En wAt
fv601196,113.453,115.923,d@ int@rnASOnal@ G@mensxAp dAn Op @t ox heft
fv601196,23.890,27.080,wE @t Iz @n OntsEt@nd b@lANr@k@ vIN@ruf@nIN m
fv601196,27.080,29.396,@ nid Alen vor @
fv601196,29.396,32.290,zEx mar @t rEGdzb@wYsE+n Im bElGij@
fv601196,32.290,33.640,mar vor
fv601196,33.640,37.020,@t @t [] d@ hel@ wer@lt_tAt_tIt hir G@b2rt
fv601196,37.790,40.800,@d Iz In di zIn Ind@rdat @n wAt ONG@lYk@G@
fv601196,40.800,44.024,sam@lop fAn OmstAnd@Ged@ dAd @t ov@r @ ruwAndes@
fv601196,44.024,46.746,rExtskwEsti mut xan hE
fv601196,46.746,48.000,G@zin Onz@
fv601196,48.000,50.310,bAnd@n En_nit AltE+t @
fv601196,51.011,53.880,u mut @g dAt sEG@n sImpAtik@ bAnd@n mEt_tAt lAn
fv601196,53.880,56.690,mar d@ zYl@ And@r@ zak@ kom@n zoAls @
fv601196,56.690,59.430,di-j-@ klAxt fAn @
fv601196,59.430,63.180,fAmililed@ vAn @ bElGis@ sx2dIs@ di-j-IN gwAtemalA
fv601196,63.180,64.495,zE+n v@rmort
fv601196,64.495,65.960,war mEm_m@sxin
fv601196,65.960,69.356,mEt @n_nOx_xrot@r@ ObjEktivitE+t Em_mEd mInd@r
fv601196,69.810,72.676,@ aft@rtO:ts h@ zAl kYn@n @
fv601196,72.676,74.150,red@ner@n En zin
fv601196,74.150,75.190,u dAt_tAn
fv601196,75.790,78.260,kAn lE+d@n tOt @n vErd@r@
fv601196,78.260,79.360,strE+t
fv601196,79.360,81.070,teG@n d@
fv601196,81.070,82.770,strAf@losE+t
fv601196,115.923,118.120,dAt lE+kt @n prOblem t@
fv601196,118.120,118.940,zE+n Of
fv601196,118.940,120.043,@ t@ kYn@ wOrd@
fv601196,120.043,122.843,mar Ig dENg dAt_tAt @ vor @n del mar sxE+n Is
fv601196,122.843,127.673,d@ Int@rnASOnal@ G@mensxAp @ In ar diskysiz bIn@n d@ v@ren@Gd@ nasiz En zo
fv601196,127.673,129.983,anvart_tAt jON@ demokrAsij@n
fv601196,129.983,131.793,di-j-Op @m bizOnd@r @m
fv601196,131.793,133.553,mujl@k@ mAnir h@
fv601196,133.553,137.343,@ Y+t @n OtOritE:r sistem G@kom@ zE+n dAt jON@ demokrAsij@n
fv601196,137.343,138.553,@m
fv601196,138.553,139.653,kYn@
fv601196,139.653,142.173,Afsin vAn di plIxt
fv601196,142.173,143.590,Om Grov@ sxEndIN@
fv601196,143.590,145.140,vAn mEns@rExt@n
fv601196,145.140,146.987,u dAn ok t@ b@strAf@n
fv601196,146.987,150.970,zE+ kYn@ darvAn Afsin Ond@r b@pald@ Im b@pald OmstAnd@xed@ En
fv601196,150.970,153.160,Ond@r strIkt@ vorward@n
fv601196,153.160,155.030,En en vAn di vorward@ Is
fv601196,155.030,157.780,dAt dAn In id@r G@vAl d@ warE+t
fv601196,157.780,159.530,ov@r di mIsdad@n
fv601196,159.530,161.680,mut na bov@ G@halt wOrd@
fv601196,161.680,164.970,@ AmnEsti kAn slExs f@rlent wOrd@ Als d@ dad@r
fv601196,164.970,167.550,og bE+ wE+z@ vAn sprek@n t@ bixt@N Gat
fv601196,167.550,168.430,En
fv601196,168.430,170.520,@ @n total@
fv601196,170.520,172.775,@n @n @n@ tOd_d@ prObert so[]
fv601196,172.775,175.900,zo zo zo zo stErk moG@l@g d@ total@ warhE+t_t@ v@rtEl@n
fv601196,175.900,177.930,En @n twed@ vorward@ Is
fv601196,177.930,181.290,dAt @r tOG @m bAnt mut sE+n tYs@n @t mIzdrE+v an d@ en@ kAnt
fv601196,181.290,182.770,En @ d@ d@
fv601196,182.770,186.544,politik@ sitywasi-j-an d@ And@r@ kAnt I dar mut@ politik@ motiv@ zE+n
fv601196,186.544,188.260,v@rGet_trA+@s nit
fv601196,188.260,191.720,dAt fAn d@ zev@dY+z@nt anvraG@n In zY+dafrikA
fv601196,191.720,193.150,@
fv601196,193.150,195.020,Om AmnEsti t@ krE+G@n
fv601196,195.020,197.011,@r mar @m par Ond@rt
fv601196,197.011,199.098,ok pozitif b@Antwort sE+n
fv601196,199.098,202.508,dYs []@t ov@rGrot@ del vAn diGen@ di
fv601196,202.508,204.648,In In @t ApArthE+tsreZim@
fv601196,204.648,206.628,@ mIzdrE+v@ hEb@ b@Gan
fv601196,206.628,210.088,@t ov@rGrot@ del darvAn zAl nojt AmnEsti krE+G@m
fv601196,210.738,215.360,@m En In di zIn dENk Ig dAd @n sitywasi warbE+ @m bElGis@ rExt@r Y+tsprak@ zA+
fv601196,215.360,217.278,dun ov@r @n zY+dAfrikan di
fv601196,217.278,219.808,GInd@r AmnEsti-j-eft x@kreG@ dAt_tAt @
fv601196,219.808,221.568,tOt d@
fv601196,221.568,224.497,OnmoG@l@ked@ b@hort Om @t so krAs Y+t_t@ drYk@m
fv601241,0.000,3.110,m@ner l@mAn y zExt_tAt @r Gen wInarz EN Gen v@rliz@rs_sE+n
fv601241,3.110,5.600,Is @r dAn Op @t sEntrYm ok SAmpAJ@ G@drONk@ vAndax
fv601241,18.670,21.640,jA m@ner d@ GYxt yw IndrYk xen wInars xen v@rliz@rs klOpt_tAt
fv601241,38.358,38.951,jA
fv601241,41.311,42.331,AntirAsizm@[]
fv601241,42.851,43.453,jA
fv601241,50.041,51.031,dAt saG@ w@
fv601241,59.501,60.491,jA
fv601241,60.491,62.301,ma m@ner l@mAn y Gat Im b@rup
fv601241,62.301,64.171,dAn dENk Ik y bEnt @n slExt@ v@rliz@r
fv601241,89.870,90.701,@h@
fv601241,91.791,92.551,ja
fv601241,94.211,94.871,ja
fv601241,101.511,104.970,ja y wA+ @n v@rordelIN Ob_bazis fAn d@ AntirAsIzm@wEt ma dar
fv601241,104.970,106.030,lez Ik In @t fOnIs
fv601241,106.030,108.701,dAt @r GeN kONkret@ wElb@pald@ fE+t@ zE+n
fv601241,108.701,110.951,En Gen Oprup Om di fE+t@ t@ pleG@
fv601241,117.881,118.531,ja
fv601241,148.131,148.741,ja
fv601241,150.061,151.051,jA mar
fv601241,151.051,155.070,Alz d@ rExt@r zExt fAn Als @r [] sprak@ Is fAn @m_mIzdrE+v dAn Iz @t @m pOlitik mIzdrE+f
fv601241,155.070,157.555,@n v@rordelIN OmdAt @t @m pOlitik mIzdrE+f Is
fv601241,157.555,160.918,lE+kt m@ tOx stErk@r dAn @n v@rordelIN Ob_bazis fAn d@ AntirAsIzm@wEt
fv601241,191.916,195.156,y vOnt @t xen v@rstAnd@G@ zak I wAt @ m@ner l@mAn G@dan heft
fv601241,199.647,200.706,ja @h@
fv601241,205.146,207.016,heft E+ ny zE+n v@rdind@ lon m@ner l@mAn
fv601241,223.742,224.402,ja
fv601241,228.192,228.752,ja
fv601241,239.118,239.837,@h@
fv601241,242.702,243.362,ja
fv601241,255.067,256.095,dYz @n slExt fOnIs #
fv601241,5.600,9.770,w@ war@n t ok ni fAm plAn Om @t_t@ drINk@n Alz w@ zA+d@ h@wOn@ Eb@n I
fv601241,9.770,12.665,mar @ Ind@rdat [] Onz@ vAstElIN Is x@won
fv601241,12.665,16.955,dAt_t@ rExt@r En dA sEG@ z@ zElv ok xen ENk@l@ Y+tsprag dut ov@r wAt E+G@l@k
fv601241,16.955,18.670,d@ InA+t wAs fAn d@ dAxfardIN
fv601241,18.670,19.380,[]
fv601241,42.137,42.788,m
fv601241,42.788,43.638,m
fv601241,59.683,60.537,m
fv601241,64.171,65.601,mO dAz ni war I
fv601241,65.601,67.901,[] kE+k warOm Ga w Im b@rup
fv601241,67.901,71.421,[]dAd Is w@ sprek@ mEt Ons twe Advokat@n mEt_t@ rat fAm b@her
fv601241,71.421,75.151,m@ner v@rstrat@n di ny Ext [] wEl [] dAz @n spesjAlIst_t@r zak@ hor
fv601241,75.151,81.141,zExt h@won jO m@ di-j-Int@pr@tasi di G@Gev@n wOrt an @m pol@tik mIzdrE+v d di-j-Is krezi dA dA klOpt_tYz nit
fv601241,81.141,83.501,mEt_t@ h@hel@ trAdisi-j-Im bElGij@
fv601241,83.501,86.580,ov@r wAt mEn @m politik mIzdrE+f numt t Iz ni-j-OmdAt @n
fv601241,86.580,88.310,mIzdrE+f its t@ mak@ heft
fv601241,88.310,89.871,mEd @m politik@ pArtE+
fv601241,89.871,91.791,dAd @t @m politik mIzdrE+v Is
fv601241,91.791,94.211,E j@ zExt_tYz dIt dIt xat x@won_nit Op
fv601241,94.211,95.201,En t@n twed@
fv601241,95.971,97.941,E+ zExt nIks ov@r
fv601241,97.941,100.425,@ @t rAsIstis kArAkt@r vAn @n antAl
fv601241,100.425,101.511,pYnt@ vAn di pArtE+
fv601241,111.391,116.341,ny pAz Op I wEl dA dAd Iz dYz @n twed@ pYnt_tA wE+ ni xud b@hrE+p Iz @n Int@p@tasi vAn @ fE+t
fv601241,116.341,118.531,@ dAd Iz ok anvEGdbar or dYs
fv601241,118.531,119.533,wAner y
fv601241,119.533,122.431,En Oprup@ vAn @n fE+ tOt fE+t@n wAner j@ zExt
fv601241,122.431,124.571,Als I Alz @m proGrAmA hEpt
fv601241,124.571,127.711,m ny As proGrAmA [] [] [] kE+k w@ mak@n Ond@sxE+t_tYs@n
fv601241,127.711,129.131,twe kAteGorij@ vAm_mEns@n
fv601241,129.131,131.270,En di twed@ kAteGori vAm_mEns@n dYz
fv601241,131.270,134.021,d@ miGrAnt Of mEns@ vAn zo @n AfkOmst I
fv601241,134.021,135.171,di han w@ ny @s
fv601241,135.171,137.371,spesjal b@lAst@m bE+ d@ t@wErkstElIN
fv601241,137.371,140.061,@n ApArt Ond@rwE+s@nEt for OpsEt@n
fv601241,140.061,142.010,En d@ b@dulIN Y+tE+nd@l@k Iz Om di t@rYx
fv601241,142.010,143.741,duN ker@n_na hY lAnt fAn ErkOmst
fv601241,143.741,146.381,sOri Alz dA Gen Gen v@rkOnd@G@n Is
fv601241,146.381,148.740,bE+ hErhalIN En sIstemAtis
fv601241,148.740,150.061,vAn diskriminasi
fv601241,248.459,249.453,m
fv601241,22.350,23.716,wEl @
fv601241,23.716,26.360,Ik f@rhel y nit_tAt Ik nid blE+ bEn mEt_tez@ Y+tsprak
fv601241,26.360,34.391,@ Ale@n dENk Ik @ dAt @t @n v@rkerd@ Y+tsprak Is Ig dENg dAt s@ OJY+st Iz Ig dENg dAt_t@ rExt@r t@n OnrExt@ zExt_tAt @ hir sprak@ Is fAn @n politik mIzdrE+f
fv601241,34.940,37.460,d@ rExt@r sprekt sIx E+G@l@k nit Y+t O[] dAtxen@
fv601241,37.460,39.550,ov@r dAtxen@ wAt hEm Is forG@lExt nam@l@k
fv601241,39.550,41.311,zE+n @r Imbr2k@n teG@n d@
fv601241,41.311,43.451,Anti@rAsizm@wEt
fv601241,43.451,47.521,@ mar j@ kAn_nAtyrl@k @ d@r wEl vAn Op an dAt_tIt sort Y+tsprak@n @
fv601241,47.521,50.041,mIzbrY+kt wOrt_tor @t flamz blOk @
fv601241,50.041,52.987,@ m@ner m@ner vAn hEk@ zExt_tarjY+st nOG dAt hE+ ja
fv601241,52.987,54.881,puZAdIzm@ dAt E+ dAt @n_nOrmal
fv601241,54.881,58.075,pol@tik mId@l vInt EJ_Ja [] nAtyrl@g dut hE+ ok ov@r dIt fOnIs
fv601241,58.075,60.491,puZAdIstis@ Y+tsprak@n dAt kAJ_J@ ni f@rmE+d@
fv601241,161.908,166.680,ja m@m_mut_t@ wEt_tupAs@n @ zo zoAlz E+ Is hE @n @m politik mIzdrE+f @ vAlt
fv601241,166.680,168.658,vOled@G In @n And@r@ kAteGori @
fv601241,169.098,171.078,@ [] Ik sA+ t og bizOnd@r @
fv601241,171.078,172.398,@m
fv601241,172.398,175.358,v@rkert fInd@n Alz @n dErG@l@k prosEs_sA+ G@vurt wOrd@n
fv601241,175.358,178.058,@ vor @n Asiz@hOv @t xat ov@r d@ tupAsIN
fv601241,178.058,181.788,@ vAn @ d@ AntirAsism@wEt En darov@r @ mut m@n ordel@n
fv601241,181.788,183.871,@m @n And@r@ zak @
fv601241,183.871,186.618,[] Iz nAtyrl@k Of m@n @ politik@
fv601241,187.168,190.110,kwEstis mut Y+tfExt@n vor_rEGdbANk@n Ik hEb dar
fv601241,190.110,191.916,In @t f@rled@n ok Al mE+n twE+f@l
fv601241,193.221,195.145,wEl Ik hEp AldE+t x@zExt_tAt Ik
fv601241,195.145,199.656,Ik Eb AldE+t x@zExt_tAt Ik @t xen wInwInsitywasi vInt @t flamz blOk Iz @ zer G@varl@k@ teG@stAnd@r
fv601241,200.706,202.730,mE+n Afsxyw vor @t flamz blOk Is x@kEnt
fv601241,202.730,204.716,En di v@rmInd@rt @r nit Op InteG@ndel
fv601241,205.146,206.736,mar
fv601241,206.736,207.846,mar AlS_S@
fv601241,207.846,209.985,@ mEd And@r@ word@ zoN G@varl@k@ teG@strev@r
fv601241,209.985,211.086,ampAkt_tAm_mut j@
fv601241,211.086,213.496,zer Gut Op j@ tEl@ lEt En dAm_mut j@ dAt prOber@n
fv601241,213.496,214.706,Alen mar t@ dun
fv601241,214.706,218.006,In wInwInsitywasiz dIt wAs xen wInsInsitywasiz wAnd OfwEl
fv601241,218.446,220.310,lib dIt prOsEs f@rkert Af En
fv601241,220.310,224.402,zE+ @n rExt@r ja E+G@l@k Is @r nits an d@ hAnt wAt_tez@ rExt@r nit_tut hE
fv601241,224.402,228.337,ma Gut_tAn @ wAz @t @ blOk x@leGitimert @d blOk Is ny nit x@leGitimert
fv601241,228.337,232.615,In @t And@r@ G@vAl dAt_t@ rExt@r @ @n dY+d@l@k@ v@rordelIN zA+ Y+tsprek@n @
fv601241,232.615,236.052,[] bOk hAd @d ok Al aNG@kOnd@xt b@GOn [] Opniw mEt @n And@r@ pArtE+
fv601241,236.052,239.050,di dAn_nOx mer dAn @t flamz blOk @n wOlf In sxap@nvAxt
fv601241,239.050,241.212,zA+ zE+n En E+G@l@k nOx_x@varl@k@r zA+ zE+n
fv601241,241.212,243.732,darOm vOnt @k @t xen wInwInsitywasi mar dAt wIl ni sEG@n
fv601241,243.732,245.712,dAt_t@ rExt@r ir G@lE+k eft_t@ rExt@r
fv601241,245.712,246.980,heft sIx ir dY+d@l@k
fv601241,246.980,249.171,v@rGIst En Ik_kAn dYz b@GrE+p@ dAt Ob_bazIz darvAn
fv601241,249.171,250.321,@t sEntrYm
fv601241,250.321,251.810,@ nar @t hOf_fAm b@rup xat
fv601241,251.810,255.457,En vraxt_tAt @r Y+tsprak sA+ G@b2r@n [] dAtxen@ wAt an d@ rExt@r Is forG@lExt
fv601310,0.000,3.350,jA mar @ fenomen@ zoAls El niJo
fv601310,3.350,4.720,@ hEb@ di dAn ok @n
fv601310,4.720,6.700,zwar@ Invlut Op @t klimat Of
fv601310,6.700,8.482,mut@ w@ dAt ok rIlAtiver@
fv601310,39.254,41.020,ja neG@tin zev@n@tAxt@x
fv601310,41.020,43.414,darIn @ hEb@ w@_@n dY+d@l@k@ []
fv601310,43.414,46.450,sErj2z@ tEmp@rAtyrstE+GIN h@hAt Im bElGij@ @t Iz ok
fv601310,46.450,49.474,d@ p@rjod@ dAt_t@ erst@ klimatkOnf@rEnsiz b@GOn@n
fv601310,50.020,51.894,strAks Im bOn Is @r @n_niw@ tOp
fv601310,52.490,55.300,En @ dar stat h@t @ kijOtoprotokOl
fv601310,55.300,57.121,Y+t@rart Ob d@ AGEndA
fv601310,57.121,60.510,zAl di b@pErkIN Ob d@ Y+tstot fAm brujkAsxAs@
fv601310,60.510,62.291,dYs x@mId@lt vE+f prosEnt
fv601310,62.841,65.265,@ t@rYG Op @t nivo vAn_neG@tinhOnd@rt neG@t@x
fv601310,65.265,67.071,zAl dAt_tAn vOldund@ zE+n
fv601310,67.560,69.045,Om @d brujkAsEfEkt
fv601310,69.045,70.311,EfEktif an t@ pAk@
fv601310,8.950,14.645,@ di-j-Eb@ zek@r @n Invlut wAnt @ nast El niJo b@stat @r ok soits Alz d@ nortAtlAntis@ sxOm@lIN
fv601310,15.590,19.419,@ di v@rAntword@l@k Is for d@ r@sEnt@ wArm@r@ wInt@rs hir In Onz@ kOntrE+
fv601310,20.345,23.500,@n og d@ zOn@siklys
fv601310,23.500,24.544,spelt @n rOl
fv601310,25.260,26.690,og vylkanY+dbArstIN@
fv601310,27.240,28.715,mar Als x@ Al di
fv601310,28.715,30.430,@ El@mEnt@ d@rY+t lat
fv601310,30.430,32.575,Ept x@ tOx nOG AltE+t_ti stE+G@d@ tEndEns
fv601310,32.575,35.651,vAn d@ tEmp@rAtyr@ di v@rorzakt wOrt_tyz dor d@ Y+tstot fAn
fv601310,35.651,37.131,vorAl sejotwe metan
fv601310,37.131,39.254,En And@r@ brujstOfkAsxAs@n
fv601310,45.724,46.483,@h@
fv601310,69.971,70.801,#
fv601310,70.801,72.341,ny y mut wet@ dAt @
fv601310,72.341,74.101,d@ Y+tstot_ti ny rets Is x@b2rt
fv601310,74.751,79.701,@ d@ kOnsEntrasi vAn d@ brujkAsxAs@n di ny [] [] [] In d@ AtmOsfer anwez@x sE+n
fv601310,80.301,82.831,zYl@ d@rvor zOrG@ dAt_t@
fv601310,82.831,86.291,d@ tEmp@rAtyr nOx ONG@ver dErt@x tOt fE+v@ndErt@x jar zAl blE+v@ stE+G@
fv601310,86.951,87.920,# ny u kOmt_tAt
fv601310,87.920,91.451,@ dAd Is frE+ envA+d@x d@ tE+t Om di brujkAsxAs@ Af t@ brek@
fv601310,91.451,94.641,@ Is fel_lAN@r Az d@ tE+t Om z@ Y+t_t@ stot@n_nAtyrl@k dys
fv601310,95.191,96.611,k spreg b@vorbelt sejotwe
fv601310,96.611,99.997,eft @n AvbraktE+t nod@x fAn ONG@ver @ vE+v@ndErt@x jar
fv601310,100.933,101.703,dyz d@
fv601310,101.703,104.613,d@ GAs@ di ny rets In d@ AtmOsfer anwez@x sE+n
fv601310,104.613,107.033,kyn@ t@n vruxst@ bin@ fE+ft@x jar wOrd@ Afx@brok@
fv601310,107.033,108.293,En zyl@ zOrG@ vor
fv601310,108.293,110.763,@n vErd@r@ stE+G@nd@ []dEns fAn d@ tEmp@rAtyr@
fv601310,110.763,113.563,d@ mEns Is med@ v@rAntword@l@k for @d brujkAsEfEkt
fv601310,113.563,116.423,En dYz Iz @t ok han hEm En har Om_matreG@l@ t@ nem@
fv601310,117.413,119.333,dAd Is fOlG@z bErZI nit so envA+d@x
fv601310,119.333,121.250,w@ mut@ vAst En zek@r mInd@r v@rvY+l@
fv601310,121.250,123.173,mInd@r sejotwe-j-Y+tstot@ dYs
fv601310,123.173,124.713,En mInd@r enErZi v@brY+k@
fv601310,125.373,127.733,w@ kYn@ b@vorbelt Op xrun@ enErZi ov@rsxak@l@
fv601310,127.733,129.433,mar darvor hEb@ w@ rY+mt@ nod@x
fv601310,129.433,130.693,En di-j-Ondbrekt @r Im bElGij@
fv601310,131.630,133.063,klimAtoloG A~dre bErZI vInt
fv601310,133.063,134.320,dAt @r hu dAn ok mer
fv601310,134.320,135.363,Ond@rzuk nod@x Is
fv601310,136.023,138.794,y lY+st@rt nar Ond@rstrom ov@r d@ tukOmst fAn Ons klimat
fv601310,139.100,143.883,strAks ov@rlop@ w@ d@ b@lAN@rE+kst@ klimatf@rdraG@ di G@slot@ zE+n sInz d@ erst@ Grot@ klimatOp
fv601310,143.883,145.853,vA rijo d@ ZAnE:ro vAn_neG@ jar G@led@
fv601310,146.903,149.203,mar erst xa w@ wAd_dip@r In Ob d@ klimatOnd@rhAnd@lIN@
fv601310,149.863,151.843,klimAtolox SA~ pAskAl vAn ip@rzel@
fv601310,151.843,153.823,Advizert_t@ ov@rhE+d bE+ di Ond@rhAnd@lIN@
fv601310,154.263,155.140,hE+ lExt Y+t
fv601310,155.140,157.223,warOm d@ ver@n@Gd@ stat@ zix Al t@ Grax
fv601310,157.223,159.093,d@ rOl vAn dwArslIG@r amet@
fv601310,159.093,161.680,sIndz buS prezidEnt Is_stat_t@ Amerikans@ hA+dIN
fv601310,161.680,164.583,teG@nov@r @t klimadb@lE+t nOx haks@r Ob di vAn 2ropA
fv601310,165.520,166.563,mar zExt fAn ip@rzel@
fv601310,166.563,169.272,@t Is nit OndENgbar dAd buS nOx fAm_menIN v@rAnd@rt
fv601310,169.272,171.173,hE+ nemt_t@ b@slIsIN@ nit In z@n entj@
fv601310,171.893,173.543,Ob d@ tOp fAm bOn vOlG@nd@ mant
fv601310,173.543,175.733,stat_t@ kijotoov@reNkOmst Ob d@ AGEndA
fv601310,176.343,177.493,vOlG@s fAn ip@rzel@
fv601310,177.493,179.583,zYl@ d@ ver@n@Gd@ stat@ nit_teG@wErk@
fv601310,179.583,181.283,Al anvard@ z@ t protokOl nit
fv601310,181.283,182.785,zoAlz @t ny Op taf@l_lIxt
fv601310,183.200,187.493,d@ wer@lt wE+st @n lAnt_tAt @n ov@reNkOmst_tek@nt En di darna nit rEspEktert mEt_t@ vIN@r
fv601310,187.493,188.973,E Gen ENk@l_lAnt fInd_dAt l2k
fv601310,189.740,191.663,klimAtolox SA~ pAskAl vAn ip@rzel@
fv601310,191.663,194.413,AprESert wEl d@ erl@khE+t fAn d@ Amerikan@
fv601310,194.413,196.933,z@ dENk@ na ov@r dErG@lE+k@ ov@reNkOmst@
fv601310,196.933,198.363,En A~GAZer@ zIG Alen
fv601310,198.363,200.626,Als_s@ @r vor d@ vOl@ hOnd@rt prosEnt Axt@r stan
fv601310,201.053,202.213,@m pOzitiv@ kAnt
fv601310,202.213,203.970,di w@ In 2ropA sOms mIs@
fv601340,0.000,3.421,sprek nit mer vAn sevepe mar vAn sedejEnve
fv601340,3.790,6.680,krIst@n demokratis En vlams Iz d@ niw@ nam
fv601340,6.680,8.290,vAn d@ krIst@l@k@ vOlkspArtE+
fv601340,9.060,11.810,vorzIt@r stefan d@ klErk heft_ti vAmIdAG b@kEntx@makt
fv601340,11.810,13.240,Om lEk@ t@ vorkom@
fv601340,13.730,14.500,@t kONgrEs
fv601340,14.500,16.590,ov@r d@ wez@nl@k@ pArtE+v@rniwIN
fv601340,16.590,18.620,vInt E+nt dez@ mam plats
fv601340,18.620,20.490,d@ niw@ nam kAn wEl aNGev@
fv601340,20.490,21.580,war d@ v@rniw@rs
fv601340,21.580,22.300,nartu wIl@
fv601340,22.300,23.450,Edi GrunwAls
fv601340,23.450,25.570,stE+l vAn dez@ pArtE+
fv601340,25.570,27.780,wIl@ wE+ v@rAnd@r@n wE+ wIl@n mak@n dAt
fv601340,27.780,32.311,di op@nhE+t_tAt_ti dinAmik dAt_ti k2z@ vor ward@n dAd_dAt hel nadrYk@l@k anwez@G Is
fv601340,42.141,44.561,w@ zE+N krIst@ndemokratis En
fv601340,44.561,45.551,vlams
fv601340,45.551,47.173,@ dAt @
fv601340,47.173,53.110,d@ Amb@rs Amp@rsAnt Iz @n Iz @n EN@ls b@GrIp @ dAt E+G@l@k stat fo d@ v@rbIndIN dAt En wOrt
fv601340,53.110,54.120,Y+tx@sprok@n
fv601340,54.120,56.290,mar @t stat for Ons el Gut OmdAd @t
fv601340,56.290,58.400,di v@rbOnd@nhE+t @ Y+drYkt
fv601340,58.400,60.510,[] [] kiz@n dYs vor @d b@hA+t fAn @t orAJ@
fv601340,60.510,61.940,# mar
fv601340,61.940,63.640,kOnfOrm Onz@ prInsip@s
fv601340,63.640,66.060,@ di wE+ En Onz@ b@GIns@l@n di wE+ plats@n
fv601340,66.060,68.420,wIl@ wE+ dAt @ bazisorAJ@ # wAt
fv601340,68.420,70.680,wArm@r wAt mEns@l@k@r nOx mak@n
fv601340,70.680,73.480,@ its mInd@r kul dAn In @t v@rled@n
fv601340,73.480,75.900,E zYl@ wE+ wErk@n mEd @n antAl vArijAnt@n
fv601340,75.900,77.050,vAn G@t orAJ@
fv601340,77.050,78.750,zAl dYz @n zek@r@ sxAkerIN
fv601340,78.750,79.960,G@brY+kt wOrd@n
fv601340,86.160,87.860,d@r zE+m_mEns@n di
fv601340,87.860,88.790,mer
fv601340,88.790,90.334,b@pald@ ward@n Op @n
fv601340,90.334,95.522,@ b@hA+tsx@zInd@ mAnir Int@rpr@ter@n @r zE+n And@r@ mEns@n di hel proGrEsif soSal zE+n
fv601340,95.522,99.400,dIt Iz d@ rE+gdOm AltE+t x@west fAn d@ pArtE+ En Ik wIl dAt ok Apsolyd b@hA+d@n
fv601340,99.400,103.558,wE+ zE+n_nit @N klE+n sEGmEntj@ vAn ENk@l@ fundiz rOnd @m b@palt_tema ne w@
fv601340,103.558,105.880,blE+v@n @m bred@ v@rbOnd@n pArtE+
fv601340,111.260,112.900,@ E+ Iz @N krIst@ndemokrat
fv601340,112.900,115.470,@ E+ Is xen ov@rlop@r @
fv601340,115.470,121.476,dYz E+ Iz imAnt_ti mewErkt En di Y+t@rart @t rExt xeft Om @n antAl AksEnt@n t@ lEG@n En Om ok mEd @n tEkst_t@ kom@n
fv601340,121.476,124.660,kwEsti Iz Alen dAt wE+ @t x@sprEk In lwAjotE+t mut@ vur@n
fv601340,133.010,136.910,Ik xa @rvAn Y+t_tAt sE+ Y+t@rard b@trOk@n zE+n Em blE+v@n
fv601340,136.910,140.370,En dAt sE+ zOrG@n vor @n hel buj@nd_debAd bE+ mOmEnt@n tYs@n
fv601340,140.370,142.020,sOms AvwE+k@nd@ menIN@n
fv601340,142.020,144.550,ma d@ kYnst Is In Onz@ pArtE+ dAt wE+ Ind@rdat
fv601340,144.550,147.450,id@r@ ker Ob di kOnsEnsys Ob di sintez@
fv601340,147.450,149.131,Ob dAt x@zOnt f@rstAnt E+nd@x[]
fv601340,32.861,34.560,En dAt mEd @n Amp@rsAnt
fv601340,34.560,38.461,d@ nam vAn @t Entek@ tYs@N krIst@ndemokratiz En vlamz In d@ niw@ nam
fv601340,38.461,39.835,@n simbol
fv601340,39.835,41.431,nit sOnd@r b@tek@nIz dYs
fv601340,80.620,81.550,v@rbOnd@nE+t
fv601340,81.550,82.920,Of_f@rsxE+d@nhE+t
fv601340,82.920,86.160,wAnt_t@ sedejEnve blE+vd @m pArtE+ mEd @m pAlEt aN kl2r@
fv601340,106.650,110.000,GIst@r Ad_d@ klErk @n lAN G@sprEk mEt som potEnSel disidEnt
fv601340,110.000,111.260,johAn vAn hEk@
fv601340,125.320,127.350,Als fAn Ek@ mer nar lINks wIl
fv601340,127.350,129.749,dAN kiz@n d@ brurs fAn rOmpY+ vor_rExts
fv601340,129.749,133.010,[] ok sE+ stam bIn@ d@ pArtE+ dYs E+G@l@k an d@ kAnt
fv601340,38.460,39.840,sprek@n [] tal
fv601340,39.840,41.431,[]
fv601340,41.431,42.141,kYn@ sprek@n
fv601356,0.000,1.625,dAt wAs nOx mar @d b@GIn
fv601356,1.625,5.465,@n dYb@l@ anslAx In_nu jOrk twe vlixtY+G@ di kOrt na m@kar
fv601356,5.465,7.372,teG@n @t wetese t@ plEt@r vloG@
fv601356,7.850,13.610,darna wAs @r @n Eksplozi In @t pEntAGOn @t Amerikans@ ministeri vAn defEnsi In wOSINtOn
fv601356,13.610,18.920,En og dar wAz Al snEl dY+d@l@g dAd_d@ OntplOfIN @t x@vOlx wAs fAn @n ING@slaG@ vlixtY+x
fv601356,18.920,20.640,@n del vAn @t pEntAGOn
fv601356,20.640,23.285,@t hArt fAn @t Amerikans@ vE+l@xE+dzb@lE+t
fv601356,23.285,25.630,Iz Als x@vOlx fAn d@ OntplOfIN ING@stOrt
fv601356,26.536,30.752,nit lAN na d@ anslAx In_nuw jOrk wAz @t_t@ b2rt an d@ Amerikans@ hoftstAt wOSINtOn
fv601356,30.752,34.057,hir wAz @t ministeri vAn defEnsi-j-@t pEntAGOn @d_dulwIt
fv601356,34.057,38.203,In dAt x@bA+ Iz ok @t hoftkwArtir vAn @t Amerikans@ leG@r G@vEst@xt
fv601356,38.203,42.649,nEt Alz In_nu jOrk wErt_t@ anslAx teG@n @t pEntAGON G@plext mEt @n vlixtY+x
fv601356,42.649,46.785,ox@tY+G@ zaG@n @n r2zAxt@G@ orAJ@ vyrbAl OpstE+G@
fv601356,46.785,48.370,@n del vAn @t pEntAGOn
fv601356,48.370,50.651,stOnd bIn@ d@ kOrtst@ ker@n In lIxt@laj@
fv601356,51.500,54.376,ok In wOSINtOn zA+ @t Om @N G@kapt flixtY+x_xan
fv601356,54.376,56.810,@t wAz Opx@steG@n In d@ OmGevIN vAn_nu jOrk
fv601356,57.571,61.977,Eld@rz In wOSINtOn OntplOft@ nOG @m bOmA+to bE+ @t ministeri vAm bY+t@lAns@ zak@
fv601356,61.977,66.173,dar wAz d@ rAvaZ@ mInd@r Grot_tAm bE+ @t pEntAGOn En In @t wY:rlt_trejt sEnt@r
fv601356,66.173,71.010,mEt_t@ anslaG@n In wOSINtOn wOrt @t hArt fAn @t Amerikans@ mAxtsEntrYm G@trOf@
fv601356,71.010,76.108,Em_mEten wOrt prezidEnd buS x@kOnfrOntert mEt_t@ erst@ Grot@ krizis fAn z@n Ampst@rmE+n
fv601356,76.108,78.200,di-j-In jAnywari vAn dIt jar b@GOn
