fv600025,0.000,4.147,In d@ hav@ vAn GEnt Is @r @n GAslEk bE+ @t xemis b@drE+f ysebe
fv600025,4.147,7.717,h@t xat Om @ rejAktOrvAt warY+t AmOnjAk OntsnApt
fv600025,7.717,10.000,zEGd brAntwerkOmAndAnt d@ buv@r@
fv600025,68.073,70.653,brAntwerkOmAndAnd_d@ buv@r bE+ wErn@r trijo
fv600025,70.653,75.566,faz@ twe vAn @t rAmp@plAn Is Afx@kOnd@xd_dAd b@tek@d_dAd_d@ bYrG@mest@r koOrdinert
fv600025,75.566,81.029,d@ brAntwer Is nOx t@r plats@ sam@ mEd_d@ dinst lefmilj2 En d@ GEnts@ milj2koOrdinatOr
fv600025,10.000,13.957,mEn heft @ Ons Om neG@n yr en@nvE+ft@x
fv600025,13.957,19.187,@n @ GAslEk x@mElt Op @t @ tErE+n vAn ysebe In d@ pAnts@sxIpstrat
fv600025,21.040,26.239,Ob dAd oG@mblIk wAz dAt nOx ni vAstx@stElt v@mud@l@k xat @t vor @n G@delt@ ov@r AmOnjAkxAs
fv600025,29.340,33.350,@ d@ mEns@n In d@ byrt sE+n dYs blE+gbar nit In G@var
fv600025,36.260,41.430,@ zE+ moG@ G@won rOntlop@n mar AmOnjAk eft @n zer laG@ r2kxrEns
fv600025,41.430,44.066,dYs tAt wOrt @ zer G@mAkl@k warG@nom@
fv600025,50.691,52.440,@ jA dAt Is AltE+t sO-w-E
fv600025,60.288,65.024,@ Ik_kAn dar @ Gen @ mEldIN ov@r dun
fv600025,65.024,68.073,Ik hEp xen prOblem @ mEt ysebe
fv600025,19.187,20.878,ov@r wEl@k xAs xat @t
fv600025,26.194,29.398,m En @ wAt @ mut@ d@ mEns@ In d@ byrt_tun
fv600025,33.358,36.314,nit In G@var dYs_sE+ moG@ G@won rOntlop@ E+G@l@k
fv600025,43.977,50.718,dYs mEd And@r@ word@ Als_sE+ rY+k@ dAt @t hel stErk @ Gat @ stINk@ dAn mak@ z@ zIG bet@r Y+t_t@ vut@
fv600025,52.420,58.273,ja @t Iz @ Alwer bE+ ysebe E hAl@f sEptEmb@r wAs @r ok Al @n GAswOlk @n tE+t x@led@
fv600025,58.273,60.258,u zIt @t mEt_t@ vE+l@xE+t In dAd b@drE+f
fv600053,0.000,5.350,d@ v@ren@Gd@ stat@ zE+n vAm plAn Om d@ latst@ kErnbOm@ wEx t@ hal@ Y+t sev@ 2ropes@ lAnd@
fv600053,5.350,6.779,wElIxt ok Y+t bElGij@
fv600053,6.779,9.559,dAt mElt @t frAns@ pErsAGEntsxAp aEfpe
fv600053,9.559,12.950,Ob_bazIs fAn diplOmAtik@ En militE:r@ brOn@ In brYs@l
fv600053,12.950,15.080,h@d b@rIxt Is nErG@s b@vEst@xt
fv600053,29.046,33.065,tE+d@z d@ kA+d@ orlOx must@ z@ @n anvAl vAn @t ozdblOk AfsxrIk@
fv600053,33.065,39.319,@t Iz @m pyblik x@hE+m dAt Ob d@ lYxtmAGdbazIs klE+n@ broG@l In lImbYrx @n tintAl AtomkOp@ v@rbOrG@ zE+n
fv600053,39.319,41.766,Ond@r d@ lots@ vAn d@ G@vExtsflixtY+G@
fv600053,41.766,44.605,mar d@ r@GerIN heft_tAt nojt Ofisjel b@vEst@xt
fv600053,44.605,47.990,z@ rip fE+l@xhE+tsov@rweGIN@ En_navOInstrYksis In
fv600053,62.427,68.195,og d@ Grun@ pArtE+ AGAlEf En d@ demokratis nAsjOnAlist@ vAn d@ vOlksyni zE+n blE+ mEd_d@ OntwIk@lIN
fv600053,68.195,71.906,AGAlEf E+st mer Y+tlEx fAn d@ bOntx@not@ ZOs xE+z@ls
fv600053,93.187,94.693,ZOs xE+s@ls
fv600053,14.845,18.645,vOlG@s aEfpe kOmt_t@ b@kEntmakIN vOlG@nd@ mant
fv600053,18.645,23.011,bY+t@lAnts@ zak@ In brYs@l wet@ nits fAn @n moG@l@k@ v@rwE+d@rIN vAn d@ kErnwap@s
fv600053,23.011,29.139,vOlG@s Amerikans@ dEskYnd@G@ lIG@_@r In zev@ 2ropes@ lAnd@ nOx hOnd@rt fE+ft@x tOt_twehOnd@rd bOm@ Opx@slaG@
fv600053,47.990,50.506,OnlANs kOnd@Gd@ pr@mje v@rhOfstAt ev@wEl an
fv600053,50.506,53.752,dAt hE+ ENk@l@ pArl@mEnsled@ d@ nod@G@ InlIxtIN@ wIl Gev@
fv600053,53.752,62.407,d@ milj2OrGAnizasi Grinpis En @t forYm vor vred@sAksi jY+x@ @d b@rIxt_tu Alz @n klE+n@ mar b@lANrE+k@ stAp In d@ b@hersIN vAn kErnwap@s
fv600053,94.692,100.720,d@ vOlksyni drINt an Op @n op@l@k@ r@GerINsf@rklarIN dAd_d@ kErntY+G@ nit lAN@r G@wEnst sE+n In bElGij@
fv600053,100.720,105.098,en En And@r mut lE+d@ tOt @n wer@ltwE+d@ En stApsx@wE+z@ kErnOntwap@nIN
fv600053,105.098,107.280,vOlksynivorzIt@r pAtrIk fAnkrYNk@lsfEn
fv600053,127.585,129.050,pAtrIk vAnkrYNk@lsfEn
fv600053,71.906,77.630,Y+t@rart sA+d@ wE+ t@vred@ zE+n OmdAt wE+ mEt hOnd@rdY+z@nd@ mEns@ G@dyr@nd@ jar@ Im brYs@l b@toxt hEb@n
fv600053,77.630,81.350,Om di kEr@nrAkEt@n ir wEx t@ krE+G@n Om t@ plE+t@ vor
fv600053,81.350,84.674,@n kErnwap@vrE+ 2ropA En @n kE[]wap@nvrE+@ wer@lt
fv600053,84.674,89.590,En dIt sA+ dAn @n erst@ stAp sE+n Om @d_debAt dAt_tOx wAt d@ latst@ jar@n wEx@demst@r wAs
fv600053,89.590,93.250,Om dAt_tryx Op d@ AGEndas t@ krE+G@ zowEl In 2ropA Alz Ob d@ v@ren@Gd@ nasis
fv600053,107.280,109.609,d@r zE+n hel kONkret@ vorstEl@ G@fOrmylert
fv600053,109.609,112.084,bIn@n d@ v@ren@Gd@ nasis vAnY+t swed@n En irlAnt
fv600053,112.084,115.335,Om zon stApsx@wE+z@ Ontwap@nIN In d@ wer@lt_tOt stAnt_t@ brEN@
fv600053,115.335,120.263,wE+ Eb@ vor@G@ ker dar Als bElGij@ Als navolItstat teG@G@stEmt
fv600053,120.263,123.319,Ik fInd_dAt_tAt In d@ hY+d@G@ kOnstElasi Onanvardbar Is
fv600053,123.319,127.585,En dAt Ons lAnt dar nit Alem_mut for stEm@ mar Ext [] vortrEk@rsrOl mut In spel@
fv600121,0.000,6.045,d@ vlams@ sOSAlIst@ En d@ Grun@ zEG@ dAt_t@ politik b@slIst ov@r @n evEntywel@ OpfOlG@r vor d@ EfsEstin
fv600121,6.045,7.910,z@ rejAGer@ darme-j-Op @n krAnt@b@rIxt
fv600121,8.240,13.510,Als_sA+ Ons leG@r mEt @t Amerikans@ ministeri vAn defEnsi Ond@rhAnd@l@ ov@r d@ dZOjnt strajk fajt@r
fv600121,41.090,42.350,pAtrik jAns@ns
fv600121,42.350,43.780,d@ Espe wE+st @rOp
fv600121,43.780,49.880,dAt og d@ frAnstal@G@ zYs[]pArtE+ peEz d@ aNkop vAn @n_niw G@vExtsflixtY+x nit lAN@r @n prijOritE+t fInt
fv600121,49.880,51.530,vOlG@z EspevorzIt@r jAns@s
fv600121,51.530,56.140,hEb@ z@n G@sprEk@ darov@r mEt s@n pejEskOleGA di rupo rezYltat Opx@lev@rt
fv600121,13.510,18.010,@t leG@r mAx blE+v@ drom@ vAn [] niw G@vExsflixtY+x fInd@ bE+d@ pArtE+@
fv600121,18.010,20.540,mar d@ r@GerIN hAkt Y+tE+nd@l@g d@ knob dor
fv600121,20.540,22.756,zExt EspevorzIt@r pAtrik jAns@ns
fv600121,56.140,59.440,minIst@r vAn defEnsi flAo lat IntYs@ wet@ dAt i
fv600121,59.440,63.230,Gen wet heft fAn Ond@rhAnd@lIN@ tYs@ Ons leG@r En @t pEntAGOn
fv600121,63.230,66.580,ok flAo b@klEmtont dAd_d@ reGerIN En @t pArl@mEnt
fv600121,66.580,69.855,@t latst@ wort hEb@ ov@r @n OpfOlG@r vor d@ EfsEstin
fv600121,22.756,29.500,jA @t stat_t@ leG@rtOp frE+ Om t@ Gan prat@ mEt wi z@ wIl@n zolAN z@ zIx mar_rejAlizer@n dAt_t@ Y+tE+nd@l@k@ b@slIsIN@n ov@r dErG@l@k@ dOsirs
fv600121,29.500,33.780,Op_pOlitik nivo wOrd@ G@nom@n dA b@tek@nt_tor d@ r@GerIN EN G@kOntrOlert_tor @t pArl@mEnt
fv600121,33.780,35.985,Ons_stAntpYnt Iz darOp ni f@rAnd@rt wE+ vInd@n d@
fv600121,35.985,41.090,v@rvANIN vAn d@ EfsEstins dor di dZOjnt strajk fajt@r Apsolyt xen prijOritE+t for @t @ bElGis@ leG@r
fv600124,0.000,4.660,h@t soSal@ 2ropA Iz @n Y+tstek@nt mId@l Om d@ srE+t an t@ bInd@ mEt Y+t@rs rExs
fv600124,4.660,8.180,dA zExt mInIst@r vAn wErkx@leG@nE+t EN G@lE+k@ kAns@b@lE+t ONk@lINs
fv600124,65.290,66.230,[]
fv600124,8.180,11.885,ONk@lINs heft sam@ mEt minIst@r vAn soSal@ zak@ vAnd@mbruk@ har
fv600124,11.885,13.450,frAns@ kOleGA obri
fv600124,13.450,16.260,En d@ itAljans@ minIst@r sAlvi OntfAN@
fv600124,16.260,19.060,d@ vir hEb@ @n G@zam@nl@g dOkymEnt forG@stElt
fv600124,19.060,22.520,vor vOled@G@ wErkx@leG@nhE+t In @n sosjal 2ropA
fv600124,22.520,25.540,frANkrE+k sxart sIG dame Axt@r @d bElGis@ stAntpYnt
fv600124,25.540,27.740,En dAt Is niw zExt minIst@r vAnd@mbruk@
fv600124,55.740,58.320,zExt minIst@r vAn soSal@ zak@ vAnd@mbruk@
fv600124,58.320,63.150,mEt @n stAntpYnt wIl@ di minIst@rz d@ 2ropes@ tOp for wErkx@leG@nhE+t fob@rE+d@
fv600124,63.150,65.290,E+nt fOlG@nd@ mant In lIsAbOn
fv600124,66.230,69.960,ov@mOrG@ krE+xt pr@mje v@hOfstAt s@n brIts@ kOleGA blE:r Ob_b@zuk
fv600124,69.960,73.091,En ok sE+ zYl@ sam@ @n tEkst for lIsAbOn vorstEl@
fv600124,28.170,29.600,wAner wE+ @t hEb@n ov@r
fv600124,29.600,37.290,d@ notsak Om Op 2ropes flAk Afsprak@ t@ mak@ mEd b@trEkIN tOt @d b@strE+d@ vAn Armud@ @t forkom@ vAn sOSal@ Y+tslY+tiN
fv600124,37.290,39.870,d@ v@rbet@rIN vAn d@ sOSal@ b@sxErmiN
fv600124,39.870,43.600,dAt j@ dar dulstElIN@ mut for vAstlEG@n Op @t 2ropes@ vlAk
fv600124,43.600,45.580,dAt j@ ErvarIN@ mut Y+twIs@l@
fv600124,45.580,48.330,dAt j Ob dAt flAk ok koordinasi nod@x Ept
fv600124,48.330,49.530,wEl Ig dENg dAt @
fv600124,49.530,53.151,Onz@ frAns@ kOleGA dAt ir hel Y+trYk@l@k x@st2nt heft dAd Is niw
fv600124,53.151,55.740,En dAz @t rezyltat fAn d@ v@rGad@rIN di w@ vAndaG Eb@ G@hAt
fv600165,0.000,1.910,d@ brIts Endruw dZOns heft_t@
fv600165,1.910,3.645,wer@ldbek@r trijAtlOn G@wOn@n
fv600165,3.645,9.313,dZOns wErt twed@ In d@ AfslY+t@nd@ trijAtlOn kwArtrijAtlOn Iz @t E+G@l@k fAn ostnosA d@ zeG@ dar
fv600165,9.313,11.120,wAs for @n_niwzelAnd@r Sejn rit
fv600165,11.120,14.083,di wOn dYs In @n tE+t fAn en yr drij@vert@x m@nyt@
fv600165,14.083,15.939,En Axt@ndErt@x s@kOnd@
fv600165,15.939,18.445,dZOns fOlGd@ Op its mInd@r dAn @n m@ny[]
fv600165,27.844,33.023,bE+ d@ vrA+@ wOn d@ brIts@ miSEl dIl@n En og dAt Iz @n EksA+stralis@ z@ hald@ h@t vor @n
fv600165,33.023,34.680,Ext@ A+stralis@ Em@ karni
fv600165,34.680,36.440,wer@ltkAmpijun@ lOrEt@ hEr@p
fv600165,36.440,39.083,di nid_delnAm an dez@ trijAtlOn di wAz Al zek@r vAn d@
fv600165,39.083,40.619,E+ntov@rwInIN In d@ wer@ldbek@r
fv600165,18.445,21.665,d@ bE+d@ trijAtlet@ zE+n vAn A+stralis@ Or@Zin@ mar
fv600165,21.665,25.052,v@rAnd@rd@ vAn_nASOnAlitE+t nadAt s@ zIx nit kOnd@ kwAlifiser@
fv600165,25.052,27.875,vor d@ OlImpis@ spel@ vAn vOlG@nt jar In sIdni
fv600268,0.000,2.040,h@t niws mEt hAns xis@l@ EN kun wA+t@rs
fv600268,21.310,26.805,teG@n @t erst@ Akort fAn dri wek@ G@led@ hAd@ d@ bejobej@rs nOx mAsal G@prOtEstert
fv600268,26.805,32.701,z@ vrezd@ dAt s@ In d@ niw@ strYktyr Al@mal Ond@r Yn kOleGAs fAn d@ G@rExt@l@k@ pOlisi zA+d@ b@lAnd@n
fv600268,32.701,35.891,mar dor @t Akort fAn GIst@r@ Iz dAt nit lAN@r @t x@vAl
fv600268,35.891,41.441,d@ niw@ ov@renkOmst Is xutx@k2rt_tor d@ mest@ vAgbOnd@ b@hAlv@ dor @t lib@ral@ veEsowA
fv600268,57.154,62.590,d AGEnt@ G@brY+kt@ tranGAs Om d@ med@stAnd@rs fAn d@ kybans@ Y+twE+k@lIN@ vAn zIx Af t@ hA+d@
fv600268,62.590,65.060,di b@wakt@ @t hY+s mar wErd@ v@rAst
fv600268,65.060,67.860,d Amerikans@ mInIst@r vAn jystisi dZEn@t rino
fv600268,67.860,72.250,zExt_tAt @r Gen And@r@ moG@l@khet mer ov@rblef tAn @t x@brY+k fAn G@wElt
fv600268,72.250,74.290,prezidEnt klInt@n st2nt_t@ b@slIsIN
fv600268,89.797,93.095,elijAn ov@rlevd@ d@ bE+na vE+f mand@ G@led@ @n sxIbr2k
fv600268,93.095,96.277,tun i mEt s@n mud@r nar d@ v@ren@Gd@ stat@ prOberd@ t@ vlYxt@n
fv600268,96.277,97.987,z@n mud@r kwAm darbE+ Om
fv600268,97.987,101.447,d@ Y+tx@wek@ fAmili vAn elijAn wIl Em In majEmi hA+d@
fv600268,101.447,105.397,d Amerikans@ r@GerIN vInt_tAt i bE+ z@n vad@r tY+short In kybA
fv600268,123.478,127.917,mEgdOn@lts heft fAndax In paGinAGrot@ Adv@rtEnsiz In frAns@ krAnt@ G@vraxt
fv600268,127.917,130.007,Om @n E+nd@ t@ mak@ an @t x@wElt
fv600268,130.007,135.657,w@ zE+n @n b@drE+f war dotx@won@ mEns@ wErk@ En et@ zExt_t@ hAmbYrG@rket@ En Gen simbol
fv600268,135.657,142.137,mEgdOn@lts Iz Al vak@r @d_dulwIt x@west fAn anslaG@ mar @t wAs wunzdAx d@ erst@ ker dAt @r @n dod@l@k slAxtOf@r vil
fv600268,159.227,163.787,mar d@ sp2rd@rs hEb@ ny Ob d@ plats fAn d@ OntplOfIN rEst@ G@vOnd@ vAn @n rAkEt
fv600268,163.787,169.007,@m_militE:r@ wortfurd@r heft ny tuG@Gev@ dAt @r Op @m bazIs hOnd@rt kilomet@r vAn d@ flEt
fv600268,169.007,173.573,uf@nIN@ mEt rAkEt@ zE+n G@hA+d@ En dAt @r moG@l@k its Is fA+t x@lop@
fv600268,2.023,6.210,h@t fed@ral kOmite vAn d@ beobe Is vorzIxt@x Opt@mIstIs
fv600268,6.210,11.320,ov@r @t Akort_tAt_t@ pOlisibOnd@ GIst@r@ hEb@ b@rE+kt mEt_t@ mInIst@r vAn bIn@lAns@ zak@
fv600268,11.320,17.520,h@t kOmite Iz blE+ OmdAt bejobej@rs di ny-j-Al kOmIsarIs_sE+n dAt ok In d@ tukOmst kYn@ blE+v@
fv600268,17.520,21.420,mar teG@lE+k fraG@ d@ bejobej@rs nOx Ekstra GArAnsis Op_pApir
fv600268,41.441,45.231,d@ kybans@ jON@ elijAn gOnzalEs Is Opniw bE+ z@n vad@r
fv600268,45.231,50.280,@n vlixtY+x heft hEm vAn majEmi nar @n lYxtmAGdbazIs In d@ byrt fAn wOSINt@n G@brAxt
fv600268,50.280,54.180,G@wap@nd@ AGEnt@ war@ vAmOrG@ vor daG@rat bIn@G@vAl@
fv600268,54.180,57.210,In @t hY+s war elijAn Al mand@ bE+ fAmili v@rblef
fv600268,74.367,79.087,poGIN@n Om d@ zak fijA Ond@rhAnd@lIN@ Op t@ lOs@ war@ GIst@ravOnt Op nits Y+tx@lop@
fv600268,79.087,85.570,rino wIl dAt elijAn gOnzAlEs In d@ v@ren@Gd@ stat@ blE+ft tOt_t@ rExtsak ov@r @t hud@rExt Is Y+tx@klart
fv600268,85.570,89.797,vOlG@s rino Is d@ jON@n_ny-j-an rYst_tu En mut i bE+ z@n vad@r zE+n
fv600268,105.556,113.197,In br@tAJ@ Iz d@ zev@n@ntwInt@xjar@G@ vrA+ b@Grav@ di wunzdAx Is OmG@kom@ bE+ @n bOmanslAx Op @n mEgdOn@lts rEstorAnt
fv600268,113.197,118.137,d@ anslAx Is nit Opx@E+st mar Is warsxE+nl@k @t wErk vAn br@tunse sep@rAtIst@
fv600268,118.137,123.467,zE+ zin m@gdOn@lts Alz @n simbol vAn d@ Amerikans@ kYltyr di stIlan d@ frAns@ v@rdrINt
fv600268,142.137,151.647,In ukrAjin@ zE+n In d@ byrt vAn kijEv dri mEns@ OmG@kom@ tun @n militE:r@ rAkEt pEr OnG@lYk Op @n Aparts[] [] ApArt@m@ntsx@bA+ t@rExtkwAm
fv600268,151.647,153.577,@r zE+n ok fE+f x@wOnd@
fv600268,153.577,156.157,d Eksplozi In @t x@bA+ det sIx erGIst@r@ vor
fv600268,156.157,159.227,d@ pOlisi dAxt erst an @n Afrek@nIN dor d@ mAfijA
fv600420,0.000,4.500,In ArnEm In_ned@rlAnt heft italij@ mEt en twe G@wOn@ vAn tyrkE+@
fv600420,4.500,7.740,italij@ Is ny sam@ mEd bElGij@ lE+d@r IN Grub_be
fv600420,7.740,9.450,@n v@rslAx fAn lyk fAn lAN@hov@
fv600420,55.812,57.302,lyk fAn lAN@hov@
fv600420,57.302,62.155,In Arn@m Iz @t snElrExt Al tuG@pAst Op fE+f ArEstAnt@ di vor d@ wEtstrE+t war@ Opx@pAkt
fv600420,62.155,64.492,d@ pArkEtmAGistrat xAv d@ vE+v @m but@
fv600420,64.492,69.764,nOG In Arn@m [] d@ polisi Al@ vlAG@ En simbol@ v@rwE+d@rt fAn d@ EkstremrExs@ tYrks@ GrE+z@ wOlv@
fv600420,9.950,13.522,@n v@rdind@ ov@rwInIN vor italij@ Ob_bazIs fAn @t antAl kAns@
fv600420,13.522,15.749,twe ker trOf@ d@ itAljan@n h@d_dulhA+t
fv600420,15.749,19.122,twe bAl@ wErd@ vAn d@ lE+N G@halt En eN gol wErt Afx@k2rt
fv600420,19.122,23.352,mar tOx dyrd@ h@t_tOt kOrt na d@ rYst for kOnte d@ skor@ kOn op@n@
fv600420,23.352,26.970,@n Onzek@r@ itAljans@ defEnsi lit f@rvOlG@z d@ klE+nst@ mAn Op @t fElt
fv600420,26.970,29.062,okAn mEt @t hoft x@lE+kmak@
fv600420,29.062,33.512,mar twe en wErt @d_dor inzaGi Op @n wEl zer lIxt tuG@kEnd@ strAfsxOp
fv600420,33.512,37.180,d@ tYrk@ kOnd@n OndANgz d@ st2n vAm_mer dAn tindY+z@nt lAntx@not@n
fv600420,37.180,38.682,Gen vY+st mer mak@
fv600420,38.682,40.316,d@ G@vrezd@ spIts sykyr
fv600420,40.316,41.372,lit wE+n@x sin
fv600420,41.372,45.380,InteG@ndel inzaGi En d@ ING@kom@n dEl pjE:ro hAd@n @r dri Of sElfs
fv600420,45.380,46.802,vir en vAN kYn@ mak@
fv600420,46.802,50.982,italij@ Em bElGij@ del@n_ny d@ lE+dIN In d@ Grup mEt Elk dri pYnt@
fv600420,50.982,53.012,zwed@n En tYrkE+@ hEb@n_nYl pYnt@
fv600420,53.012,54.662,wunzdAx spel@ d@ rod@ dY+v@ls
fv600420,54.662,55.812,teG@n italij@
fv600425,0.000,2.675,In sirij@ Iz d@ zon vAn d@ ov@rled@ prezidEnt AsAt
fv600425,2.675,4.575,aNG@stElt_tOt hoft fAn @t leG@r
fv600425,4.575,6.960,mEten wErt i G@promovert fAn kolonEl tOt
fv600425,6.960,8.240,lY+t@nAntxen@ral
fv600425,18.565,23.785,stets mer politisi b@vEst@G@ hYn anwez@xE+d bE+ d@ b@Graf@nIs fAn d@ siris@ prezidEnt AsAt
fv600425,23.785,27.515,d@ rYsis@ pArl@mEntsforzIt@r v@rteG@word@xt prezidEnt putin
fv600425,42.125,45.180,d@ kOmst fAn d@ pAlEstE+ns@ prezidEnt ArAfAt Iz istoris
fv600425,45.180,48.165,d@ r@lasi tYs@ sirij@ En d@ pAlEstE+n@ wAz b@kult
fv600425,48.165,49.915,sIns ArAfAt In drij@next@x
fv600425,49.915,52.065,@n vred@zAkort mEt IsrAjEl tek@nd@
fv600425,8.235,13.125,d@ vir@ndErt@xjar@G@ bASAr AsAt Iz ok x@nOminert for d@ OpfOlGIN vAn z@n vad@r
fv600425,13.125,14.995,dAt wOrt wElIxt @n fOrmAlitE+t
fv600425,14.995,17.355,zolAN Iz d@ erst@ vis@prezidEnt nOx
fv600425,17.355,18.565,Int@rImprezidEnt
fv600425,27.515,30.755,vAnY+t @t wEst@ kom@ AlvAst_t@ frAns@ prezidEnt SirAk
fv600425,30.755,35.045,En d@ brIts@ En Amerikans@ mInIst@rs fAm bY+t@lAns@ zak@ kuk En O:lbrajt
fv600425,35.045,37.905,prezidEnt klInt@n zElf kAn sirij@ nid b@zuk@
fv600425,37.905,42.125,OmdAt @t Op @n zwArt@ lE+st stat fAn lAnd@ di tErOrIstis@ Aksis_st2n@
fv600425,52.065,53.940,ok irAk stekt_t@ hAnt Y+t
fv600425,53.940,55.475,nar z@n vruG@r@ vE+Ant
fv600425,55.475,59.645,vis@prezidEnt mAruv Iz d@ erst@ hoG@ fYNkSOnarIz di sirij@ b@zukt
fv600425,59.645,62.835,sInz d@ twe lAnd@ hYm b@trEkIN@ v@rbrak@ In tAxt@x
fv600425,62.835,66.235,tuN kos_sirij@ d@ kAnt fAn irAn In d@ GOlforlOx
fv600425,66.235,70.295,prezidEnt AsAt Is xIst@r@namIdAx ov@rled@ hE+ wAs neG@n@nsEst@x
fv600473,0.000,4.670,d@ vlams@ r@GerIN wIl vAnAf mId@ vOlG@nt jar stArt@ mEt @n zOrxf@rzek@rIN
fv600473,4.670,9.340,zwar hYlb@huv@nd@ krE+G@ @n finAnSel@ tulaG@ vor hYn nitmedis@ kOst@
fv600473,9.382,14.560,h@d b@drAx sxOm@lt_tYs@ dridY+z@nt fE+fhOnd@rt En zEzdY+z@nt fE+fhOnd@rt frANk pEr mant
fv600473,14.560,19.060,h@t sistem wOrt x@finAnsirt dor d@ vlams@ ov@rhE+t mar og dor d@ bYrG@r
fv600473,19.060,24.000,di b@talt dErt@x frANk pEr mant fijA @t sik@fOns Ov @m privev@rzek@rINsfOnts
fv600473,24.000,25.576,dZOni vAnsev@nAnt
fv600473,76.436,83.076,dZOni vAnsev@nAnt h@t forstEl ov@r d@ zOrxf@rzek@rIN wOrt strAks wElIxt fOrmel Gutx@k2rt dor d@ vlams@ r@GerIN
fv600473,83.076,87.696,di stOpt ok miljArd@ In @n zoG@numt zOrGfOns Om vAnAf twedY+z@nt En tin
fv600473,87.696,90.239,d@ kOst@ vAn d@ v@rGrE+zIN t@ hElp@ draG@
fv600473,25.576,30.076,d@ vor@G@ vlams@ r@GerIN b@slIst@ Al dAt @r @n zOrxf@rzek@rIN mus kom@
fv600473,30.076,33.316,mar d@ kONkret@ Y+twErkIN @rvAn lit Op sIx wAxt@
fv600473,33.316,35.964,ny zA+ @t sistem wOrd@ GOrGAnizert
fv600473,35.964,39.306,vijA d@ zik@fOnts@ Of privev@rzek@rINskAs@
fv600473,39.306,44.246,di zA+d@ an hYn led@ @m bE+draG@ vraG@ vAn dErt@x frANk p@r mant
fv600473,44.246,49.611,wi Op @m b@palt oG@mblIk swar zOrGb@huv@nt wOrt zA+ dAN GElt krE+G@
fv600473,49.611,52.131,kES Ov In d@ vOrm vAn @n zOrxSEk
fv600473,52.131,56.201,darme kYn@ d@ kOst@ vAn d@ tY+sf@rzOrGIN wOrd@ b@talt
fv600473,56.201,59.991,In @ vOlG@nd@ stAp sA+ @r ok @n finAnSel@ tYs@kOms kom@
fv600473,59.991,62.571,vor d@ hoG@ fAktyr@ In d@ rYsthY+z@
fv600473,62.571,67.841,d@ vlams@ ov@rhE+t sA+ vOlG@nt jar virhOnd@rt m@ljun frAN bE+lEG@ vor @t sistem
fv600473,67.841,71.266,In twedY+z@nd En dri zElfs dri miljArt
fv600473,71.266,76.436,zodAt_tAn rY+m vE+v@sev@t@GdY+z@nt zwar zOrGb@huv@nd@ kYn@ wOrd@ G@hOlp@
fv600490,0.000,4.070,tSajlt fokys @t sEntrYm vor v@rmIst@ Em_mIzbrY+kt@ kInd@r@ vInt @t f@rkert
fv600490,4.070,7.970,Om fotos En p@rsonl@k@ G@Gev@s fAn pedofil@ t@ pybliser@
fv600490,7.970,11.980,@m brIdz bul@varblAt stArt fAndax mEt @N kAmpAJ@ teG@ pedofil@
fv600490,51.298,54.758,izAbEl mArnEf an d@ telefon bE+ kAti Alart
fv600490,54.758,58.278,tSajlt fokYs fInt_tAt pedofil@ lev@slAN b@G@lE+t mut@ wOrd@
fv600490,58.278,60.088,Als_s@ Y+d_d@ G@vAN@nIs kom@
fv600490,60.088,61.788,dAt x@b2rt ny vel t@ wE+n@x
fv600490,71.700,76.650,In d@ byrt fAn_n2SAto Is @t lIxam G@vOnd@ vAn @n mE+S@ dAt In frANkrE+k f@rdwen@ wAs
fv600490,76.650,79.720,vlAgbE+ @t mE+S@ zE+n ok_kledE+ En pArfY~ G@vOnd@
fv600490,11.980,16.150,tSajlt fokys fInt_tAt slAxtOf@rs rExt hEb@ Om t@ wet@ war d@ dad@rs won@
fv600490,16.150,19.060,mar di G@Gev@z b@sxIgbar stEl@ vor @m bret pyblik
fv600490,19.060,22.863,Iz @n slExt@ zak zExt izAbEl mArnEf vAn tSajlt fokys
fv600490,61.783,67.163,ov@r@G@s fInd_d@ OrGAnizasi dAt @r not Iz an @n G@strYktyrerd@ G@Gev@zbANk ov@r pedofil@
fv600490,67.163,70.073,ENk@l jystisi mud_di InfOrmasi kYn@ INkE+k@
fv600490,70.073,71.723,En_nid_d@ hel@ b@vOlkIN
fv600490,79.720,82.130,@t pArkEt En d@ rE+kswAxt sE+n t@r plats@
fv600490,82.130,85.210,Ond@rzuksrExt@r kOnErOt Is b@lAst mEt @t Ond@rzuk
fv600490,85.210,87.300,mer detAjs Ondbrek@n_nOx
fv600490,22.587,24.449,Ig dEn_ni dAt_tAt @N Gud@ zak Is
fv600490,24.449,28.620,Ig dENg dAd @d b@lAN@rE+k Is fAn d@ slAxtOf@rs fAn pedofili En Yn fAmili
fv600490,28.620,32.090,Ob d@ hoxt@ t@ hA+d@ vAn war
fv600490,32.090,35.660,d@ pedofil@ zIG Axt@rAf xan @ hY+sfEst@
fv600490,35.660,40.280,mar Ig dENg dAd @t sek@r GeN Gut ide Is fAn dar id@ren vAn Ob d@ hoxt@ t@ hA+d@
fv600490,40.280,44.966,j@ kOmt_tAn ENk@l tOt @n @ klimat fAm psixoz@ j@ krejert @n hEks@jAxt
fv600490,49.440,51.310,ja wE+ vInd@ dAt s@ dar rExt Op Eb@
fv600490,44.560,47.800,dYz y vInt_tAd @t Alen d@ slAxtOf@rs_sE+n di moG@ wet@ war
fv600490,47.800,49.725,v@rordeld@ pedofil@ t@rExtkom@
fv600502,0.000,5.347,In ostEnd@ kOmt @r @n_niw@ wAnd@ldE+g di zAl virhOnd@rt met@r In ze rE+k@ dAd Is ynik In Ons lAnt
fv600502,5.347,7.808,d@ dE+k sAl v@rtrEk@ an @t kAzino kYrsal
fv600502,13.278,17.711,d@ niw@ kOnstrYksi mud og d@ broz@ zedE+k an @t kAzino b@sxErm@ teG@ d@ GOlv@
fv600502,17.711,21.940,zo kA wOrd@ vorkom@ dAd d@ laG@r G@leG@ bIn@stAt Ond@r wat@r kOmt_t@ stan
fv600502,21.940,23.661,na @n evEntywel@ dE+gbr2k
fv600502,7.808,11.230,hE+ pAst In d@ G@plEnd@ niw@ hav@ntuGAN vor ostEnd@
fv600502,11.230,13.376,di mut xrot@r@ sxep@ kYn@ OntfAN@
fv600502,23.661,27.173,d@ AntwErps@ ArxitEkt bOp fAn ret sAl @d bA+wErk OntwErp@
fv600502,27.173,30.970,d@ anlEx fAn d@ niw@ wAnd@ldE+g b@GInt fAnAv d@ twed@ hElft fAn vOlG@nt jar
fv600544,0.000,3.300,Ob d@ OlImpis@ spel@ heft Ons lAnt @n vE+vd@ medAj@ b@halt
fv600544,3.300,5.229,dominik fAn ros En Els kAl@s
fv600544,5.229,8.220,v@rsluG@ In @d_dYb@lspEl @n dywo Y+t wItrYslAnt
fv600544,8.220,9.880,In d@ wEtstrE+t Om @d brOns
fv600544,10.207,12.750,d@ bElG@ v@rlor@ d@ erst@ sEt mEt zEs fir
fv600544,12.750,15.540,mar wOn@ dAn mEt zEs fir En zEs en
fv600544,15.793,17.680,brOnz@ medAj@ Els kAl@ns
fv600544,53.330,57.230,Ob d@ Atletikpist@ wOn d@ dY+ts@r nilS_SumAn v@rAs@nt_t@ AxthOnd@rt met@r
fv600544,57.758,60.910,d@ Amerikan tel@r wAz d@ bEst@ Ob d@ virhOnd@rt met@r hOrd@
fv600544,60.910,62.940,bE+ d@ vrA+@ wOn irinA
fv600544,62.940,63.823,privAlovA
fv600544,63.823,66.290,d@ vormal@G@ 2ropes@ kAmpijun@
fv600544,66.290,67.429,Ob d@ hOnd@rt met@r
fv600544,18.120,20.950,a [] [] [] Is for@x jar In sEptEmb@r @ b@GOn@
fv600544,20.950,23.120,tun Is dOm@nik am_mE+ kom@ vraG@
fv600544,23.120,25.260,@ vor t@ dYb@l@ t el jar lAN
fv600544,25.260,26.790,mEt tyrl@g d@
fv600544,26.790,29.380,d@ b@lAN@rE+k@ OlImpis@ spel@
fv600544,29.380,34.710,En ny Eb@ w@ Y+tE+nd@l@k @m_medAj@ dYz dAd Is for Onz Al@bE+ d@ mojst@ dAx fAn Ons lev@
fv600544,34.710,35.810,k sA+ wEl el Grax
fv600544,35.810,41.203,s @n hAlv@ final@ vAn d@ juwEz Op@ vor wIl@ Opxev@ mEt wAt w@ ny-j-Eb@ G@halt
fv600544,41.850,43.110,Els kAl@s
fv600544,43.110,48.820,In @t fOlibAl Iz OlImpis kAmpijun_ned@rlAnt Y+tx@sxak@lt na dri twe v@rlis teG@ juGoslavij@
fv600544,48.820,51.280,ok ArGEntinij@ italij@ En rYslAnt
fv600544,51.280,53.330,zE+N G@platst vor d@ hAlv@ final@
fv600544,67.670,72.720,In @t wOrst@l@ Is_syp@rzwarG@wIxt AlEgzAnd@r kAr@lIn vor @t erst In dErtin jar v@slaG@
fv600544,73.210,75.839,d@ rYs wIld@ vor d@ vird@ ker OlImpis xA+t hal@
fv600544,75.839,78.490,mar In z@n AfsxE+tsx@vExt for d@ tit@l
fv600544,78.490,80.670,v@rlor i Onv@rwAxt fAn @n Amerikan
fv600829,0.000,4.355,d@ op@mbar@ v@rvursmatsxApE+ d@ lE+n Geft_tu dAt_t@ stakIN AlG@men Is
fv600829,4.355,7.800,Alen Ob d@ v@rpAxt@ lE+n@ zA+d@ @r hir En dar bYs@ rE+d@
fv600829,7.800,9.720,mar dAt sE+n Grot@ Y+tsOnd@rIN@
fv600829,10.110,13.070,vor d@ rEst lIxt @d bYs En trAmv@rker In hel vland@r@ lAm
fv600829,13.460,15.815,danast sE+n og d@ kAntor@ vAn d@ lE+n dIxt ok @n
fv600829,15.815,17.140,del vAn d@ b@dind@ stakt
fv600829,17.580,21.980,rOnt_tez@ tE+t stArt an @t sY+tstASOn Im brYs@l d@ b@toGIN vAn @t pErsOnel vAn d@ lE+n
fv600829,22.530,27.740,mEd bYs@ Y+t @t hel@ lAnt sE+n ENk@l@ hOnd@rd@ Sof2rs Em b@dind@ vAn d@ lE+n_nar d@ hoftstAt x@kom@
fv600829,27.740,29.890,og d@ Sof2rs fAn d@ v@rpAxt@ lE+n@
fv600829,29.890,30.610,dun me
fv600829,30.610,32.309,lykAs fAN klost@r Is t@r plats@
fv600829,32.571,36.751,nOx rAp ev@ plAs@ teG@n d@ wil@ vAn hYm bYs En dar zE+n d@ Sof2rs klar Om Op t@ stAp@
fv600829,36.751,38.990,@t sE+n dAn ok vorAl mAn@ Ob d@ b@toGIN
fv600829,38.990,39.991,ok ENk@l@ kInd@r@
fv600829,40.480,43.780,vOlG@z d@ vAgbOnd@ stak@ og d@ mer OnzIGdbar@ dinst@ bE+ d@ lE+n
fv600829,43.780,45.311,d@ tExnisi b@dind@n
fv600829,45.311,46.851,wAnt ok sE+ hEb@ lonE+s@
fv600829,46.851,49.130,mEd @N kArAvan bYs@n Ond@r mer d@ Erx
fv600829,49.130,50.811,lAN G@led@ vurtY+G@n
fv600829,50.811,52.650,makt_t@ b@toGIN nAtyrl@k fel IndrYk
fv600829,52.650,55.530,vor d@ rEst El@mEnt@n di j@ tE+d@s Al@ b@toGIN@ OpmErkt
fv600829,55.530,58.000,d@ dri kl2r@ vAn d@ Grot@ vAkOrGAnizasis
fv600829,58.000,60.863,vutsuk@rs b@voradIN mEd brotj@s Em pIlS@s
fv600829,60.863,62.893,En spAnduk@ mEt fOrs@ E+s@n
fv600829,62.893,65.423,vertin pr@sEnt lonsf@roGIN ov@r twe jar
fv600829,65.913,68.333,mar hel wAd b@toG@rs_sE+m b@rE+t_tOd @N kOmpromi
fv600829,68.333,72.233,z@ wE+z@ @r wEl Ob dAd @n lon vAn fert@x tOt fE+ft@GdY+z@nt frANk nEto
fv600829,72.233,75.143,t@ wE+n@x Is Om d@ notsak@l@k@ niw@ mEns@ an t@ trEk@
fv600829,75.633,76.800,d@ lE+n bit twe ker
fv600829,76.800,78.433,twe prosEnt lonsf@roGIN
fv600829,78.433,81.353,strAks hat @n deleGasi nar vlams mInIst@r stevart
fv600829,81.353,83.653,AlIxt bE+t@ z@ dar d@ per In twe
fv600829,83.653,86.220,IntYs@ rE+d@ d@ trAms fAn d@ Emivebe hir
fv600829,86.220,87.553,wEl vorbE+ Im brYs@l
fv600829,87.553,90.225,lykAs fAN klost@r radijoniws zY+tstASOn
fv600894,0.000,3.840,riSArt xrun@ndal Iz d@ E+ntwInar vAn d@ wer@ldbek@r vEltrE+d@n
fv600894,3.840,8.950,d@ ned@rlAns@ wer@ltkAmpijun wAz og d@ bEst@ In d@ AfslY+t@nd@ wEtstrE+t In @t frAns@ pO~SAto
fv600894,8.950,11.420,vor d@ itAljan pOntoni En d@ tSEx []lAsk
fv600894,11.420,14.990,erst@ bElx wAs nASOnal kAmpijun marijo d@ klErk hE+ wErt fird@
fv600894,14.990,16.310,krIstOf_fAnd@Gor
fv600894,83.780,84.618,krIstOf_fAnd@Gor
fv600894,16.035,21.750,d@ wEtsrE+t wErt mEten Ontsirt_tun sfEn_nE+z Em bArt wEl@s d@ erst@ GlIb@r@G@ bOxt mIst@ En vil@
fv600894,21.750,25.930,z@ must@ h@t hel@ p@l@tOn lat@ vorGan En war@ v@rordelt_tOd @n lAN@ Axt@rvOlGIN
fv600894,25.930,28.450,wEl@s E+nd@Gd@ Y+tE+nd@l@k nOG Als neG@nd@
fv600894,28.450,30.880,nE+s ret nOG @s lEk En wErt Axtind@
fv600894,30.880,38.050,voran platst@ wer@ltkAmpijun riSArt xrun@ndal hAlfwEx kurs @m b@slIs@nd@ demAraZ@ En fitst@ wEx fAn z@n latst@ kONkyrEnt@
fv600894,38.050,41.040,d@ tSEx []sk En d@ itAljan dAnjele pOntoni
fv600894,41.040,43.950,d@ And@r@ bElG@ d@ klErk vAn_nOp@ En vAn sAntflit
fv600894,43.950,46.530,kOnd@ tun Alen_nOx for er@plats@ rE+d@
fv600894,46.530,51.870,Grun@ndal wOn Y+tE+nd@l@k mEt fE+v@ntwInt@x s@kOnd@ vorsprON Op_pOntoni En fert@x Op []sk
fv600894,51.870,54.450,bElGis kAmpijun marijo d@ klErk E+nd@Gd@ Als fird@
fv600894,54.450,56.320,tOm vAn_nOp@ knAp Als fE+vd@
fv600894,56.320,59.940,wer@ltkAmpijun Grun@ndal Iz ok wInar vAn d@ wer@ldbek@r AlG@men
fv600894,59.940,62.850,nadAt i erd@r Al d@ bEst@ wAs In d@ syp@rprEstiZ@
fv600894,62.850,67.300,Em bArt wEl@s wOrt In z@n erst@ jar Als prOf mEten twed@ In di wer@ldbek@r
fv600894,67.300,70.870,ny Is @t Alen_nOx wAxt@ Ob @t weka ov@r twe wek@ In tSExij@
fv600894,70.870,75.930,dAt sIx spAn@nd@r dAn ojt aNkOnd@xt mEt favorit@ Als xrun@ndal [] pOntoni
fv600894,75.930,78.560,En d@ bElG@n_nE+s d@ klErk wEl@s En v@rvEk@
fv600894,78.560,81.067,zE+ zat@ GIst@rav@nt Al ev@ rOnt_t@ taf@l
fv600894,81.067,83.730,Om dY+d@l@k@ Afsprak@ t@ mak@n vor dAt weka
fv600899,0.000,4.390,bElGij@ En italij@ hEb@n Al@bE+ hYn erst@ wEtstrE+t fAn @t turnoj G@wOn@n
fv600899,4.390,5.820,Al@bE+ kYn@ z@
fv600899,5.820,6.920,Als_s@ wIn@n
fv600899,6.920,10.103,bE+na zek@r zE+n vAn @m plats In d@ kwArtfinal@s
fv600899,10.749,12.840,@r stad_dYs hel wAt Op @t spEl vAnav@nt
fv600899,12.840,16.590,mar d@ sfer tYs@m bElGis@ En itAljans@ sypOrt@rs Is xut
fv600899,17.240,18.860,d@ hel@ mIdAx Al Gat @t @r
fv600899,18.860,20.080,In @t sEntrYm vAm brYs@l
fv600899,20.080,21.250,G@mud@l@k an tu
fv600899,22.020,24.704,juGoslavis@ sypOrt@rs pozer@ vor mAn@k@ pIs In
fv600899,24.704,26.300,2ro twedY+z@ndA+tfIt
fv600899,26.300,27.050,En dIt
fv600899,27.050,28.660,In d@ Grotst@ Onv@rsxIl@xhE+t
fv600899,29.760,31.775,d@ slovens@ ErfE+And@ darEnteG@
fv600899,31.775,34.590,krE+G@ Y+dbYnd@G AplA+s fAn d@ bElGis@ sypOrt@rs
fv600899,38.490,43.220,mEt_t@ Y+tsOnd@rIN vAn wAt_trANhEk@s Is @r vAm_mAsal@ pOlisijanwez@xE+t xen sprak@
fv600899,44.040,46.790,d@ brYs@ls@ polisi hevd blE+gbar z@n lES@ G@lert
fv600899,46.790,48.870,E wIl dItmal @t SypOrt@rsfest
fv600899,48.870,49.750,nit f@stor@
fv600899,50.410,52.326,rYst@x tukE+k@ mer nit
fv600899,34.590,38.490,[]
fv600903,0.000,2.475,italij@ dAt s@n erst@ wEtstrE+t
fv600903,2.475,5.730,vAn tYrkE+@ wOn mEt_twe en stArt teG@m bElGij@
fv600903,5.730,6.940,mer dAn warsxE+nl@k
fv600903,6.940,9.390,zOnd@r syp@rstEr AlEsAndro dEl pjE:ro
fv600903,10.220,12.190,vo d@ Ext@ kEn@rs Iz dEl pjE:ro @n
fv600903,12.190,13.840,hoGb@Gavd@ spel@r
fv600903,13.840,15.813,mar bOntskotS dino zOf
fv600903,15.813,18.620,GYnt @m Gen plats In @d bazIzElftAl
fv600903,19.390,21.605,@ G@sprEk mEt @n v@rveld@ kotS En @n
fv600903,21.605,23.570,vrind@l@k@ v@dEt@ GIst@rav@nt
fv600903,23.570,24.330,na d@ trE:nIN
fv600903,46.751,48.500,tOt sovEr d@ anlop tOt
fv600903,48.500,51.415,bElGij@ italij@ strAks kwArt for neG@n
fv600903,25.100,27.630,italij@ Is f@rdelt In twe kAmp@
fv600903,27.630,31.580,zon sEst@x miljun Inwon@rz di AlEsAndro dEl pjE:ro In d@ bazis wIl@
fv600903,31.580,34.220,teG@nov@r entj@ di dAt forlop@x nit Ext
fv600903,34.220,35.040,zit sIt@
fv600903,35.040,37.270,jAm@r G@nux for dEl pjE:ro Gat @t wEl Om
fv600903,37.270,38.880,bOntskotS dino dzOf
fv600903,38.880,40.520,dzOf Iz bAN vAm bElGij@ dYs
fv600903,40.520,42.560,twe fAntAzirE+k@ vudbAl@rs_sam@
fv600903,42.560,43.660,kYn@ nit
fv600903,43.660,44.650,Gut for bElGij@
fv600903,44.650,46.290,slExt for d@ vudbAlifhEb@r
fv600916,0.000,4.734,mer hirov@r strAks In Ons OlImpiS_Surnal erst @t AlG@men@ niws
fv600916,4.734,8.181,bur@ hEb@ vAndaG In hel vland@r@ Aksi G@vurt
fv600916,8.181,12.962,mestAl v@rlib dAt frind@l@k En lydik mEt @t Y+tel@ vAn Ap@ls b@vorbelt
fv600916,12.962,16.369,mar Op fel plas@ war@n @r og blOkad@s Ob d@ weG@
fv600916,16.369,22.530,h@t wAz d@ b@dulIN fAn d@ bur@bOnt di d@ AksidAx OrGAnizerd@ Om @t f@rker nit_t@ hInd@r@ tE+d@z d@ spItsyr@
fv600916,22.530,26.392,mar mEt nam@ IN GEnt Iz @t In d@ prAktE+k And@rs x@lop@
fv600916,90.661,95.170,rOnt dez@ tE+t sE+n d@ prOblem@ In En rOnt xEnt so Gut As forbE+
fv600916,95.170,99.887,hir En dar Is @r nOx wAt hInd@r dor kOlOn@s trAktor@ di trax nar hY+s t@rYxker@
fv600916,99.887,105.513,Ob d@ Ervir d@ rIN rOnt xEnt Is In wOnd@lG@m nOx AltE+t eN krY+spYnt x@blOkert
fv600916,105.513,111.021,di Aksivurd@rs hEb@ dYs GeN G@vOlx_x@Gev@ an d@ rIxtlE+n vAn d@ bur@bOnt Om d@ Aksis stOp t@ zEt@
fv600916,111.021,115.660,Op @t oG@mblIk []dAt d@ G@sprEk@ mEt mInIst@prezidEnt d@wal Im brYs@l b@GOn@
fv600916,26.392,28.862,h@t krY+spYnt_t@ stEr@ IN GEnt
fv600916,28.862,30.782,d@ bur@ mak@n @r kOrt@ mEt@ me
fv600916,30.782,34.360,En_ne @t xat s@ lAN nit Alen Om d@ dyr@ stokoli
fv600916,34.360,38.654,OmdAt_t@ dijOksin@v@rGudIN@ vor @N Grot stYk nOx stets nit sE+n Y+db@talt
fv600916,38.654,43.529,OmdAt @r zovel OndY+d@l@khE+t Iz b@vorbelt ov@r huvel mEst w@ moG@ prodyser@ zEG@ d@ bur@
fv600916,43.529,46.654,En OmdAt w@ wOrd@ v@rzwOlG@ In @m pApirbErx
fv600916,46.654,49.283,E+G@l@k Is @r G@woN Gem b@lE+t sEG@ d@ bur@
fv600916,49.283,52.254,darOm trOk@ z@ nar @t hY+s fAn vlams mInIst@r vA lAndbA+ dywA
fv600916,52.254,53.951,mar di wAz an @t wErk Im brYs@l
fv600916,53.951,56.983,d@ Aksi wErt_tAm_mar Op @n And@r@ mAnir vErd@r G@zEt
fv600916,56.983,62.541,En di hOnd@rd@n mEt OpsEt lANzam rE+d@nd@ trAktor@ zOrGd@ vor flINk@ fil@z Ob d@ GEnts@ stAtsrIN
fv600916,62.541,67.734,And@rz dAm b@lovd blev @N klE+n@ hArd@ kErn ok fErd@r @t f@rker hInd@r@ tE+d@z d@ spItsyr@
fv600916,67.734,71.233,pAz Om hAlf sev@ hEb@ d@ bur@ d@ rIN vrE+G@makt
fv600916,72.867,77.417,lANzamanAksi-j-Ob d@ klE+n@ rIN rOnt xEnt eft_tOx for flINk wAt f@rkersprOblem@ G@zOrxt
fv600916,77.417,79.679,En d@ Ond@rhY+ts@ botsxAp Iz dY+d@l@k
fv600916,79.679,83.687,[] @n trAktOr kAm_m@n ev@vel sxad@ anrIxt@ Als mEt @n vrAxtwaG@
fv600916,83.687,85.445,@r zE+n dYz Opniw @m par mInIst@rs
fv600916,85.445,87.744,di d@ zak@ vorzIxt@x sYl@ mut@ ampAk@
fv600916,87.744,90.661,tIm pA+@ls for t Surnal IN GEnt
fv600921,0.000,5.302,Er zE+n vAndax dYs hArd@ word@ G@vAl@ an @t AdrEs fAn vlams mInIst@r vA lAndbA+ dywA
fv600921,5.302,8.931,t@rwE+l d@ trAktor@ vAm boz@ bur@ vAmIdAx for ar hY+s trOk@
fv600921,8.931,11.144,zAt s@ bE+ Ons hir In d@ styd@jo
fv600921,11.144,18.712,d@ mInIst@r zE+ dAt s@ Ob dIt mOmEnt ENk@l its kONkrets kAn dun vor d@ tY+nbA+ Ond@r GlAs OmdAt_ti Erx AfANk@l@k Is fAn stokoli
fv600921,18.712,20.596,mar wAt s@ kAn dun Iz b@pErkt
fv600921,46.472,51.962,jA y fed@ral@ kOleGA GabrijEls fInt_tAt y ov@rbrYGINskredit@ mut xev@n an d@ GlAstel@rs Gat y dAt_tun
fv600921,64.291,66.891,G@sprEk@ vAN GIst@rav@nt sE+n Afx@sprON@ kom@n d@r niw@
fv600921,78.664,81.620,dYz y blE+ft prat@ ok Al zEG@ z@ dA s y ni so Grax sin
fv600921,84.315,92.814,In d@ vorav@nt heft mInIst@r dywA nOG @n antAl iniSAtiv@ tuG@lIxt Inzak@ plAt@lAntsOntwIk@lIN z@ trEkt_tarvor rY+m Axt mIljArt Y+t
fv600921,92.814,98.189,zo krE+G@ lAndbA+@rz IN kwEdzbar@ zon@s mEt m b@mEstINsb@pErkIN@ @ v@rGudIN
fv600921,98.189,104.314,@r Iz ok xElt for wi z@n vArk@stap@l v@rmInd@rt for wi ov@rsxak@lt Op bijoloGis@ vArk@shA+d@rE+
fv600921,104.314,108.313,Of_for wi lAndbA+GrOnt b@bOst
fv600921,21.153,26.950,@t xat ov@r @t fE+t_tAt wE+ @ warbOrx wIl@ Gev@ vor @t aNGan vAn lenIN@n dYs ov@brYGINskredit@
fv600921,26.950,29.690,mEt evEntywel ok @n vOrm vAn rEnt@sypsidi
fv600921,29.690,32.177,dAd Is_ser b@pErkt En Ik wet_tAt_tId b@pErkt Is
fv600921,32.177,34.047,mar Ig dENg dAd bIn@n d@ hY+d@G@ kOntEkst
fv600921,34.047,36.984,Alen dIt en@G@ kAns Op slaG@ heft Als nAtyrl@k
fv600921,36.984,38.794,m@n Op 2 Op 2ropes flAk
fv600921,38.794,42.460,AlG@men@ matreGl@n Of Alh@men@ tulatIN@ Geft Om_mer t@ dun
fv600921,42.460,44.991,bEn Ig d@ erst@ Om t@ zEG@n zek@ vor d@ sirtelt
fv600921,44.991,46.820,dAt wE+ EfEktiv its mer kYn@n dun
fv600921,51.962,55.230,@ d@ d@ zak mEt_t@ ov@rbrYhINskred[] dar zE+n w@ jY+st me bez@x
fv600921,55.230,58.542,mar Ik sA+ tOx wIl@ zEG@n aN kOleGA habrijElz dAt Ind@rdat 2ropA
fv600921,58.542,64.291,erst En vorAl tulatIN mut xev@n En hE+ Als fed@ral mInIst@r wet_tAt_tId b@lAN@rE+k Is En Ik hob dAt E+ mE+ dar ok sAl In st2n@n
fv600921,66.891,71.246,ja wE+ Eb@n kOnstAnt ov@rlEx mEt_t@ lAndbA+OGAnizasiz [] Ig dENg dA w@ ny-j-og bIn@kOrt
fv600921,71.246,75.416,rOnt_t@ taf@l Gan zIt@ Om Ext_ti di prAktis@ prOblem@ wAn Y+tE+nl@k xat @t_tIkw@lz Om
fv600921,75.416,76.619,zer klE+n@ pYnt@n
fv600921,76.619,79.868,Om di Y+t_t@ klar@n En Om t@ zuk@n_nar @n OplOsIN
fv600921,79.868,80.619,ja ja zek@r
fv600921,81.105,84.315,@ zek@r trA+@s Op @t_t@rE+n vAlt_tA bEst me
fv600932,0.000,4.390,bE+ d@ And@r@ bElG@ zowEl Gut Als_slExt niws En dAt xElt ok for d@ fAmili sE:v@
fv600932,4.390,10.495,wAnt ZA~miSEl sE:v@ heft sIx wEl kYn@ plats@ vor d@ dErd@ rOnd@ In @t_taf@ltEnIs z@m brur filip nit
fv600932,10.495,12.855,Onz@ zwEm@rz blE+v@ t@l2rstElI[]
fv600932,12.855,15.380,blE+v@ t@l2rstEl@ In teG@stElIN tOt_t@ tEnIs@rs
fv600932,15.380,18.644,zowEl vAn rost Als Ap@lmAns zIt@ bE+ d@ latst@ zEstin
fv600932,19.904,21.760,Onz@ tEnIs@rz dun @d b@horl@k
fv600932,21.760,25.040,dominik fAn rost wint mEt zEs twe En zEz dri vAn d@ rYsis@
fv600932,25.040,28.076,AnAstazijA miSkinA Em_mAx nar d@ Axst@ final@s
fv600932,28.076,33.460,ok sAbin Ap@lmAns lYkt_tarin dor @n zeG@ mEt_twe ker zEs twe teG@ d@ venezolans@ wEnto
fv600932,33.460,36.439,Alen Els kAl@s ov@rleft_t@ twed@ rOnd@ nit
fv600932,36.439,38.732,z@ v@rlist fAn d@ kOlOmbijans@ tsulwagA
fv600932,43.250,44.260,taf@ltEniz dAn
fv600932,44.260,47.550,filip sE:v@ lev@rt f@rdinst@l@k werwErk teG@ liju gowoZIN
fv600932,47.550,49.644,@n Sines @t nym@r twalf_fAn d@ wer@lt
fv600932,49.644,52.944,sE:v@ halt sElfs @n twe nyl Axt@rstAnt In sEts Op
fv600932,52.944,56.279,mar v@rlist_tOG d@ vE+vd@ sEt mEt en@ntwInt@x vE+ftin
fv600932,56.279,58.290,z@m brur ZA~miSEl platst sIx wEl
fv600932,58.290,60.733,hE+ v@rslat_t@ tSEx kOrb@l In dri sEts
fv600932,60.733,65.024,In AtlAntA wErt SA~miSEl sE:v@ nOG Y+tx@sxak@lt_tor di kOrb@l
fv600954,0.000,1.613,zowAt_t@ hElf_fAn d@ vlams@ kInd@r@
fv600954,1.613,5.700,kust@rt vax rAsIstis@ idej@ mar d@ kInd@r@ stan_nit p@r definisi
fv600954,5.700,7.750,neGAtif teG@nov@r vremd@lIN@
fv600954,7.750,10.660,dAd blE+kt Y+t @n Ond@rzuk fAn d@ vrE+@ yn@vErsitE+d brYs@l
fv600954,24.720,26.965,mEd mEns@ Y+t afrikA hEb@ vlams@ kInd@r@
fv600954,26.965,28.620,Ob d@ erst@ plats kOmpAsi
fv600954,28.620,30.655,mar d@ hElft fAn d@ vlams@ kInd@r@ wIl_liv@r
fv600954,30.655,33.010,Gen mArOkan Of tYrk Als frint
fv600954,33.010,35.205,hYn vizi-j-Ob di Grup@ AlOxton@
fv600954,35.205,36.520,Is vrE+ neGAtif
fv600954,10.660,14.450,vlams@ kInd@r@ b@sxA+@ bElG@n As Gut G@lYk@x slIm En moj
fv600954,14.450,17.105,z@ zin imiGrAnt@n Y+t And@r@ 2ropes@ lAnd@ En
fv600954,17.105,19.120,AmerikA nit Alz @m b@drE+GIN
fv600954,19.120,22.850,kInd@r@ stan pozitif teG@nov@r Grup@ war z@ wE+n@x kOntAkt me hEb@
fv600954,22.850,24.720,@t xat_tAn vorAl Om Sinez@n
fv600954,36.520,38.490,Y+t @t Ond@rzuk fAn d@ veybe blE+kt
fv600954,38.490,39.980,dAt vorAl televizi @n
fv600954,39.980,43.050,Grot@ neGAtiv@ Invlut heft Ob d@ dENgbeld@ vAn kInd@r@
fv600954,43.050,45.470,zExt dOkt@r Els sxElfhA+t fAn d@ veybe
fv600954,69.910,71.391,Els sxElfhA+t
fv600954,71.391,73.480,nast_televizi spel@ og d@ vad@rs En
fv600954,73.480,75.180,d@ lerkrAxt@ @m b@lAN@rE+k@ rOl
fv600954,75.180,79.557,ov@r@G@s stat en Ob dri lerkrAxt@ zElf neGAtif teG@nov@r vremd@lIN@
fv600954,45.960,47.170,televizi spelt
fv600954,47.170,51.780,@n_neGAtiv@ rOl In di beltfOrmIN sterejotip@ wOrd@ b@vEst@xt En darbE+
fv600954,51.780,52.550,wIl Ik
fv600954,53.210,55.190,@m betj@ zAlv@n En slan In di zIn
fv600954,55.190,57.390,dA ni kAn G@zExt wOrd@ Apsolyt ni dAt_televizi
fv600954,57.390,58.980,@ rAsistiz Iz E
fv600954,58.980,61.010,mar @t Iz vijA d@ Implisit@ botsxAp@
fv600954,61.010,62.330,di-j-@
fv600954,62.330,66.180,In televiziproGrAmAs wOr@ G@Gev@ dAt kInd@r@n E+G@nl@k ja IndirEkt vudIN
fv600954,66.180,68.260,vInd@n vor b@pald@ @
fv600954,68.260,69.910,vorordel@n En sterejotip@ ja
fv600966,0.000,4.300,In hel d@ 2ropes@ yni mut@ GE+t@ En sxap@ Y+t xrodbritAJ@ wOrd@ v@rnit@xt
fv600966,4.300,7.030,dAt sExt @t vet@rinE:r kOmite vAn d@ yni
fv600966,7.030,8.960,@t xat Om dir@ di zE+n ING@vurt
fv600966,8.960,10.330,na en febrywari
fv600966,20.050,24.665,In Ons lAnt sE+n vAn d@ mant nar sxAtIN twedY+z@nt sxap@ En @n tintAl GE+t@
fv600966,24.665,25.930,G@ImpOrtert
fv600966,25.930,30.256,og d@ kYd@s warIn d@ v@rdAxt@ GE+t@ En sxap@ zE+n t@rExtx@kom@ mut@ v@rbrAnt wOrd@
fv600966,30.256,31.830,zExt minist@r vA lAndbA+
fv600966,31.830,32.846,GabrijEls
fv600966,41.466,43.776,AldYs minist@r GabrijEls
fv600966,43.776,46.050,@r zE+n vAn d@ mant ok ENk@l@ hOnd@rd@ vArk@s
fv600966,46.050,47.626,ING@vurt Y+t xrodbritAJ@
fv600966,47.626,49.816,zE+ mut@ vorlop@x nit f@rnit@xt wOrd@
fv600966,49.816,51.796,z@ wOrd@ wEl Ond@r tuzIxt x@platst
fv600966,69.266,70.180,In dY+tslAnt
fv600966,70.180,74.560,zE+m bE+ dri ING@vurd@ sxap@ AntistOf@ teG@ d@ zikt@ t@rYx@vOnd@
fv600966,74.560,75.746,dAt wE+st @r Op
fv600966,75.746,79.266,dAd_d@ dir@ kOntAkt hEb@ G@hAt mEd b@smEt@ sortx@not@
fv600966,79.266,80.520,Of s@ zElf sik sE+n
fv600966,80.520,82.506,zAl Y+t fErd@r Ond@rzuk mut@ blE+k@
fv600966,102.776,104.266,dor h@t slAxtf@rbOt
fv600966,104.266,106.315,zE+n in @t AntwErps@ slAxthY+s
fv600966,106.315,108.376,zEshOnd@rt sxap@ G@blOkert
fv600966,108.376,112.276,d@ dir@ war@ aNG@vurt for d@ mat vor d@ matreG@l INGIN
fv600966,112.276,115.843,En z@ zE+n vorAl b@dult for h@t IzlAmitis@ Of@rfest
fv600966,115.843,116.945,h@t ministeri vA lAndbA+
fv600966,116.945,118.976,b@slIst fAndax wAt @r ny mut x@b2r@
fv600966,10.330,15.830,og d@ kYd@s warIn d@ v@rdAxt@ GE+t@ En sxap@ zE+n t@rExtx@kom@ mut@ v@rbrAnt wOrd@
fv600966,15.830,20.050,zo wIl@ d@ dEskYnd@G@ d@ v@rsprE+dIN vAm mOnt EN klA+zer teG@hA+d@
fv600966,51.796,53.275,IN GrodbritAJ@ blE+ft
fv600966,53.275,55.806,d@ mOnt EN klA+zerkrizis Y+dE+n@
fv600966,55.806,58.226,Axtin burd@rE+@ En slAxthY+z@
fv600966,58.226,61.654,Op Axtin burd@rE+@ En slAxthY+z@ Iz d@ b@smEtIN vAstx@stElt
fv600966,61.654,63.020,dEskYnd@G@ En ov@rE+t
fv600966,63.020,66.356,vrez@n dAt @t antAl G@vAl@ nOx stErk sAl stE+G@
fv600966,66.356,69.266,vAndax wOrd@n_nOx hOnd@rd@ b@drE+v@ Ond@rzOxt
fv600966,82.506,84.420,In Ons lAnt sE+n vorlop@x nOx
fv600966,84.420,87.016,Gen G@vAl@ vAm_mOnt EN klA+zer vAstx@stElt
fv600966,87.016,89.600,mar lAndbA+dEskYnd@G@ wE+z@n @r wEl Ob dAt
fv600966,89.600,90.890,Invurd@rs nit AltE+t
fv600966,90.890,93.386,d@ kArA~tE:n@p@rjod@s rEspEkter@
fv600966,93.386,96.130,ING@vurd@ dir@ moG@n_nOrmal en mant lAN
fv600966,96.130,98.326,nit IN kOntAkt kom@ mEt And@r@ dir@
fv600966,98.326,100.370,di tE+t Is nod@x Om evEntywel@
fv600966,100.370,101.859,b@smEtIN@ vAst_t@ kYn@ stEl@
fv600966,118.691,121.580,@t Of@rfest b@GIn vOlG@nd@ wek sAl platsfInd@
fv600966,121.580,124.411,zOnd@r h@t_trAtisjOnel@ Of@r@ vAn sxap@
fv600966,124.411,128.933,d@ ov@rhE+t wErkt sam@ mEt_t@ mOzlImA+toritE+t@ an @n InfOrmasifOld@r
fv600966,128.933,130.913,darIn wOrd_d@ matreG@l tuG@lIxt
fv600966,130.913,132.895,En @r stan ok Alt@rnAtiv@ In
fv600966,132.895,134.234,vor @t Of@r@ vAn sxap@
fv600966,32.846,34.656,w Eb@n_ny rets Al@s x@blOkert
fv600966,34.656,36.920,mar dA Ga w@ ok ov@r tOt_t@ v@rnit@GIN vAn
fv600966,36.920,37.750,d@ kYd@ war
fv600966,37.750,40.266,dir@n di vAnY+t EN@lAnt AfkOmst@x war@n dYs
fv600966,40.266,41.466,t@rExtx@kom@ zE+n
fv600984,0.000,5.600,In AfxanistAn Iz d@ v@rwustIN b@GOn@ vAn d@ Grot@ budistis@ beld@ di dAter@ Y+t_t@ p@rjod@ vor d@ izlam
fv600984,5.600,9.390,dAt x@b2rt In werwIl vAn @n stOrm vAn Int@rnASOnal protEst
fv600984,9.390,13.465,d@ v@rnit@GIN vAn @t pAtrimonijYm vInt plats Ob_b@vEl vAn @t_tAlibanreZim@
fv600984,27.457,32.347,tAlibanmilisis_sE+n Y+tx@rYkt mEt tENks En rAkEtlAnserd@rz Om d@ beld@ t@ lE+f t@ Gan
fv600984,32.347,34.770,d@ tAliban wIl@ Al@ beld@ v@rnit@G@
fv600984,34.770,37.240,OmdAt s@ AntiIzlAmitis_sA+d@ zE+n
fv600984,37.240,40.700,In v@rsxIl@nd@ del@ vAn @t lAnt Iz d@ beld@stOrm vOlOp an d@ GAN
fv600984,40.700,44.660,vOlG@z @t_tAlibamb@wInt sE+n d@ slop@rz Al In zEs prOvInsiz Aktif
fv600984,44.660,47.900,b@dulIN Iz @t hel@ lAnt vAn skylptyr@ t@ zY+v@r@
fv600984,13.465,21.189,vorAl zOrxwEk@nt Is wAt @r G@b2rt In d@ strek fAm bAmijAn In @t sEntrYm vAn @t lAnt dar stan Ond@r mer d@ Grotst@ budAbeld@ tEr wer@lt
fv600984,21.189,24.489,ok @t nASOnal myzejYm vAN kAbul wOrt nit x@spart
fv600984,24.489,27.614,dar zE+n hOnd@rd@ kYnstwErk@ Op @n zwArt@ lE+st x@zEt
fv600984,47.980,53.920,GIst@r@n_nOx heft_t@ kyltyrOrGAnizasi vAn d@ v@ren@Gd@ nasis ynEsko sxErp_protEst lat@ hor@
fv600984,53.920,56.990,Em pakistAn d@ trA+st@ bOntx@not fAn d@ tAlibAn
fv600984,56.990,60.070,heft nOx f@rGefs x@plE+t for @d b@hA+t fAn d@ kYnstwErk@
fv600984,60.070,66.618,d@ Grot@ budAs Y+t @d b@GIn vAn Onz@ jartElIN wOrd@ AlG@men b@sxA+t Als fAn OnsxAdbar@ ward@ vor @t wer@ltpAtrimonijYm
fv601017,0.000,8.280,IN GrodbritAJ@ rast_t@ epidemi Onv@rmInd@rt fort_t@r zE+n_ny Al zEshOnd@rt sev@tin hard@ vAm_mOnt EN klA+zer OndEkt
fv601017,8.280,12.951,sInz @d b@GIn vAn d@ kriz@s zE+n @r Al drihOnd@rt sEst@GdY+z@nd brIts@ dir@ Afx@makt
fv601017,12.951,15.311,En @t E+nd@ Is nOx lAN nit In zIxt
fv601017,15.311,19.087,In @t nortwEst@ vAn EN@lAnt wOrt @n imEns mAsAGrAf x@Grav@
fv601017,19.087,21.415,vo mer dAn @n hAlf miljun dir@
fv601017,65.816,69.006,mOnt EN klA+zer heft di And@r@ plax
fv601017,69.006,71.995,d@ GEk@ kuj@zikt@ wAt nar d@ Axt@rGrOnt f@rdrON@
fv601017,71.995,73.371,ma z@ Is @r nOx stets
fv601017,73.371,76.644,@ zE+n Opniw twe G@vAl@ vAm beEse OndEkt In Ons lAnt
fv601017,76.644,80.654,en b@smEt@ ku kwAm vAn @m burd@rE+ In hElxt@r@ In lImbYrx
fv601017,80.654,83.361,d@ And@r@ kwAm Y+t @t ostflams@ zom@rGEm
fv601017,83.361,86.551,Ob_bE+d@ burd@rE+@ zE+n Al@ kuj@ IntYs@ Afx@slAxt
fv601017,86.551,92.043,sIns niwjar wOrd@ Al@ rYnd@r@ A+d@r dAn dErt@x mand@ In @t slAxthY+s Ob_beEse G@tEst
fv601017,92.043,95.013,@r zE+n sIndzdin Al zEs zik@ dir@ OndEkt
fv601017,95.013,99.153,dAd Is zowAt en Ob d@ tindY+z@nt x@slAxt@ dir@
fv601017,21.415,25.925,grejt Ort@n Iz @n v@rlat@n vlixfElt Y+d_d@ twed@ wer@ltorlOx
fv601017,25.925,29.883,@m brIts reZimEnd eft @r dip@ G2l@ G@Grav@ dErtin In total
fv601017,29.883,32.814,vAn hOnd@rt fE+ft@x met@r lAN En vir met@r dip
fv601017,32.814,37.095,@d Iz d@ b@dulIN dAd ir @n hAlf tOt en miljun sxap@ wOrd@ b@Grav@
fv601017,37.095,39.667,d@ mest@ AfkOmst@x Y+t nortwEstEN@lAnt
fv601017,39.667,41.927,@t x@bit dAd @t zwarst Is x@trOf@
fv601017,42.711,47.781,IN GrodbritAJ@ zE+n_ny Al mer dAn zEzOnd@rd ard@ vAm_mOnt EN klA+zer vAstx@stElt
fv601017,47.781,53.520,In d@ r@GerINskrIN@ Is ny tuG@Gev@ dAt_t@ ov@rhE+t @t pr@blem In @d b@GIn hAt Ond@rsxAt
fv601017,53.520,58.770,en vAn d@ mest r@sEnt@ hard@n vAm_mOnt EN klA+zer lIxt In @t nASOnal@ pArk fAn d@ lejg dIstrIkt
fv601017,58.770,60.895,En dAd bart_t@ EkspE:rs xrot@ zOrG@
fv601017,60.895,64.300,wAnt_t@ sxap@ lop@n @r vrE+ rOnt En @r zE+N Gen AfslY+tIN@
fv601028,0.000,5.496,d@ vorzit@r vAn @t ijose di heft @n lotswar@ tak @t Is fel mer dAn @n ser@mOJel@ fYNksi
fv601028,5.496,9.188,d@ mAxt@xst@ spOrtlE+d@r t@r wer@lt mut fak mujl@k@ b@slIsIN@ nem@
fv601028,9.188,14.053,AlS_Sak rOG@ Op sEstin jyli v@rkoz@ wOrt_tOt OpfOlG@r vAN xuwAn Antonijo sAmArAnS
fv601028,14.053,18.728,dA wOrt hE+ d@ twed@ bElx di dordrINt_tOt @t hoxst@ Amt In d@ spOrtwer@lt
fv601028,19.561,24.985,d@ vorzIt@r vAn @t Int@rnASOnal OlImpis kOmite Iz d@ mAxt@xst@ spOrtlE+d@r t@r wer@lt
fv601028,24.985,27.515,hE+ wOrt f@rkoz@ vor @m pErjod@ vAn Axt jar
fv601028,27.515,31.792,d@ niw@ vorzIt@r zAl z@n AmpstErmE+n hoxst@s mEt nOx fir jar kYn@ v@rlEN@
fv601028,31.792,34.590,d@ OpfOlG@ vAN xwAn Antonijo sAmArAnS
fv601028,34.590,39.963,di zElf en@ntwInt@x jar an @t rur stOnt sAl d@ Axtst@ vorzIt@r wOrd@ vAn @t ijose
fv601028,39.963,42.881,hE+ zAl In d@ vutspor@ tred@ vAm bArOn d@ kubErtE~
fv601028,42.881,47.099,di-j-In Axtin vir@neG@t@x d@ modErn@ OlImpis@ b@weGIN In @t lev@ rip
fv601028,47.099,51.159,@r stOnt ojt Al @m bElx an @t hoft fAn @t ijose
fv601028,51.159,54.257,tYs@ neG@tin vE+v@ntwInt@x En_neG@tin twej@fert@x
fv601028,54.257,56.318,wAs A~ri d@ bAjE lAtur lE+d@r
fv601028,56.318,59.098,hE+ must_tuzin hu d@ OlImpis@ spel@ vAm bErlE+n
fv601028,59.098,64.129,In_neG@tin zEs@ndErt@x prOpAGAndAmAt@rijal wErd@ In d@ hAnd@ vAn_nadzidY+tslAnt
fv601028,66.312,68.165,warme w@ bE+ d@ politig b@lAnd@
fv601028,68.165,72.314,its war d@ iosevorzIt@r vak@r me t@ mak@ krE+xt_tAn hEm lif Is
fv601028,72.314,75.278,wAnt hE+ heft mer dAn zo mar @n ser@mOJel@ fYNksi
fv601028,75.278,81.109,d@ Amerikan ev@ri brYndItS must In_neG@tin twej@sev@t@G b@slIs@ Ov d@ spel@ Im_mYNx@n zA+d@ dorGan
fv601028,81.109,86.786,na d@ anslAx fAn d@ pAlEstE+ns@ tEr2rGrup swArt@ sEptEmb@r Ob d@ IzrAjelis@ deleGasi
fv601062,0.000,4.560,tin prominEnt@n rup@n d@ Amerikans@ prez@dEnd buS Op Om zIx t@ hA+d@n
fv601062,4.560,8.336,an d@ Afsprak@ vAn d@ milj2kOnf@rEnsi IN kijOto In zev@n@neG@t@x
fv601062,8.336,12.657,di Gan ov@r d@ b@pErkIN vAn d@ Y+tstot fAn seotwe lykAs fAN klost@r
fv601062,12.657,16.620,vor@G@ mant jux prezidEnd buS @n del vAn d@ wer@lt teG@ zIx In @t hArnAs
fv601062,16.620,20.209,tun E+ aNkOnd@Gd@ dAt hE+ zIx nits antrOk fAn kijoto
fv601062,20.209,23.211,dAt wAs trA+@s teG@ z@n E+G@n v@rkizINzb@lOft@n
fv601062,23.211,27.830,vOlG@z buS kAn d@ v@rtraG@nd@ Amerikans@ ekonomi h@t nit an Om its t@ dun
fv601062,27.830,30.733,teG@n @d brujkAsEfEkt En d@ OpwArmIN vAn d@ ard@
fv601062,30.733,32.325,d@ bEnzin@prE+s_sA+ stE+G@
fv601062,32.325,35.146,En d@ stromvorzinIN zA+ Av En tu stIlvAl@
fv601062,35.146,37.015,In @n op@m brif In @t wegblAt
fv601062,37.015,40.503,tajm mak@n tin prominEnt@n brAnthA+t fAn di red@nerIN
fv601062,40.503,43.050,Ond@r mer dZImi kart@r mikAEl gOrbAtSOf
fv601062,43.050,46.189,hErIs@n fOrt dZON GlEn En stev@n hO:kIN
fv601062,46.189,48.918,zEG@n dAt j@ wEl zOrx kAn draG@ vor @t milj2
fv601062,48.918,51.011,En d@ ekonomi anzwEN@l@
fv601062,51.011,56.151,Y+t @N G@lE+ktE+d@G@ opinipE+lIN blE+kt dAt_t@ mest@ AmerikAn@ @r nEt so ov@r dENk@
fv601062,56.151,61.621,d@ v@ren@Gd@ stat@ zE+n d@ Grotst@ seotwe Of kolstOvdijOksin@v@rvY+l@rs In d@ wer@lt
fv601153,0.000,3.780,mInIst@r sA+@s kwAm In d@ lop fAn d@ dAx stets In_nA+@r@ sxuntj@s
fv601153,3.780,10.000,og d@ veElde heft Om z@n OntslAx_x@vraxt nar anlE+dIN vAn z@n anwez@xE+t sat@rdAx Op @n virIN vAn ostfrOnt@rs
fv601153,10.000,13.274,dri r@GerINspArtE+@ wIl@ ny dAt johAn sA+@s OpstApt
fv601153,13.274,18.333,d@ vOlksyni blE+ft_t@ mInIst@r st2n@ mar ideen@ntwInt@x E+st_tYs_s@n Aftred@
fv601153,18.333,21.306,sA+@s hAt sIx fAmIdAx nOxtAns Y+tfur@x f@rOntsxYld@xt
fv601153,21.306,24.451,@n v@rslAx fAn @d_debAt In @t flams@ pArl@mEnt mEt majg d@ mYld@r
fv601153,91.649,95.196,d@ pozisi vAn d@ vOlksyni Iz In dez@ faz@ dYs krySal
fv601153,95.196,98.709,mOrG@ Gat @d_debAt In @t pa In @t vlams pArl@mEnt vErd@r
fv601153,98.709,101.895,vlams mInIst@prezidEnt d@wal heft fAnAxt for zIxsElf
fv601153,101.895,104.575,Y+tx@makt_tAt mInIst@r sA+@z OntslAx mut nem@
fv601153,104.575,107.542,In @n hAntx@sxrev@ dokymEnt_tAt_t@ redAksi kOn INkE+k@
fv601153,107.542,112.862,stat lEt@rl@g dAt i-j-@t amblE+v@ vAn sA+@s nit mEt s@N G@wet@ In ov@renstEmIN kOm brEN@
fv601153,112.862,116.060,Az @t pArl@mEnt vInt_tAt sA+@s mut amblE+v@ dAn zA+ d@wal
fv601153,116.060,119.229,OntslAx_x@nom@ hEb@ Y+t s@n fYNksi vAn mInIst@rprezidEnt
fv601153,119.229,122.070,d@ Grotfad@r vAn d@wal Is tE+d@nz d@ twed@ wer@ltorlOx
fv601153,122.070,124.867,OmG@kom@ In @N kOnsEntrasikAmp
fv601153,24.417,27.945,d@ lE+n@ zE+n dY+d@l@k veElde Espe En AG@lEf
fv601153,27.945,30.048,wIl@ h@t OntslAx fAm_mInIst@r sA+@s
fv601153,30.048,32.708,z@n Ekskyz@z En Y+tlEx fOldun nit
fv601153,32.708,34.710,veEldefrAksilE+d@r v@rmE+r@
fv601153,44.498,47.190,@n hel And@r G@lY+t bE+ d@ vOlksyni
fv601153,47.190,50.145,frAksilE+d@r vAN GrEmbErG@ wIl sA+@s nit
fv601153,50.145,51.594,d@ wustE+n Instyr@
fv601153,59.814,63.770,OpmErk@l@k wAz d@ tYs@kOmst fAn sfEn GAts fAn ideen@ntwInt@x
fv601153,63.770,67.248,hE+ wIl @t parsxrun@ prOjEkt Op flams nivo blE+v@ st2n@
fv601153,67.248,69.261,En lat sA+@s vAl@
fv601153,77.653,80.893,darme Iz d@ br2k tYs@ vey En ide dY+d@l@k
fv601153,80.893,84.610,mar og dAt_t@ vlams@ r@GerIN Gen merd@rhE+t mer heft
fv601153,84.610,88.328,h@t Iz dYs krizis En ov@rAl wOrt ny drYk f@rGad@rt
fv601153,88.328,91.295,majg d@ mYld@r radijoniws vlams pArl@mEnt
fv601153,34.744,38.121,d@ veElde Espe En AGAlEfrAksis
fv601153,38.121,41.667,zEG@ darOm @t f@rtrA+@ In mInIst@r sA+@n Op
fv601153,41.667,44.566,Als lit fAn d@ vlams@ r@GerIN Ig dANk y
fv601153,51.560,54.464,wE+ zYl@n Em dYs nit In d@ stek lat@n
fv601153,54.464,57.392,@t f@rtrA+@n vAn veyide
fv601153,57.392,59.848,In zE+n minist@rz blE+vd b@hA+d@n
fv601153,68.779,72.128,dAt jowAn sA+@s In @m pozisi v@rzE+lt x@rakt Is
fv601153,72.128,75.879,En Ig drYk Op @t wort v@rzE+lt warIn zE+n minist@rpozisi
fv601153,75.879,77.551,OnhA+dbar G@wOrd@n is
fv601235,0.000,3.960,jA mEt_t@ rond@ vAn zwIts@rlAnt stEv En dAd Iz d@ Yltim@ vorb@rE+dIN
fv601235,3.960,5.550,Op d@ tur
fv601235,5.550,7.305,In dez@ tindaxs@ rIt@wEtstrE+t
fv601235,7.305,9.830,zuk@ d@ tOp@rs nar d@ jY+st@ vOrm
fv601235,9.830,12.140,En d@ turwInar vAn d@ Afx@lop@ twe jar
fv601235,12.140,14.120,d Amerikan lEns armstrON
fv601235,14.120,15.397,zIt Al Op sxemA
fv601235,15.397,17.800,wAnt E+ wAs fAndaG d@ bEst@ In d@ prolox
fv601235,17.800,20.650,armstrON wAs ov@r d@ zev@ kOmA neG@ kilomet@r
fv601235,20.650,24.220,vE+f s@kOnd@ snEl@r dAn d@ frAnsmAn lorA~ ZAlAbE:r
fv601235,24.220,26.150,erst@ bElx wAs mArk wA+t@rs
fv601235,26.150,27.790,Ob d@ neG@nd@ plats
fv601235,82.060,84.470,rOnd@ vAn zwIts@rlAnt Elk@ dAx t@ vOlG@ Op
fv601235,84.470,86.154,teveen
fv601235,27.790,29.980,mArk wA+t@rs Is en vAn d@ zev@ bElG@
fv601235,29.980,31.520,In d@ rOnd@ vAn zwIts@rlAnt
fv601235,31.520,34.600,d@ rabobANkrEn@r dY+kt Als erst@ Ond@r d@ tin minyt@
fv601235,34.600,38.728,na bE+na Axt kilomet@r Is wA+t@rs tE+t neG@ minyt@ En drij@nvE+ft@x s@kOnd@
fv601235,38.728,41.520,Gut for @n_neG@d@ plats Op neG@ s@kOnd@
fv601235,41.520,44.370,ok lorA~ Z@lAbE:r zIt Op sxemA vo d@ tur
fv601235,44.370,45.750,d@ frAnsmAn v@rlist
fv601235,45.750,47.010,vE+f s@kOnd@
fv601235,47.010,49.540,d@ vruG@r@ wer@lt nYm@r en E+nd@xt_twed@
fv601235,49.540,52.280,z@m brur nikolA Is ov@r@G@s tind@
fv601235,53.550,56.520,lEns armstrON Iz Op wEx nar z@n erst@ sE+zunseG@
fv601235,56.520,59.760,na twed@ plats In d@ Amst@l golt rejs En d@ Alp@NklAsik@r
fv601235,59.760,61.950,wInt hE+ d@ prolox fAn d@ tur d@ swis
fv601235,61.950,64.980,d@ Amerikan b@wE+st Al klar t@ zE+n vor @t xrot@ dul
fv601235,64.980,66.350,d@ rOnd@ vAn frANkrE+k
fv601235,66.350,68.380,di stArt ov@r Axtin daG@n
fv601235,68.380,71.840,En OpfAl@nt mEt hINk@pi jekimOf dez@ hEm@lt@n
fv601235,71.840,74.445,En armstrON E+nd@G@ vir juwEs post@lrEn@rs
fv601235,74.445,76.340,In d@ tOp sev@ vAn d@ prolox
fv601235,76.340,79.420,mOrG@ stArt armstrON In d@ GA+d@n trY+ d@ erst@ rIt
fv601235,79.420,81.230,hOnd@rt Axt@sef@t@x kilomet@r
fv601235,81.230,82.060,nar baz@l
fv601254,0.000,3.875,vAmOrG@ zE+n bE+na vE+fhOnd@rt kInd@r@ Y+t wItrYslAnt
fv601254,3.875,5.195,Im bElGij@ aNG@kom@
fv601254,5.195,10.232,z@ won@ dar In @N G@bit_tAt fE+ftin jar G@led@ G@trOf@ wErt dor d@ kErnrAmp vAn tSErnobil
fv601254,10.232,12.659,hYn A+d@rs hEb@n @t nid bret
fv601254,12.659,15.426,d@ kInd@r@ kom@ hir @n mant loZer@ bE+ GAstx@zIn@
fv601254,15.974,22.077,tintAl@ G@zIn@ stOnd@ vAmOrG@ hYn jarl@ks@ GAstkInt Y+t wItrYslAnt Op t@ wAxt@ In @t stASOn vAn wArEm
fv601254,22.879,25.613,its lat@r dAn vorzin kOmt_t@ trE+n dAn an
fv601254,25.613,28.416,mEt am bord bE+na vE+fhOnd@rt kInd@r@
fv601254,28.416,36.028,z@ kom@ Al@mal Y+t wItrYslAnt en vAn d@ reGijoz di-j-In_neG@tinOnd@rt sEs@ntAxt@G b@smEt rakt@ dor d@ kErnrAmp In tSErnobIl
fv601254,36.028,39.036,d@ mest@ kInd@r@ blE+v@n ir d@ hel@ mant lAN
fv601254,39.036,43.354,In YN GAstx@zIn@ zYl@ z@ Al di tE+t sOrG@los kYn@ spel@
fv601256,0.000,3.396,Ob d@ spans@ E+lAnd@ mAjOrkA menOrkA En ibizA
fv601256,3.396,7.053,hEb@ Opniw dY+z@nd@ turIst@ d@ nAxt dorG@brAxt Ob d@ lYxthav@
fv601256,7.053,10.347,d@ bYSof2rs zE+n dar In stakIN En dardor
fv601256,10.347,16.420,rakt@ d@ turIst@ nit In @t hotEl d@ stakIN vAn d@ Sof2rz dyrt Al dri daG@ Om nOx mer ONG@mAk
fv601256,16.420,20.010,t@ v@rmE+d@ zE+n Al v@rsxIl@nd@ vlYxt@ vAn En_nar d@ spans@ E+lAnd@
fv601256,20.010,22.810,Afx@lAst Of Y+tx@stElt mar Op sav@ntEm
fv601256,22.810,24.964,Gan d@ vlYxt@ dor zoAs x@plEnt
fv601256,24.998,30.335,w@ zE+n Im pAlmA helas nid_d@ E+ndb@stEmIN wAnd_dId Is nOx mar d@ lYxthav@
fv601256,30.335,34.901,AGdY+z@nt_turIst@ zE+n hir G@strAnt OmdAd_d@ bYSof2rs stak@ vor mer lon
fv601256,34.901,38.274,h@t x@vOlx Is dAt Al@ v@rvur In d@ knop x@rakt
fv601256,38.274,42.581,Im plats fAn vE+v@ntwInt@x flYxt@ pEr yr zE+n @r ny mar vE+ftin pEr yr
fv601256,42.581,45.965,boz@ v@rtrEk@rz bIn@ Em bY+t@ Iz @t yr@ wAxt@
fv601256,45.965,49.109,Op en vAn d@ vE+ftinhOnd@rt_tAksis fAn @t E+lAnt
fv601256,49.109,52.562,mAjOrkA menOrkA En ibizA sam@ must@ dIt wikEnt
fv601256,52.562,56.370,@N klE+n hAlf miljun turIst@ v@rwErk@ dAt lYkt nit
fv601256,56.370,59.614,En dAt ful@ d@ brIt@ En d@ dY+ts@rs Al bE+ @t f@rtrEk
fv601256,59.614,63.032,d@ bYstakIN zA+ Om_mId@rnAxt mut@ Afx@lop@ zE+n
fv601256,63.032,65.197,mar zek@r Iz dAt nit
fv601288,0.000,4.390,slOb@dAn milOs@vitS wOrd b@sxYld@xt fAn mer orlOxsmIzdad@ IN kOs@vo
fv601288,4.390,7.520,En @n aNklAxt In v@rbAnt mEd bOsnij@ EN krowAsij@ Iz In d@ mak
fv601288,7.520,11.310,dAt heft_t@ op@mbar@ aNklaG@r vAn d@ veEntribynal In d@n hax_x@zExt
fv601288,11.310,12.520,kArlA dEl pOnte
fv601288,12.520,15.770,@t wAz d@ erst@ pyblik@ v@rklarIN vAn d@ op@mbar@ aNklaG@r
fv601288,15.770,18.890,sInz d@ Y+tlev@rIN vAn A+tprezidEnt milOs@vitS xIst@rav@nt
fv601288,18.890,22.080,kArlA dEl pOnte b@dANkt@ Y+drYk@l@g d@ sErvis@ r@GerIN
fv601288,22.080,25.480,mar z@ zE+ ok dAd @t xem prosEs wOrt fAn @t hel@ sErvis@ vOlk
fv601288,25.480,27.190,nimAnt stad bov@ d@ wEt
fv601288,27.190,29.160,w@ moG@ d@ slAxtOf@rs nit f@rGet@
fv601288,30.100,33.230,IntYs@ nemt_t@ politik@ OnrYst In juGoslavij@ tu
fv601288,33.230,35.530,d@ pArtE+ vAm prezidEnt kOstunidzA
fv601288,35.530,37.840,nemt OntslAg Y+t_t@ r@GerINskoAlisi
fv601288,37.840,40.810,kOstunidzA wAz @t nit ens mEd_d@ Y+tlev@rIN vAm_milOs@vitS
fv601288,40.810,42.620,En d@ pr@mje vAn juGoslavij@
fv601288,42.620,44.430,@n A+tkOmynIst Y+t mOnt@neGro
fv601288,44.430,45.310,nemt OntslAx
fv601288,46.630,51.570,En_nA+@l@ks_sIt mIlOS@vitS In d@n hax Ov @t xElt for d@ hErObA+ vAn juGoslavij@ stromt bIn@
fv601288,51.570,54.540,kristim bOn2r@ heft_t@ donOrkOnf@rEnsi-j-Im brYs@l G@vOlxt
fv601288,54.540,56.670,@t syksEs wAs its xrot@r dAn v@rwAxt
fv601288,56.670,59.510,d@ wEr@ldbANk d@ 2ropes@ yni En d@ v@ren@Gd@ stat@
fv601288,59.510,61.670,dAt sE+n d@ Grotst@ GEltsxit@rs
fv601288,61.670,66.730,Al@s_sam@ kAn vis@pr@mje lAbus fAn juGoslavij@ wElIxt b@lad@ mEt sEst@x miljArt frANk
fv601288,66.730,68.540,hY+swarts ker@
fv601288,68.540,71.720,dAt syksEs heft nit Alen t@ mak@ mEd_d@ ov@rdrAxt fAn milOsovitS
fv601288,71.720,73.260,b@nadrYkt lAbus
fv601288,73.260,76.330,w@ wOrd@ og b@lont for Onz@ InspAnIN@ Om d@ ekonomi En
fv601288,76.330,77.980,d@ demokrAsi Op t@ krIk@
fv601288,77.980,80.780,di sEst@x miljArt xat forAl nar InfrAstryktyr
fv601288,80.780,82.980,Ond@rwE+s G@zOnthE+tsOrx
fv601288,82.980,85.338,juGoslavij@ heft @t xElt brotnod@x
fv601288,85.338,88.078,h@t lAnt Iz b@rojt na tin jar orlOx
fv601288,88.078,90.938,ekonomis@ sANksis Em bOm@ Y+t @d bY+t@lAnt
fv601288,90.938,92.676,En @n lotswar@ Erf@nIs fAn
fv601288,92.676,94.192,wAnb@her EN kOrYpsi
fv601332,0.000,3.050,In @t stAsjOn vAn @t swIts@rs@ platS@ kijAso
fv601332,3.050,6.926,hEb@ ENk@l@ tintAl@ teG@stAnd@rs fAn d@ ekonomis@ GlobAlizerIN
fv601332,6.926,11.331,@n trE+N G@blOkert di-j-Op wEx wAs fAn dOrtmunt nar milan
fv601332,11.331,17.570,d@ Aksivurd@rs prOtEster@ darme teG@ d@ v@rhoGd@ GrEnskOntrol@s nar anlE+dIN vAn d@ GeAxttOp
fv601332,17.570,19.462,vOlG@nt wikEnt IN GenywA
fv601332,19.462,25.139,dar v@rGad@r@ d@ zev@ rE+kst@ lAnd@ vAn d@ wer@lt En rYslAnt ov@r d@ wer@ltekOnOmi
fv601332,25.139,28.444,IN Genya zElf Is fAndaG @m bOmbrif OntplOft
fv601332,28.444,32.341,di wAs Opx@styrt nar @m polisikAntor nEt bY+t@ d@ stAt
fv601332,32.341,35.275,bE+ d@ anslAG Is em pOlisijAGEnt x@wOnt x@rakt
fv601332,35.275,39.723,vor d@ tOp fAn vOlG@nt wikEnt zE+n mer dAn vE+ftindY+z@nt pOlisijAGEnt@n pArat
fv601334,0.000,3.839,@d b2rsniws hEb@ w@ sam@G@vAt In @t fOlG@nd@ ov@rzIxt
fv601334,3.839,7.282,d@ daw dZons zAkt@ vAndax mEt nYl kOm@ zEs prosEnt tOt
fv601334,7.282,10.137,tindY+z@nt firOnd@rt Axt@nsEst@x pYnt@
fv601334,10.137,15.724,d@ nEzdEg dok fOrs nar b@ned@ mEd mer dAn twe kOmA zEs prosEnt_tOt_twedY+z@nt neG@n@ntwInt@x pYnt@
fv601334,15.724,23.074,2ronEks brYs@l hilt d@ hel@ dAG @m b@pErkt@ wInst fAst En ded @d_darme bet@r dAn d@ mest@ 2ropes@ b2rz@
fv601334,23.074,25.557,bEltwInt@x slot nYl kOmA twe prosEnt hoG@r
fv601334,25.557,28.771,Op twedY+z@nt neG@hOnd@rt fir@ndErt@x pYnt@
fv601334,28.771,31.725,d@ GlAnsrOl vAndax wAs vor ibea
fv601334,31.725,34.329,d@ wals@ prodysEnt fAn deltj@sf@rsnEl@rs
fv601334,34.329,37.273,mAx fAn d@ Amerikans@ fud End_drYg AdmInIstrejS@n
fv601334,37.273,39.175,[] prodYkt Ob d@ mArgd brEN@
fv601334,39.175,42.259,@t andel stex mEt twalf kOmA zEs prosEnt
fv601334,42.259,46.174,Ob d@ bred@ mArt wOn dOkfArmA zEs kOmA zev@ En mobistar
fv601334,46.174,48.417,zEs kOmA vir prosEnt
fv601334,48.417,50.420,ibetee
fv601334,50.420,53.324,let @t xrotst@ v@rlis mEt mer dAn Elf prosEnt
fv601334,53.324,56.638,ok kAresEl En ekOnokOm must@ tErE+m prE+sxev@
fv601334,56.638,63.219,d@ bElGis@ lAN@ t@rmE+nrEnt@ dald@ mEt dri bazispYnt@ tOt vE+f kOmA Axt@ndErt@x prosEnt
fv601334,63.219,67.983,d@ kurs fAn d@ dOlAr dald@ tOt nEt Ond@r d@ zev@n@nvert@x frANk En dAt Iz dYs wAt
fv601334,67.983,70.109,Gut niws for d@ 2ro
