fv600035,0.000,1.895,sInts Yn kOmst In mId@n2ropa
fv600035,1.895,5.930,zE+n d@ ziG2n@rs myzik xan spel@n vor d@ v@rsxIl@nd@ G@mensxAp@n In d@ strek
fv600035,5.930,11.150,z@ pAst@n zIx an En brAxt@n Op frax h@t repErtwar@ dAt_t@ dOr[]b@won@rz wIld@n hor@n
fv600035,11.150,14.560,tOx war@n d@ ziG2n@rs nid_d@ erst@ b@rupsmyzikAnt@n
fv600035,14.560,18.079,jots@ blasA~sA~mbl@s hAd@ hir Al @n trAdisi Opx@bA+t
fv600035,18.079,20.380,mar wErd@n vAnAv d@ zEstind@ ew v@rdrON@
fv600035,20.380,23.840,vAndax stan d@ plats@l@k@ trAdisis Ond@r drYk
fv600035,23.840,26.310,mEd_d@ vAl vAn @t kOmynistis@ reZim@
fv600035,26.310,27.790,kwAm @r mer op@nhE+t
fv600035,27.790,32.460,wardor kOmErsjel@ Invlud@n ok tOt In trAnsjilvjan trAnsilvanij@ dordrON@n
fv600035,32.460,34.425,zowits hA+ j@ nAtyrl@k nit_teG@n
fv600035,34.425,36.250,dAt ErkEnt ok lAslo kelemEn
fv600035,36.250,38.450,mar w@ wIl@n en En And@r tOx b@war@n
fv600035,38.450,41.807,vijA h@t zoG@het@n proGrAmA vAn @t latst@ yr
fv600043,0.000,3.240,fOntE+n@n hAd@n orsprONk@l@k xen dekorAtiv@ fYNksi
fv600043,3.240,6.480,h@t war@n plats@n war d@ stAtsb@won@rs hYn drINkwat@r hald@n
fv600043,6.480,9.850,fOntE+n@n war@ In d@ mId@lew@n dYs drYgb@zOxt@ plats@n
fv600043,9.850,11.600,d@ hel@ byrt kwAm @r bE+en
fv600043,11.600,14.560,@r wErd@n Afsprak@ G@makt mEns@ makt@ @r @n pratj@
fv600043,14.560,16.920,z@ zOrGd@n ok for tipis@ b@rup@n
fv600043,16.920,18.680,b@rup@n di vAndax f@rdwen@ zE+n
fv600043,18.680,20.600,d@ wat@rdraG@r b@vorbelt
fv600043,20.600,24.390,wAz @n Arm wAz @n Arm@ mAn di d@ hel@ dAx mEt Em@rs z2ld@
fv600043,24.390,27.056,vor @m prIkj@ brAxt@ z@ wat@r bE+ j@ tY+s
fv600043,27.056,31.194,dor d@ vital@ fYNksi vAn d@ fOntE+n In d@ vruG@ sted@l@k@ OmGevIN
fv600043,31.194,33.730,wAz @t x@brY+k @rvAn ok strIkt x@reGl@mEntert
fv600043,33.730,38.670,j@ kler@ wAs@n In @n fOntE+n Of @n fOntE+n b@klIm@ wAs b@vorbelt Y+tx@slot@n
fv600043,38.670,43.620,d@ fOntE+nmest@r nOx son b@rup kek tu Ob d@ nalevIN vAn di reG@ls
fv600043,43.620,47.570,zoAs t@ v@rwAxt@n vAlt war@n fOntE+n@ orsprONk@l@k Erx envA+d@x
fv600043,47.570,49.770,En z@ stOnd@n Ob d@ plats fAn d@ brOn zElf
fv600043,49.770,51.335,mar dAt blef nit so
fv600253,0.000,4.010,na d@ GelzwArt@ v@rkerspaltj@s fAn vey@r sA+@n
fv600253,4.010,5.330,Iz @t ny d@ b2rt an d@
fv600253,5.330,6.745,vlams@ Espe
fv600253,6.745,12.075,d@ mInIst@rs fAnd@ lAnOt@ En stevart drIN@ an Op @m vlams v@rkersreGl@mEnt
fv600253,12.075,17.125,warbE+ vorAl @t prOblem vAn d@ v@rbIndINsweG@ dwArz dor d@ G@ment@ wOrt sxErp@r G@stElt
fv600253,17.125,20.805,hel ev@ dAxt_t@ tustAnt an parsxrun@ v@rkerslIxt@
fv600253,20.805,22.295,tYs@ hAs@lt En d@ pAn@
fv600253,22.295,24.595,mar d@ zak lIxt_tOx @m betj@ And@rs
fv600253,24.595,25.915,jo vAn dAm@
fv600253,26.605,30.235,lat@ w@ d@ dIskysi Alstyblift @m betj@ s@ren vur@
fv600253,30.235,33.804,wAxt_tYs nOx ev@ Om In smak@l@k honG@lAx lOs t@ bArst@
fv600253,33.804,35.565,lat@ w@ erst ev@ lY+st@r@
fv600253,35.565,37.920,nar d@ ArGymEnt@n vAn d@ mInIst@rs_stevart
fv600253,37.920,38.965,En vAnd@ lAnOt@
fv600253,38.965,40.720,zE+ wE+z@n Op @n
fv600253,40.720,45.224,hel v@rsxIl@nd@ mEntAlitE+t In vland@r@n En wAlonij@ Alz @t Op f@rkersfE+l@xE+t aNkOmt
fv600253,45.224,47.315,En z@ zE+n_nit_teG@n
fv600253,47.315,49.624,envOrm@G@ 2ropes@ wEt@n
fv600253,49.624,52.364,mar reGjOnal@ v@rsxIl@n zAl j@ AltE+t hEb@n
fv600253,52.364,56.177,En Is @t_t@nslOt@ GEk dAt diGen@ di d@ v@rkersweG@ anlExt
fv600253,56.177,57.410,ok f@rAntword@l@k Is
fv600253,57.410,58.437,vor d@ reGl@mEnt@
fv600253,58.437,61.480,AldYs fraG@ Ons mEt andrAN d@ her@n stevart
fv600253,61.480,62.827,En vAnd@ lAnOt@
fv600253,62.827,64.307,dIt x@zExt sE+nd@
fv600253,64.307,66.067,mAx y h@d_dAn_ny
fv600253,66.067,66.897,Y+tprust@n
fv600253,66.897,68.537,ja sxYt h@t hoft mar
fv600253,68.537,72.107,lat yw bY+kj@ mar es xut Op En_ner Gan vAn @t lAx@
fv600253,72.107,75.237,y mAx ok d@ wE+sfIN@r nar @t forhoft brEN@
fv600253,75.237,79.637,Of @r @n dOkt@r anwez@x wAs tun d@ mInIst@rz @t forGand@ v@rklard@n
fv600253,79.637,80.787,Ik wet @t nit
fv600253,80.787,83.317,hAd@n d@ EkselEnsiz bE+ d@ lYnS m@sxin
fv600253,83.317,85.027,@N GlaS@ t@ vel G@brY+kt
fv600253,85.027,86.667,h@t Is nit x@zExt
fv600253,86.667,88.417,fE+t Is ev@nwEl
fv600253,88.417,92.097,dri daG@n na hYn orsprONk@l@k@ v@rklarIN hErhald@ z@
fv600253,92.097,95.557,@n ApArt f@rkersreGl@mEnt for vland@r@n En wAlonij@
fv600253,95.557,97.537,dAt Is wAt Ons rEd@n Gat
fv600253,97.537,103.087,En d@ twe vlams@ sOSAlIst@n kreG@n vorwar en@G@ sxYxt@r@ bE+vAl In krIN@n vAn d@ vOlksyni
fv600253,103.087,106.217,En_nar v@rlY+t ok In ENk@l@ G@slot@n InrIxtIN@n
fv600253,106.217,108.687,vor psixijatris@ zOrxf@rstrEkIN
fv600253,108.687,110.217,mar dIt_t@r zE+d@
fv600253,110.217,111.317,d@ wal@n
fv600253,111.317,113.627,lat@ w@ @r mar Gen dukj@s Om wInd@
fv600253,113.627,116.047,z@ hor@n tOt @n And@r rAs
fv600253,116.047,120.607,h@t sY+v@rst@ b@wE+z dAt s@ h@t styr vOlkom@ And@rs fAsthA+d@ dAn wE+
fv600253,120.607,122.150,In wAlonij@ vAl@ Elk jar
fv600253,122.150,125.217,Axtin kOmA vir v@rkerzdod@n pEr hOnd@rdY+z@nt Inwon@rs
fv600253,125.217,127.027,In vland@r@n zE+n @r dAt slExs
fv600253,127.027,128.677,vertin kOmA vE+f
fv600253,128.677,131.647,nA+ ja slExs dAd Iz bE+ wE+z@ vAn sprek@n
fv600253,131.647,134.777,In_ned@rlAnt sn2v@l@n @r erl@k x@zExt mar
fv600253,134.777,136.530,zEz dod@n pEr hOnd@rdY+z@nt
fv600253,136.530,138.017,dAt sE+n @r ok nOx sEs t@ vel
fv600253,138.017,141.427,mar In_ned@rlAnt zE+n d@ weG@n_ny enmal vE+l@G@r aNG@lExt
fv600253,141.427,143.997,En GElt @r @n strEN rIprEsif b@lE+t
fv600253,143.997,149.657,Onz@ mInIst@rs_sE+n dar In prInsip@ ok nit_teG@n mar z@ mak@ liv@r niw@ wEt@n En reG@ls
fv600253,149.657,151.797,dAn dAt s@ d@ b@stand@ dun_nalev@n
fv600253,151.797,154.157,h@t Iz @n kwEsti vAn kYltyr
fv600253,154.157,157.617,Ik wIl nit kwatsprek@n mar h@t Is ny enmal @n fE+t
fv600253,157.617,160.257,dAt @r am bE+d@ kAnt@n vAn d@ talGrEns
fv600253,160.257,162.397,And@rs teG@ h@t f@rker In @d bizOnd@r
fv600253,162.397,165.907,En teG@ h@t lev@ In @t AlG@men wOrt anG@kek@n
fv600253,165.907,169.647,vlamIN@n v@rtraG@m b@vorbelt vor @n zebrApAt
fv600253,169.647,171.391,wEl G@lov @t Of nit
fv600253,171.391,173.707,mar wal@n v@rsnEl@n jY+st
fv600253,173.707,175.307,sOm@G@ wal@n tOx
fv600253,175.307,178.487,sprek j@ In vland@r@n vAn @ rE+b@wE+s mEt pYnt@
fv600253,178.487,180.580,dAn b@GIn@ di frAnstal@G@n t@ GrOl@n
fv600253,180.580,183.570,ov@r @n rE+b@wE+s mEd_drANgbOn@ h@t sE+n rar@ jON@s hor
fv600253,183.570,187.011,En hYn mEntAlitE+t Ik sA+ dar dIN@ kYn@ ov@r v@rtEl@ ma Gut
fv600253,187.951,193.101,nAtyrl@k wOrd@ @r Al vOlOp xrAp@ G@makt ov@r @t forstEl vAn stevart En vAnd@ lAnOt@
fv600253,193.101,195.901,mar di GrAp@n zE+n mIsplatst En vorbar@x
fv600253,195.901,196.950,kE+k
fv600253,196.950,200.301,an dez@ kAnt fAn d@ talGrEns_stOpt mEn mOmEntel vor @n rot lIxt
fv600253,200.301,201.010,wEl
fv600253,201.010,204.361,dAt sAl In d@ tukOmst ok so blE+v@n lat@ w@ dY+d@l@k sE+n
fv600253,204.361,207.491,moG@l@k wOrt @t orAJ@ wEl v@rvAN@n dor @n blA+ lIxt
fv600253,207.491,212.271,Of en In @n And@r@ kl2r di dIxt@r anslY+d bE+ d@ sam@stElIN vAn d@ hY+d@G@ kowAlisi
fv600253,212.271,214.961,mar dAt sE+n detAjz di evEntywel kYn@ b@sprok@ wOrd@
fv600253,214.961,216.991,In d@ kOnf@rEnsi vor d@ statshErvOrmIN
fv600253,216.991,220.780,h@t Is Ext@r nit so dAt_t@ vlamIN@ In d@ tukOmst rExs xan rE+d@
fv600253,220.780,222.371,En d@ wal@ lINks Of so
fv600253,222.371,225.121,En dAt_t@ brYs@larz dAn mar wAt In @d mId@ zYl@ ankloj@
fv600253,225.121,228.581,lat@ w@ d@ zak@n Alstyblift nit In @d b@lAx@l@k@ trEk@n
fv600253,228.581,231.821,h@t kAn And@rzE+ts xen kwat sIx @s Af t@ vraG@
fv600253,231.821,233.471,Ov d@ fil@z Ob d@ brYs@ls@ rIN
fv600253,233.471,236.051,ojt @n talG@bOnd@n mAteri kYn@ wOrd@n
fv600253,236.051,237.755,@n Eksklyzif Inhalv@rbOt
fv600253,237.755,240.720,vor d@ wal@n @n E+G@n snElhE+dzb@pErkIN vor d@ vlamIN@
fv600253,240.720,244.395,evEntywel mEt ansxY+fAsilitE+t@n vor d@ b@won@rs fAn d@ G@ment@ In
fv600253,244.395,247.481,d@ brYs@ls@ rAnt Er kAn Al@mal ov@r G@dIskySert wOrd@
fv600253,247.481,248.740,mar ja
fv600253,248.740,249.951,h@t fil t@ vorspEl@n
fv600253,249.951,251.541,h@t plE+doj vAn stevart
fv600253,251.541,252.531,En vAnd@ lAnOt@
fv600253,252.531,254.005,wErt_tor d@ frAnstal@G@n
fv600253,254.005,257.201,mEten In @n kOmynotE:r v@rdOmhukj@ G@vext
fv600253,257.201,259.275,d@ vlams@ EspemInIst@rs
fv600253,259.275,261.651,OntkEn@ nOxtAns Elk@ bE+b@dulIN
fv600253,261.651,264.891,mEt @n zek@r@ prOfilerINzdrAN vAn hYn pArtE+
fv600253,264.891,268.181,di zIt nam@l@k In d@ r@GerIN mar bE+na nimAnt wet_tAt
fv600253,268.181,269.721,darme heft Yn vorstEl
fv600253,269.721,271.618,Al ev@mIn its t@ mak@n
fv600253,273.071,273.841,ne
fv600253,273.841,277.351,In fE+t@ Gan stevart En vAnd@ lAnOt@ G@won vErd@r
fv600253,277.351,278.891,Ob d@ wEx fAn d@ v@rlIxtIN
fv600253,278.891,280.431,zoAls InG@slaG@ dor
fv600253,280.431,281.581,johAn sA+@s
fv600253,281.581,284.221,tun di ojt flams f@rkersmInIst@r wAs
fv600253,284.221,286.251,zoAls y ONG@twE+f@lt nOx wet
fv600253,286.251,288.451,lid_dez@ Grot@ vOlksynidENk@r
fv600253,288.451,291.365,dEstE+ts d@ bElGis@ rotwIt@ v@rkerspal@n
fv600253,291.365,292.401,hErsxIld@r@n
fv600253,292.401,294.870,In zwArt En Gel tOt Ext@
fv600253,294.870,296.691,vlams@ v@rkerspal@n
fv600253,296.691,300.091,sInzdin knAl@n Elk jar vel@ vlamIN@ zIx t@ plEt@r
fv600253,300.091,303.661,teG@n @n pal In hYn E+G@n v@rtrA+d@ kl2r@n
fv600253,303.661,306.643,mEn kAn dAt @n v@rbet@rIN vInd@n
fv600281,0.000,6.321,En ErwIn jAns di Is @r wer bE+ kom@ zIt@ wAnt hE+ heft zE+n tEkstk2z@ vor Ons Y+t_t@ kAst x@halt wAd Iz @t x@wOrd@
fv600281,9.329,13.531,vAn En di heft nOxtAns vrE+ lAN@ fab@ls x@sxrev@ #
fv600281,14.701,17.137,wE+ Gan @r @ warOm Ep j@ G@koz@n_nOx ev@ snEl
fv600281,19.144,20.100,[]
fv600281,21.991,24.883,lat Ons pasfer krE+G@n
fv600281,26.553,27.141,[]
fv600281,128.704,133.985,ja d[] mut@ w@ mar @z ev@tj@z mEt dIt reG@nAxt@G@ wer tE+t for nem@n En ov@r nadENk@n
fv600281,133.985,137.109,kAfkA wAz dAt forG@lez@ dor ErwIn jAns b@dANkt
fv600281,6.293,9.329,@N kOrt@ fab@l vAn frAns kAfkA
fv600281,11.936,14.629,[] ok ENk@l@ kOrt@ dId Iz en vAn d@ kOrt@
fv600281,17.205,21.884,@m nadENk@ ov@r d@ pazdaG@ zi Ik @r tOx In
fv600281,24.883,26.553,G@mensxAp
fv600281,28.836,34.020,wE+ zE+n vE+f_frind@ wE+ zE+n ens Axt@r Elkar Y+t @n hY+s x@kom@
fv600281,34.020,38.947,erst kwAm d@ en@ EN GIN nazd_d@ d2r stan tun kwAm Of liv@r
fv600281,38.947,42.917,Glet so lIxt Alz @n drYp@l kwIksIlv@r GlE+t d@ twed@ Y+t_t@ d2r
fv600281,42.917,47.554,En stEld@ zIx nit fEr vAn d@ erst@ Op tun d@ dErd@ tun d@ vird@
fv600281,47.554,53.712,tun d@ vE+vd@ t@n slOt@ stOnd@ wE+ Al@mal Op @n rE+ d@ mEns@ mErkt@ Ons Op
fv600281,53.712,59.422,wez@ nar Ons En zE+d@ di vE+f zE+n Y+t dAt hY+s x@kom@
fv600281,59.422,69.132,sIndzdin lev@ wE+ sam@ @t sA+ @n vredzam lev@ zE+n Als_sIx nit fordyr@nt @n zEzd@ wIld@ anslY+t@ hE+ dut Ons nits
fv600281,69.132,79.223,mar wE+ vInd@ hEm lAst@x En dAd Iz Al G@nux warOm drINt hE+ zIx In war hE+ nit x@wEnst Is w@ kEn@ hEm nit En wIl@ hEm nit In Ons xrupj@ Opnem@
fv600281,79.223,88.359,wE+ vE+v@ hEb@ Elkar vruG@r wElIswar ok nit x@kEnt En AS_S@ wIlt kEn@ w@ Elkar ok ny nit mar wAd bE+ On[] fE+v@ moG@l@k Is En v@rdraG@ wOrt
fv600281,88.359,94.989,Is mEt_ti zEzd@ nit moG@l@k En wOrt nit f@rdraG@ bov@ndin zE+n w@ mEd Ons fE+v@ En wIl@ w@ nit mEd Ons_sEs@ zE+n
fv600281,94.989,103.051,En wAt sA+ ov@r@G@nz dIt fordyr@nd@ sam@zE+n vor zIn hEb@ ok for Ons fE+v@ heft @t xen zIn mar wE+ zE+n_ny Al sam@ Em blE+v@ h@t
fv600281,103.051,111.148,mar @n_niw@ v@rbIndIN wIl@ w@ nit jY+st Op xrOnt vAn Onz@ ErvarIN@ mar hu mut j@ dIt Al@z d@ zEzd@ an z@n v@rstAnd brEN@
fv600281,111.148,121.223,lAN@ Y+tenzEtIN@ zA+d@ Al bE+na h@t Opnem@ In Onz@ krIN b@tek@n@ wE+ v@rklar@ liv@r nits En_nem@ hEm nit Op hE+ kAn_nOx son lel@k x@zIxt_trEk@
fv600281,121.223,128.704,w@ stot@ hEm mEt_t@ El@boG@ wEx mar Al stot@ w@ hEm nOx so hArt wEx hE+ kOmt t@rYx
fv600386,0.000,2.725,@t_tilts@ tejat@rhY+s mAlp@rtY+s
fv600386,2.725,5.760,krE+xt fAn d@ Erfx@nam@ vAn d@ sxrE+v@r sEmywEl bEk@t
fv600386,5.760,10.600,Gen tustEmIN Om @n twed@ seri vorstElIN@ t@ Gev@ vAn wAxt@ Op Godo
fv600386,10.600,14.880,Godo wErt OnlANs nOx Y+tx@rup@ tOt h@t_tOnelstYk fAn d@ ew
fv600386,14.880,19.610,En d@ nab@stand@ vAn d@ A+t2r kYn@ h@t nit hEb@ dAt s@ In tilt stYk@ hEb@ wEx@lat@
fv600386,19.610,22.300,En @n vrA+@l@k pErsOnaZ@ hEb@ bIn@G@smOk@lt
fv600386,22.300,25.942,johAn til@mAns ov@r d@ vrE+hE+t vAn d@ reGis2r
fv600386,25.820,28.010,@t wAs wer prE+z dez@ wek
fv600386,28.010,32.210,tejat@r mAlp@rtY+s_spelt wAxt@n Ob godo vAn sEmywEl bEk@t
fv600386,32.210,36.250,En dar vil @d b@rIGd bIn@ dAt_t@ Erfx@nam@ vAn d@ Grot@ irs@ sxrE+v@r
fv600386,36.250,39.160,vOnd@ dAt @r mEt_t@ tEkst_t@ vel G@sOlt wErt
fv600386,39.160,42.570,reGis2r sAm boGarts makt@ @t_t@ bOnt
fv600386,42.570,46.410,darOm Gen tulatIN mer Om @t stYk Op t@ vur@n
fv600386,46.410,49.980,wi z@m_mAnir@ nit kAn hA+d@ mut fAn d@ tEkst AvblE+v@ pYnt
fv600386,49.980,53.550,Ik_kEn_nOGAl wAt ot2rs di mEd_di menIN InstEm@
fv600386,53.550,56.680,wAt j@ mEt swet En tran@n an @t pApir Ept_tuv@rtrA+t
fv600386,56.680,60.200,mAG dor Gen ENk@l@ And@r@ kir@wit b@zud@lt wOrd@n
fv600386,60.200,61.941,d@ tEkst mut hE+l@x sE+n
fv600386,61.941,64.870,d@ tEkst m@ner dar du j@ j@ hut vor Af
fv600386,64.870,69.210,wEl Ik mud b@kEn@ dAt Ik darme nit hel@mal Akort xa
fv600386,69.210,72.500,vor mE+ mAx hAml@t G@spelt wOrd@ dor @n vrA+
fv600386,72.500,75.120,@t zwan@mer mAx_x@dAnst wOrd@ mEt Al@mal mAn@
fv600386,75.120,76.840,prInsEs INklY+s
fv600386,76.840,79.844,zE+n @r dAn nErG@s rEm@
fv600386,79.844,81.214,Is @r dAn_nojt @n oG@mblIk
fv600386,81.214,83.100,warOp ok Ik mud b@kEn@
fv600386,83.100,84.516,liv@r nit knuj@
fv600386,84.516,86.890,nAtyrl@k dAt x@b2rt nOG Al Is
fv600386,86.890,91.290,@t kOmt for dAt @n wAt ov@rmud@x jON mEns @n tEkst_t@ lE+f xat
fv600386,91.290,94.580,En hE+ vAn par@ls sxril@ kral@ makt
fv600386,94.580,96.832,kOman zEx j@ dAn @t Is wEl d@ b@dulIN
fv600386,96.832,98.940,dAt AS_S@ j@ mEt @n tEkst mujt
fv600386,98.940,100.924,@t rezyltat @r mAx sE+n
fv600386,100.924,102.320,Ik sEx so mar wAt
fv600386,102.320,103.813,hu vak Ep Ik nit x@dAxt
fv600386,103.813,105.628,blE+f_fAn Sekspir Af
fv600386,105.628,106.668,du-w-Em G@won
fv600386,106.668,109.468,mar dAt wIl nOx AltE+t nit sEG@
fv600386,109.468,112.548,dAt Ik imAnt wIl v@rbid@ Om_mEt @n tEkst t@ rOl@bOl@
fv600386,112.548,115.188,wAnt sOms wOrt @t t@n orlOx
fv600386,115.188,117.682,wEl Ig bEn Onvorward@l@k for
fv600386,117.682,118.722,t@n orlOx
fv600386,118.722,121.388,jA Al@mal Gut En wEl hor Ik y zEG@ mar
fv600386,121.388,123.478,Sekspi@r Iz Al jar@ dot
fv600386,123.478,126.060,mE+n pYnt Is dot Of lev@nt
fv600386,126.060,127.270,dAt makt xen v@rsxIl
fv600386,127.270,129.958,Ik mut nAtyrl@k @n zwarwIxt@G@ vrax stEl@
fv600386,129.958,132.158,war kOmt_tOx dAd ide vAndan
fv600386,132.158,135.288,dAt_t@ sxrE+v@r z@n tEkst total b@zIt
fv600386,135.288,139.678,In d@ neG@tind@ ew tun tejat@rstYk@ sxrE+v@ @n Ext@ stil wErt
fv600386,139.678,141.438,hAd@ d@ sxrE+v@rz @m prOblem
fv600386,141.438,143.638,Als_s@ @n syksEsfOl@ tEkst sxrev@
fv600386,143.638,145.343,dAn mak[] @r And@r@ mEns@
fv600386,145.343,148.943,zoAlz bivobelt Y+txev@rz Em bukf@rkop@rs @r GElt me
fv600386,148.943,152.814,mar d@ sxrE+v@rs blev@n Op kA+d@ zOld@rkam@rtj@s f@rkl2mt
fv600386,152.814,155.828,bE+ @n maG@r hA+tfyrtj@ zIt@ kE+k@n_nar @t rot
fv600386,155.828,157.907,vor @n OnturE+k@nd@ bANkrek@nIN
fv600386,157.907,160.597,dAt wAs OnrExtfard@x fOnd@ z@
fv600386,160.597,165.107,tonelot2rs must@ tOt Axtin en@ntAxt@x wAxt@ Om vAn @t ot2rsrExt_t@ kYn@ G@nit@
fv600386,165.107,167.797,z@ kOnd@ ny del@ In d@ wInst
fv600386,167.797,171.417,d@ tOnelsxrE+v@r det s@n Intred@ In d@ kApitAlistis@ matsxApE+
fv600386,171.417,174.497,war @t wort b@zIt @n hE+l@x wort Is
fv600386,174.497,176.747,En dra GIN @d nid Om d@ ObrENst
fv600386,176.747,178.520,mar Om d@ word@ zElf
fv600386,178.520,181.297,Als imAnt @n wort wIld@ v@rAnd@r@
fv600386,181.297,182.825,@n dekO:r wE+z@G@
fv600386,182.825,184.002,@n rOl sxrAp@
fv600386,184.002,185.988,dAn klONk @t histeris
fv600386,185.988,188.130,vAn mE+ vAn mE+ hAnd@n Af
fv600386,188.130,190.330,@t wort wAz @m b@zIt
fv600386,190.330,193.570,dAt f@rded@xt wErt Alz d@ latst@ bAksten vAn @t E+G@ hY+s
fv600386,193.570,195.924,zo ok Onz@ Guj@ A+@
fv600386,195.924,197.568,sEmyw@l bEk@t
fv600386,197.568,199.437,nem ny dAt stYk wejtIN fO:r godo
fv600386,199.437,202.448,Ob d@ byn@ stat @n bom sxref sEmyw@l
fv600386,202.448,204.786,Gen OpfurIN zOnd@r bom
fv600386,204.786,207.263,wi zIx nit wIld@ sxIk@ di krex @m boz@ brif
fv600386,207.263,209.758,Gen bom Gen OpfurIN
fv600386,209.758,213.340,Ik fOnt_tAt fAn bEk@t Al @n GEk ide mar
fv600386,213.340,216.128,vAn Erfx@nam@ vInd Ik @t rOntY+t pOtsirl@k
fv600386,216.128,217.626,@n tEkst Iz idz dAt j@ makt
fv600386,217.626,219.312,j@ dud @r j@ Y+t@rst@ bEst for
fv600386,219.312,222.008,dAt sprekt mar Als j@ Em op@mbar makt
fv600386,222.008,223.648,dAn Gef j@ hEm wEx
fv600386,223.648,225.179,E+ Gat s@n E+G@ lev@ lE+d@
fv600386,225.179,228.791,En @r kYn@ wOnd@rl@k@ dIN@ me G@b2r@ lat Ik @t so zEG@
fv600386,228.791,231.092,ov@r OnsElf sE+n w@ AltE+d @m betj@ blInt
fv600386,231.092,233.708,wAt w@ Opx@sxrev@ hEb@ Is_slExs @n vorstEl
fv600386,233.708,237.198,dar heft Ons lIxt ov@r G@sxen@ mar @t lIxt fAn @n And@r
fv600386,237.198,240.498,kAn In Onz@ word@ Onv@rmud@ huk@ EN kAnt@ OndEk@
fv600386,240.498,242.853,dAt Is ny @d buj@nd@ vAn @t_tejat@rlev@
fv600386,242.853,245.700,En darOm Gan w@ zovel@ mal@ kE+k@ nar Sekspir
fv600386,245.700,249.228,En tSExof En bEkEt slIm Alz i wAs
fv600386,249.228,253.618,wAs t@ E+d@l Om tu t@ Gev@ dAt E+ Gen Y+tsOnd@rIN Ob d@ reG@l wAs
fv600386,253.618,256.100,nen zo zi-j-Ik @t @n tEkst Iz @n ObjEkt
fv600386,256.100,258.239,j@ makt_ti Geft_ti-j-an d@ kyltyr dAt wIl zEG@
fv600386,258.239,259.338,aJ_J@ med@mEns@
fv600386,259.338,262.188,v@rbeldIN Iz rE+k OnvorspElbar En vrE+
fv600386,262.188,265.098,En Als kyltyrmEns mut j@ Elk@ b@knIb@lIN
fv600386,265.098,266.735,Em b@pErkIN b@strE+d@
fv600386,266.735,269.058,vrE+hE+t blE+hE+t
fv600386,269.058,272.738,@n tEkst kAJ_J@ nit bIn@n @t kApitAlistiz@ b@zIt OpslY+t@
fv600386,272.738,275.758,bEk@t En z@n Erv@ hEb@ OnG@lE+k
fv600386,275.758,279.488,sAm boGardz bE+ mAlp@rtY+s mut s@n wAxt@ Ob godo moG@ vErd@r spel@
fv600386,279.488,283.338,dar zA+ zElfs xen oG@mblIk diskysi moG@ ov@r b@stan
fv600386,283.338,285.943,nit for @t EN@ wort plE+t@ w@
fv600386,285.943,289.108,wEl vor d@ Apsolyt@ vrE+hE+t vAn d@ v@rbeldIN
fv600386,289.108,291.028,Erfx@nam@ zA+ Ik wIl@ zEG@
fv600386,291.028,292.113,jYli kYn@ InpAk@
fv600458,0.000,4.525,mar sxap tox Iz @n tipis@ Y+drYkIN @n tipis flams@ Y+trYkIN
fv600458,4.525,10.930,mar t Iz ok d@ tIt@l vAn d@ niwst@ vorstElIN vAn tejat@r AntiGone IN kOrtrE+k xIst@r@ Im pr@mjE:r@ G@Gan
fv600458,10.930,18.073,pA+l arijAs En tejat@r AntiGone di wErk@n d@ latst@ tE+t mEt mEt spesjal@ mEns@n jON@ mEns@ vorAl Is dAt [] ny ok @t x@vAl
fv600458,38.079,43.274,wer Op @n spesjal@ lokasi dAd Iz ok @m betj@ @n tipis its for @t_tejat@r AntiGone G@wOrd@
fv600458,102.400,107.610,dar brEN@ zE+ @n v@rhal dAt ok xat ov@r di tEkstil@sEktOr tOx
fv600458,171.085,171.427,jA
fv600458,215.100,219.000,mar Iz dAt ny @n @n b@stand@ tEkst Of Iz dAt @n @n_niw@ tEkst_ti G@makt Is
fv600458,276.665,280.450,b@dANkt pOl arijAs mar sxap tox vAn tejat@r AntiGone
fv600458,280.450,284.630,Is nOx t@ zin In mozAik In d@ ov@rlE+@strat IN kOrtrE+k Iz dAt
fv600458,284.630,289.090,En dAt tOt dri jyni darna Gat_t@ vorstElIN nar l2v@ GEnt En AntwErp@
fv600458,18.124,26.090,wEl ny-j-ok @ sIns @ ZOs fErbist_tar dri jar G@led@ dirEkt2r G@wOrd@n Is makt E+ @r @N G@wont@ vAn Om Elk sE+zun @n jON reGis2r @m
fv600458,26.090,30.050,[] sE+n dAn mestAl Afx@styderd@ vAn d@ r@ZijOplE+dIN vAn @t rIts Im brYs@l
fv600458,30.050,31.718,@N kAns t@ Gev@n
fv600458,31.718,33.795,En dIt ker Iz dAt dOm@nik fAn mAld@r
fv600458,33.795,38.120,di zoN kAns krE+xt En @ di kOmt_trA+@s ok fAn di r@ZijOplE+dIN vAn t rIts h@
fv600458,42.523,44.773,wEl dAd Iz ok @N G@wont@-n-an t wOrd@
fv600458,44.773,49.330,@ sInts @ ZOs fErbist @ @ dar bE+ dAt_tejat@r AntiGone zIt
fv600458,49.330,53.760,G@wont@-n-Om Op @n lOkasi t@ Gan spel@n A+d@ pAnd@n wOrd@n Opx@zOxt
fv600458,53.760,57.130,sOm@G@n_num@n dAt_tAn @m betj@ an sEntimEntel@ ArxejoloGi dun
fv600458,57.130,59.050,mar d@ zIt_tOx wEl its mer Axt@r wAnt
fv600458,59.050,63.890,@n ONG@won@ lOkasi dYs xen trAdiSOnel@ tejat@rY+mt@-n-Of sxA+bYrx
fv600458,63.890,66.940,@ kAn me t x@zIxt fAn @n vorstElIN Elp@ b@pal@
fv600458,66.940,68.670,@ kAn stimyler@nt wErk@
fv600458,68.670,73.440,ma AntiGone prObert ok dor Op lOkasis @ Of And@r@ lOkasis t@ Gan zuk@n
fv600458,73.440,77.950,tusxA+@rs t@ b@rE+k@ di nOx nit_t@ wEx_x@vOnd@n Eb@n_na d@ nOrmal@ sxA+bYrG@n
fv600458,77.950,84.040,darOm wOrt @ wOrd_dYs @ b@wYst Av En tu na plEk@ G@zOxt wEx Y+t @d_dirEkt@ sEntrYm vAN kOrtrE+k
fv600458,84.040,89.870,zo wOrt @r ny G@spelt In d@ wE+k ov@rlE+@ d Is nEt an d@ And@r@ kAnt fAn d@ lE+@ In d@ zal mOzAik
fv600458,89.870,92.560,En ny Is_sal wEl @n hel Grot wort
fv600458,92.560,97.610,wAnt @d Is tOx wEl wAt @n @ bA+vAl@x pAnt In @n sort stexj@ Intr@sAnt E+G@l@k x@leG@n
fv600458,97.610,102.440,En dAt mut_tAn vruG@r @n tEkstilfAbrikj@ G@west sE+n war vlAslIn@ wErt @ v@rwErkt
fv600458,107.667,110.230,w@ mak@n In zek@r@ zIn @t AfsxE+t me
fv600458,110.230,115.410,vAn @n dirEktY:r vAn @ blE+gbar @n fAbrikj@ warsxE+nl@k @n tEkstilfAbrikj@
fv600458,115.410,116.780,d er v@rfaj@
fv600458,116.780,120.436,E w@ krE+G@n_nit @t Ext AfsxE+t_t@ zin h@t AfsxE+tsritywel E+G@l@k
fv600458,120.436,124.435,wAnt @ par ArbE+d@rs @ di zEt@ vAn Al@s Op tA+ Om dAt AfsxE+t_t@ vir@
fv600458,124.435,126.610,mar w@ mak@ d@ rIp@tisi me
fv600458,126.610,128.750,vAn @ dAt AfsxE+tsfest
fv600458,128.750,133.480,dar wOrt_tYs fAn Al@s klarG@zEt_t@ vlur G@dwE+lt_t@ taf@l mEt_trANk wOrt klarG@zEt
fv600458,133.480,135.010,d@ spitS@s wOrd@ G@rIp@tert
fv600458,135.010,137.650,En ok wAt @r zoAl Gat x@spelt EN G@zON@ wOrd@
fv600458,137.650,141.281,wAnt nast_t@ vir AktY:rs_sE+n @r ok nOG dri myzikAnt@n hE
fv600458,141.281,143.365,En t@rwE+l dAt AfsxE+tsfest wOrt x@rIp@tert
fv600458,143.365,145.560,v@rnem@ w@ dYs fel ov@r di m@ner v@rfaj@
fv600458,145.560,149.190,ma-j-In zek@r@ zIn_nOx fel mer ov@r di mEns@ di dAt fest OrGAnizer@
fv600458,149.190,152.020,En entj@ mArjAn@ stalAk@r het s@
fv600458,152.020,153.580,hef sowAt_t@ lE+dIN
fv600458,153.580,159.350,mar Gut an d@ spOt fAn d@ And@r@ t@ hor@ b@hort sE+ dY+d@l@k tOt @t kad@r d And@r@ tOt_t ArbE+d@rs
fv600458,159.350,161.335,ok ar ned@rlAns@ tONvAl
fv600458,161.335,165.170,wAnt_t Iz @n_ned@rlAns@ Aktris@ vAn AfkOmst @m Esme bOs
fv600458,165.170,167.500,@ Iz ok Al Iz @t mIkpYnd bE+ d And@r@
fv600458,167.500,171.696,di nOGAl @ erd@r vAn dAt @ b@sxaft flams_spre#ek@n
fv600458,171.696,176.540,zoAlz d@ tit@l Al_lat v@rmud@ mar sxap tOG dAt mut j@ @m betj@ Op s@ wEstflams Y+tsprek@ warsxE+nl@k
fv600458,176.540,182.190,ma-j-Ik mut @ tuGev@ di-j-Esme bOz di spelt_ti rOl @ prAxt@x En z@ kAn ok hel moj zIN@n
fv600458,182.190,189.770,pIm []Iljart di-j-ok mEt_t@ myzik@InstrymEnt@n ov@rwEx kAn @ EN Gert siks sE+n dAn dY+d@l@k twe ArbE+d@rz di nit Op Yn mOnt x@vAl@ zE+n
fv600458,189.770,194.780,En di mar Al t@ Grax @ dAn d@ dErd ArbE+d@r d@Gen@ di d@ vlur zIt_t@ dwE+l@ zIt@ t@ pEst@
fv600458,194.780,199.250,En di wOrt_tAn Iz dA ny tuvAl@x Of nit_tuvAl@x @ di wOrt_tAN G@spelt_tor d@ reGisY:r
fv600458,199.250,201.200,di jON@ reGisY:r dOm@nik fAmAld@r
fv600458,201.200,203.950,En_nAtyrl@k_kAn @t ni-j-And@rz dAt_tar_ryzi vAN kOmt
fv600458,203.950,207.845,mar erst hEb@ w@ dAn ok nOx fAn di twe @ di nit Op Yn mOnt x@vAl@ zE+n
fv600458,207.845,210.980,@n zwar@ Y+tfAl moG@n or@n_nar Ons ekonomis_sistem
fv600458,210.980,215.100,En_na d@ wErkOmstAnd@xed@ En hu-j-@t fruG@r tOx Al@mal vel bet@r wAs hE
fv600458,219.026,220.688,z Eb@ G@wErkt Alz @N kOlEktif
fv600458,220.688,223.390,@ z@ war@n erst f@rtrOk@ vAn b@stand@ tEkst@
fv600458,223.390,227.290,En @n tEkst_ti @ di jON@ reGis2r hAt @ G @ meG@brAxt
fv600458,227.290,232.620,ma dAd Eb@ z@ vAn d@ taf@l G@vext En dAn zE+n z@ Az @ kOlEktif xan zak@n @ sam@stEl@
fv600458,232.620,236.180,En Ik mut sEG@n dAt ide vAn t rep@ter@ vAn @n AfsxE+tsfest
fv600458,236.180,238.460,vor zon dirEkt2r vAn @n fAbrik @d Is l2k
fv600458,238.460,242.010,ma t Is @ spE+t@x_x@nux hir @ hel stYnt@l@x Y+tx@wErkt
fv600458,242.010,244.740,Al@ Akt2rs wet@ wEl @n tip@tj@ vAst_t@ hA+d@n
fv600458,244.740,246.305,dAt_tu z@ sxIt@r@nt wErk@l@k
fv600458,246.305,249.470,mar Y+tE+nd@l@k_krE+G@ w@ @n reks_skEtS@z En litj@s t@ hor@n
fv600458,249.470,252.110,mEt @m bIzOnd@r Grov@ drat am_m@kar G@najt
fv600458,252.110,254.935,erd@r @n wAt flA+@ bOnt@ av@nt_tar det @t m@ an dENk@n
fv600458,254.935,258.150,dAn an GInspirert fOlkstejat@r wAt @t sA+ mut@ zE+n
fv600458,258.150,261.000,In d b@GIn zAt Ik t@ dENk@ wAne b@GInt_ti vorstElIN tOx
fv600458,261.000,263.530,Y+tE+nd@l@k Iz di vorstElIN nojd b@GOn@
fv600458,263.530,268.040,ny Op sIx Iz dA wEl knAp Om dAt j@ zo warG@trA+ @n rIp@tizi kYnt naspel@n
fv600458,268.040,272.710,ma t mAt@rjal dAt w@ And@rAlv yr t@ zin En t@ hor@ kreG@ wAz dAn wer its t@ G@mAk@l@k
fv600458,272.710,273.920,t@ vor d@ hAnt lIG@nt
fv600458,273.920,276.650,En Y+tE+nd@l@k wE+n@G Ond@rA+d@nt AS_S@ t mE+ vraxt
fv600524,0.000,6.572,@n Gud@ avOnt Ob d@ rAnt fAn @n moj@ nazom@r v@rGAst_t@ tustAnt y dez@ wek Op vE+f trEntx@vul@G@ b@rIxt@
fv600524,6.572,10.000,AfkOmst@x fAn dri A~sjE~z En twe r@lAtiv@ niwkom@rs
fv600524,10.000,12.725,w@ b@GIn@ mEt yrban d@ bEk@r En d@ bur@
fv600524,12.725,15.095,zwENk@ dAn_nar GErt maj2 Em bOb dIl@n
fv600524,15.095,18.225,blE+v@ ev@ stan bE+ GErIt sIks ov@r nowEl slAN@
fv600524,18.225,22.405,E rOnd@ Onz@ Y+tsEndIN Af mEt_t@ her@ tEri v@rbIst En mArk fAnd@nhof
fv600524,22.405,26.305,rEspEktiv@l@k ov@r @d b@GrotINsov@rsxOt fAn Onz@ nord@rbyr@
fv600524,26.305,32.395,En @t nE+p@nd@ sxrE+n@nd@ nA+@l@ks t@ v@rdov@ t@kOrt an vlams@ tAndArtsstydEnt@
fv600524,32.395,35.941,d@ trost@nd@ myzik Is Alwer vAn ZOs vAnd@rvEld@
fv600529,0.000,2.832,A+ dAt det ev@ pE+n
fv600529,2.832,6.672,In hel vland@r@ sxE+n@ @r zIx for @t niw@ AkAdemijar slExs
fv600529,6.672,10.000,en@ntwInt@x stydEnt@ tAnthelkYnd@ t@ hEb@ ING@sxrev@
fv600529,10.000,15.508,zodAt y En Ik bIn@ ENk@l@ jar@ Opniw @n tA+tj@ an d@ d2rklINk sYl@ mut@ vAstmak@
fv600529,15.508,17.780,En Onz@ E+G@ tAnd@ trEk@
fv600529,17.780,22.684,mArk fAn d@n hof ov@r d@ niw@ tE+t di hEm_mar mat@x sxE+nt_t@ b@vAl@
fv600529,23.162,27.886,@t sit @r vEr@ vAn roskl2r@x Y+t Al@mal erst wAz @t_t@ pOst
fv600529,27.886,32.203,briv@ di fA+d b@stElt wErd@n Of_fel t@ lat Of hel@mal nit
fv600529,32.203,34.196,En dAn wAz @t @t spor
fv600529,34.196,37.087,trE+n@n di hop@loz ov@r tE+t war@n
fv600529,37.087,39.356,bov@lE+dIN@ di @d b@Gav@n
fv600529,39.356,41.620,stASOnz di wErd@ Afx@sxAft
fv600529,41.620,43.883,OnmoG@l@k@ v@rbIndIN@n
fv600529,43.883,47.300,En ny dAt wer nOx ev@n hor @k
fv600529,47.300,52.965,En @r zE+n t@ wE+n@x tAndArts@n Of mOntarts@n tAnthelkYnd@G@n dAntist@ kOm
fv600529,52.965,57.432,@t Is mEt And@r@ word@ zo Gut As x@dan mEt_t@ vorY+txAN
fv600529,57.432,62.131,d@ zek@rhE+t dAt AS_S@_@n miSiv@ tuv@rtrA+t an d@ pOst@rE+@n
fv600529,62.131,67.075,dAt_ti dAn ok kOrt@ tOt ser kOrt@ tE+t lat@r bE+ d@ G@AdrEserd@ wOrt Afx@lev@rt
fv600529,67.075,72.930,En dAt wi dAt wEnst z@n drIN@ntst@ sxrE+v@n ok mEt sput kAn lat@ b@stEl@
fv600529,72.930,76.206,wAz dAt m@sxin d@ tak fAn d@ pOst nit
fv600529,76.206,80.560,wEl v@rGet @t mar di tE+t Is vorbE+
fv600529,80.560,86.096,En dAt wAz og d@ tE+t_tAt @t fOlstOnt d@ dinstreG@lIN vAn d@ E+z@r@ wEx na t@ kE+k@n
fv600529,86.096,88.598,En j@ Op tE+t nar @t stASOn t@ b@Gev@n
fv600529,88.598,92.705,Om Op @n vorAf x@koz@n tE+tstIp ErG@ns t@ Ariver@n
fv600529,92.705,95.322,ok G@dan
fv600529,95.322,99.730,mar OndANgz dAt Al@s wAs @r tOx nOx d@ G@rYstEl@nd@ G@dAxt@
fv600529,99.730,102.297,dAt Als w@ tAntpE+n zA+d@ krE+G@n
fv600529,102.297,107.419,dAt w@ dAn mar ev@n @n Afsprak huvd@ t@ mak@n mEt_ti tAndArts @m par strat@ vErd@r
fv600529,107.419,112.122,Om vAn di pE+n AlrAs Ob d@ en Of And@r@ wE+z@ t@ wOrd@ v@rlOst
fv600529,112.122,115.752,trEk@n Of plOmber@n Of mEt And@r@ word@n
fv600529,115.752,119.369,In @t en@ G@vAl @n spY+tj@ Of erst nOx @n And@r sort spY+tj@
fv600529,119.369,122.164,Om @t Ext@ spY+tj@ nit_t@ vul@ En dAn di
fv600529,122.164,125.106,kak di v@rstE+vd@ En di lIp di zwOl
fv600529,125.106,127.548,En dAn ev@n dAt frIk@n En vrIN@n
fv600529,127.548,130.678,En dAn dAd_dOf x@krak En vwAlA
fv600529,130.678,132.789,E+ Is @rY+t spul ny mar Is
fv600529,132.789,137.109,En In @t And@r@ G@vAl dAt AfurbY+S@ vor @t speks@l In j@ mOnthuk
fv600529,137.109,139.480,@t x@zum vAn d@ bor In j@ hoft
fv600529,139.480,144.409,En Av En tu zon min@jAtyr hoG@drYkrE+n@G@r Om d@ zak@ wer wAt ov@rzIxt@l@k@r t@ mak@n
fv600529,144.409,149.752,zo ONG@ver AltAns stElt @n mEns zIx for dAd @t In z@n wErk xat
fv600529,149.752,152.275,En IntYs@ vraG@ b@Antword@n
fv600529,152.275,154.365,ov@r hu @t soAl Gat Op @t wErk
fv600529,154.365,158.526,Op klarA dYs_soG@zExt nitwa[] E mEt frA+ En kInd@r@ hu kl[]k []
fv600529,158.526,163.943,En dAn kOmt @r Onv@rmE+d@l@k @n oG@mblIk warOp @t x@sprEk nit And@rs kAn dAn stIlvAl@n stOk@n
fv600529,163.943,167.347,d@ pASEnt Iz bE+ wE+z@ vAn sprek@ mOndot x@makt
fv600529,167.347,169.773,En dAn G@b2rt @d b@vorbelt
fv600529,169.773,172.811,dAt_t@ tAndArts @m betj@ vor zIx Y+t n2rit
fv600529,172.811,178.215,word@nlos d@ melodi Is @t fAn o hoft fOl blut En wOnd@n
fv600529,178.215,183.241,Of m@sxin dAt hE+ bE+ @t n2rij@ vAn di melodi an d@ tEkst fAn d@ vlams@ lew dENkt
fv600529,183.241,187.883,wAnt Ob d@ en@ melodi kAn j@ d@ And@r@ tEkst sIN@n En OmG@kert
fv600529,187.883,192.122,En dAn Ga j@ nar Y+s nOx mEt_ti stE+v@ wAN En lIp
fv600529,192.122,196.232,Of mEt_t@ en Ov And@r@ medisinal@ smak In j@ mOnt @m betj@ bAN
fv600529,196.232,199.200,dAt_t@ v@rkerd@ tAnt x@trOk@n Of x@plOmbert Is
fv600529,199.200,201.764,En dAt @t strAks Opniw pE+n zAl Gan dun
fv600529,201.764,206.990,mar zo zAl wEldra blE+k@n j@ bEnt Ind@rdat G@hOlp@n
fv600529,206.990,213.466,Ax f@rGet @t Al@mal mar ov@r Afsinbar@ tE+t zYl@n @r tAntisten t@kOrt sE+n
fv600529,213.466,218.026,En w@ zYl@n Ons wer mut@ b@hElp@n zoAls lAmbik [] sYsk@-n-E wIsk@
fv600529,218.026,220.272,Of lejonArt snuk In d@ fAmili snuk
fv600529,220.272,224.203,@n tA+tj@ rOnt_t@ pE+nl@k@ tAnt En dAt fAstmak@ an d@ d2rklINk
fv600529,224.203,229.087,@r wEl zOrx for draG@nt_tAt j@ j@ Als pASEnt an d@ jY+st@ kAnt fAn d@ d2r b@vInt
fv600529,229.087,232.488,zodan@x dAt Alz d@ d2r Op en@xsIns kwik@
fv600529,232.488,236.778,En lev@slYst@G@ wE+z@ wOrt x@op@nt_tor @n_nitsf@rmud@nd@ med@mEns
fv600529,236.778,241.764,zodan@x dAd_dAn d@ lAst@G@ tAnt In en rYk wOrt f@rwE+d@rt
fv600529,241.764,244.990,o hoft fOl blut En wOnd@n
fv600529,244.990,249.407,z@ zYl@n Em nit_tEm@n d@ fir@ vlams@ lew En Ob d@n dyr
fv600529,249.407,252.952,rEst Ons zowAls @t_t@n tE+d@ vAn Onz@ GrotA+d@rs wAs
fv600529,252.952,255.037,nOx slExts en tAnt
fv600529,255.037,258.194,En Al@ kInd@r@ bAN j@ mut @r nit an dENk@
fv600529,258.194,260.798,@t lE+kt wEl @t E+nd@ dEr tE+d@n
fv600529,260.798,263.582,d@ tAndArts@n zYl@n Alen_nOx
fv600529,263.582,265.488,hel vEr vAn hY+s won@n
fv600529,265.488,269.360,En bov@ndin zAl @t spor @t_ti dAx lat@ Afwet@n
fv600529,269.360,272.337,xen prEt@x forY+tsIxt_tAxt E+
fv600529,272.337,274.918,En spul ny mar @s zE+ d@ tAndArts
fv600617,0.000,1.040,darstrAks hAd@ w@ t Al
fv600617,1.040,3.730,ev@ ov@r d@ v@rsxIl@ tYs@ bElGij@ En_ned@rlAnt
fv600617,3.730,4.629,hel wAt flamIN@
fv600617,4.629,7.250,lop@ nit so Erx hox Op mEt ned@rlAnd@rz di
fv600617,7.250,9.280,dIkw@lz Als AroGAnt wOrd@ b@stEmp@lt
fv600617,9.280,10.980,OmG@kert Iz dAt nit war
fv600617,10.980,12.250,Onz@ nord@rbyr@
fv600617,12.250,13.120,lE+k@ bElGij@
fv600617,13.120,14.120,En d@ bElG@
fv600617,14.120,15.710,vel mer t@ AprESer@
fv600617,15.710,18.510,In d@ ned@rlAns@ GrEnsx@ment@ slY+sard@mbYrx
fv600617,18.510,19.280,wIl@ z@ zElfs
fv600617,19.280,19.990,liv@r
fv600617,19.990,21.617,bE+ bElGij@ hor@
fv600855,0.000,3.005,fIlmfEns fIlmfAnat@n G@Grut Ig bEn zer blE+ dAt y @r bEnt wAnt
fv600855,3.005,4.922,dIt Is tOx wEl @m betj@ @n ev@n@mEnt
fv600855,4.922,6.650,Als hoxt@pYnt fAn Onz@ klE+n@
fv600855,6.650,8.520,brYS Yp jOr Sekspi@r_reks
fv600855,8.520,9.890,ton@ wE+ vAnavOnt h@t stYk
fv600855,9.890,10.770,dEr stYk@n
fv600855,10.770,12.420,d@ trAGedi dEr trAGedij@n
fv600855,12.420,13.300,hEml@t
fv600855,13.300,14.230,En dAd bov@din
fv600855,14.230,16.210,In d@ InteGral@ vErsi
fv600855,16.210,17.145,h@d_dromprOjEkt
fv600855,17.145,18.400,d@ OpsEsi bE+na
fv600855,18.400,20.330,vAn @n mAn vAn Amp@r zEs@ndErt@x
fv600855,20.820,22.723,di hir @n lev@ En @m blItskArjE:r@ lAN
fv600855,22.723,24.610,nar heft_tuG@left EN G@wErkt
fv600855,24.610,25.870,kEn@d brEn@
fv600855,25.870,28.160,vAn hel vrux Axt@rvOlxt_tor @t epitetOn
fv600855,28.160,29.940,d@ niw@ lOr@ns OlIvje
fv600855,29.940,30.810,wAnt ok
fv600855,30.810,32.460,b@G@nad@xt Akt2r
fv600855,32.460,33.510,reGis2r
fv600855,33.510,34.930,fIlm En tejat@rmAn
fv600855,34.930,35.870,tOt i
fv600855,35.870,37.460,mEd_dez@ stYnts dYs
fv600855,37.460,39.160,mEt har zo plAtinAblOnt
fv600855,39.160,40.430,Alz dAt fAn OlIvje
fv600855,40.430,43.780,d@ spOrtiv@ kOnfrOntasi @d_def@nitiv@ dywEl zEx mar aNGat
fv600855,43.780,47.075,mEt_ti mAn wins_sxadyw hEm zolAN Iz blE+v@ Axt@rvOlG@
fv600855,47.950,50.040,En vAn @n stYnt kAn j@ tOx Ext wEl sprek@
fv600855,50.040,53.110,nit ENk@l heft brEnE d@ hel@ Aksi ov@rG@platst
fv600855,53.110,54.760,zoAlz y warsxE+nl@k Al heft x@zin
fv600855,54.760,57.010,nar ErG@s In d@ neG@tind@ ew
fv600855,57.010,59.160,AlzOv @t sIx nojt ErG@z And@rs heft Afx@spelt
fv600855,59.820,61.811,nit ENk@l Is E+ d@rIN G@slaxt so ONG@ver h@t
fv600855,61.811,65.690,krY+m vAn Al@ Grotst@ SekspirAkt2rs rOnt sIx t@ v@rzam@l@
fv600855,65.690,66.520,anG@vYlt
fv600855,66.520,67.940,mEt Al@mal Grot@ nam@n
fv600855,67.940,69.260,In GrAp@x_x@nux
fv600855,69.260,70.200,d@ klE+n@ rOl@n
fv600855,70.200,71.900,vAn dZEk lEm@n zo m@ten
fv600855,71.900,73.270,ov@r_rOb@n wIlj@ms
fv600855,73.270,74.260,bIli krIst@l
fv600855,74.260,75.850,tOd bE+ Zerar d@pArdj2
fv600855,75.850,78.160,mut @r nOx sAnt sE+n zE+ d@ dotxrav@r
fv600855,78.160,79.640,mar vorAl hE+ heft
fv600855,79.640,82.660,In wErv@l@nd@ sef@t@x milimet@r sin@mA
fv600855,82.660,83.760,dYs_so mar ev@n
fv600855,83.760,84.530,Opniw
fv600855,84.530,86.670,d@ InteGral@ tEkst @rdor G@jaxt
fv600855,86.670,87.770,wort for wort
fv600855,87.770,88.980,vAn vor nar Axt@r
fv600855,88.980,90.130,t wAz Alz @n OpsEsi
fv600855,90.130,91.120,mar vor kEn
fv600855,91.120,92.550,kOn h@t ENk@l zo
fv600855,92.550,95.790,OmdAt j@ In @n sImfoni ok nit hir En dar @m par blar@ wExlat
fv600855,96.390,99.040,zo krE+G@ w@ dYs wer @n hEml@t warIn Al@ Int@rpr@tasis
fv600855,99.040,100.960,Al@ b@tek@nIs@ op@G@lat@ wOrd@
fv600855,100.960,104.140,En AS_S@ wet_tAt ov@r dIt stYk hel@ bib@ljOtek@n G@sxrev@ zE+n
fv600855,104.640,105.510,h@t sE+n @r Al wAt
fv600855,106.170,109.960,ma vAndar og dAt_t@ fIlm hen En wer slIN@rt In stE+l vAn
fv600855,109.960,110.950,@n trIl@r
fv600855,110.950,112.785,@ sort hu dOn It sElfs tOt
fv600855,112.785,115.950,dAn wer @n melodramA dAn wer @n Ext@ AksifIlm Enzovort
fv600855,116.490,117.618,In AlEgzAndrE+n@n
fv600855,117.618,118.860,jawEl nAtyrl@k
fv600855,118.860,119.950,mar In d@ hAnd@ vAn dIt
fv600855,119.950,121.000,drim tim
fv600855,121.000,121.880,zEx mar
fv600855,121.880,123.910,ja heft_tAt mer its wEx vAn @n sort
fv600855,123.910,125.010,Genijal@
fv600855,125.010,126.710,elizAbEtans@ rEp
fv600855,127.480,130.120,@t en@G@ wAt y @r mut for ov@rhEb@n Is nit en av@nt
fv600855,130.120,131.160,mar twe
fv600855,131.160,132.750,dYs wAnt y mut wet@n
fv600855,132.750,134.670,h@t pAkt_tAd brEnEh slot mEt_t@ dY+v@l
fv600855,134.670,136.930,A~fE~ mEt sE+n Amerikans@ prodysEnt@n
fv600855,136.930,137.980,wAz dAt i
fv600855,137.980,140.330,dez@ InteGral@ dromvErsi mOxt mak@n
fv600855,140.330,141.930,Op forward@ dAt i
fv600855,141.930,143.900,vor d@ Amerikans@ bijOskop@n ok @n sort
fv600855,143.900,146.089,rid@rz dajdZEst fErsi zA+ Aflev@r@
fv600855,146.089,148.449,vAn twe yr En @n Sik In d@ plats fAn d@ vOl@ vir
fv600855,149.879,151.969,w@ hAd@n og di kYn@ lat@ zin
fv600855,151.969,153.650,mar d@ rek@sOm Iz mAk@l@k x@makt
fv600855,153.650,155.539,d@ hElft fAn dez@ hEml@t Is x@won
fv600855,155.539,156.689,mar hAlf so Gut
fv600855,156.689,157.459,OmdAt y
fv600855,157.459,160.259,fIlmfEns En fIlmfanat@m bet@r wet Em bet@r v@rdint
fv600855,160.259,161.959,krE+xt y d@ vOl@ sImfoni
fv600855,161.959,163.339,nit d@ kOmpilasi
fv600855,163.339,164.379,Ob di mAnir
fv600855,164.379,165.199,zi k y
fv600855,165.199,166.909,Ov y videjo vOlG@nd@ wek t@rYx
fv600855,166.909,168.119,Em bEn Ik Ext sek@r
fv600855,168.119,170.749,dAt y @n Onv@rGet@l@k@ fIlmErvarIN mAx
fv600855,170.749,171.629,memak@n mEt
fv600855,171.629,172.779,wIlij@m Sekspi@rs
fv600855,172.779,173.587,hEml@t
fv600863,0.000,1.519,d@ vOxt@G@ lYxt Y+t se
fv600863,1.519,3.300,bOtst Ob d@ bErG@ lANz d@ kYst
fv600863,3.300,6.100,En dAt sOrxt for enOrm@ huveled@ snew
fv600863,6.100,6.870,En reG@
fv600863,9.010,10.770,di ov@rvlud@G@ nerslAx
fv600863,10.770,12.285,vut nit Alen d@ GlEtS@rs
fv600863,12.285,15.430,hE+ hA+t ok @n sypArktis reG@wA+t In stAnt
fv600863,15.430,17.410,Op Amp@r ENk@l@ kilomet@r vAn @t E+s
fv600863,17.960,19.026,@r vAlt ir jarl@ks
fv600863,19.026,21.260,zev@ndY+z@nt milimet@r nerslAx
fv600863,21.528,23.950,dAd Is_sowAt_tin ker mer dAn In sEntral2ropA
fv600863,24.660,26.485,h@t r@latif mIld@ zeklimat
fv600863,26.485,27.900,En d@ vrYGdbar@ bod@m
fv600863,27.900,29.976,hEb@n ir @n veGetasi vortx@brAxt
fv600863,29.976,31.625,di bE+na ev@n weld@r@x Is
fv600863,31.625,33.170,Alz In @n tropis reG@wA+t
fv600863,33.170,33.990,mar
fv600863,33.990,35.100,OndANgz di weld@r@G@
fv600863,35.100,37.450,veGetasi vInt j@ hir nit sovel dir@
fv600863,38.160,40.250,d@ rodbrY+n@ kAnelber
fv600863,40.250,42.060,@N kl2rvArijAnt fAn d@ zwArt@ ber
fv600863,42.500,44.540,vult sIx In dez@ vOxt@G@ bOs@ tY+s
fv600863,44.540,46.780,h@t haz@lhun vInt j@ zowAt ov@rAl
fv600863,46.780,47.830,bIn@ d@ polsIrk@l
fv600863,48.220,49.640,b@hAlv@ Ob d@ op@ tundrA
fv600863,50.190,52.390,ok hE+ vult sIx tY+s In @t reG@wA+t
fv600863,53.710,56.670,d@ blA+@ Gaj Is f@rwAnt mEd_d@ vlams@ Gaj
fv600863,56.670,58.760,hE+ hA+t sIx Op In @t laG@ strY+kx@wAs
fv600863,58.760,60.304,En hE+ left fAn vrYxt@
fv600863,60.304,62.274,hu A+d@r d@ reG@bOs@ wOrd@
fv600863,62.274,63.984,hu snEl@r z@ Y+tx@pYt rak@
fv600863,64.474,65.844,d@ bom@ b@GIn@ t@ rOt@
fv600863,65.844,67.440,En stErv@ Y+tE+nd@l@k Af
fv600863,68.924,70.904,wAt ov@rblE+ft sE+n murAs@
fv600863,70.904,73.424,In @t syr@ wat@r lev@ wAt wat@rsAlAmAnd@rs
fv600863,73.424,75.074,mar vIs zIt @r nA+@l@ks
fv600863,75.074,77.035,d@ elAnt Iz @t en@G@ hErt
fv600863,77.035,78.704,dAt s@n_n2sxat@ kAn slY+t@
fv600863,78.704,79.904,En Ond@r wat@r kAn et@
fv600863,80.450,81.890,hE+ kOmt x@reG@lt nar @t muras
fv600863,81.890,83.584,Om wat@rplAnt@ t@ et@
fv600863,83.584,85.315,wAnd_di b@vAt@ spor@el@mEnt@
fv600863,85.315,87.320,di In z@n nOrmal@ dijet vAn blar@ En
fv600863,87.320,88.704,GrAs@ Ontbrek@n
fv600863,88.704,92.274,d@ grIzliber@ kom@n an @t E+nt fAn d@ zom@r nar d@ rAnt fAn @d bOs
fv600863,92.274,93.644,Om bEs@ t@ zuk@
fv600863,93.644,94.524,Ob d@ tundra
fv600863,94.524,96.174,war z@ zIx_x@wonl@k OphA+d@
fv600863,96.174,98.534,dyrt @t nOx wek@ vor d@ bEs@ rE+p sE+n
fv600863,98.534,100.954,d@ G@wE+@ vAn d@ elAntstir@ zE+n vOlGrujt
fv600863,101.444,103.030,d@ flywelAxt@G@ hY+t
fv600863,103.030,105.234,di-j-@r vE+f mand@ Omhen eft x@zet@
fv600863,105.234,106.384,wOrt Afx@stropt
fv600863,106.861,108.584,Elk jar trEk@ d@ stir@ ov@r
fv600863,108.584,111.218,ew@nA+d@ pad@ nar d@ brOnstplats@
fv600863,111.218,113.304,d@ Grotst@ weG@ mer dAn @n tOn
fv600863,113.304,115.993,d@ wE+fj@s hEb@n Yn dZON@n nar d@ hErfstwE+d@ G@brAxt
fv600863,115.993,118.854,hir kYn@ z@ nOx wAt fEt ankwek@ vor d@ wInt@r
fv600863,118.854,121.044,d@ stir@ lat@n @r Gen GrAs ov@r Gruj@
fv600863,121.044,123.374,Em b@GIn@ m@ten an hYn SArm@OfEnsif
fv600863,123.374,124.610,d@ kuj@ zE+n vorlop@x
fv600863,124.610,126.764,mer In d@ vErs@ wIlG@sx2t@ G@Intr@sert
fv600863,129.454,131.044,d@ kOrt@ zom@r Is forbE+
fv600863,131.044,132.804,d@ erst@ strEN@ nAxtfOrst
fv600863,132.804,134.944,tov@rt @n waj@r vAn kl2r@ t@ vorsxE+n
fv600863,134.944,135.604,dIt
fv600863,135.604,137.763,Iz d@ tundra Op s@n frajst
fv600870,0.000,2.740,In d@ sAvAn@ vOltrEkt sIx ONG@mErkt @n dramA
fv600870,3.400,5.710,@m bomslAN b@slY+pt @n kAmelejOn
fv600870,5.710,6.970,z@n liv@lINsproj
fv600870,12.300,16.108,d@ bomslAN Iz en vAn d@ lANst@ slAN@ di hir In @d blad@rdAk lev@
fv600870,16.108,18.089,z@n kAmuflaZ@jAS@ Iz d@
fv600870,18.089,20.590,idejal@ Y+trYstIN vor @n v@rAsINsanvAl
fv600870,24.330,27.020,mar d@ kAmelejOn mut nit for hEm Ond@rdun
fv600870,27.020,29.330,hE+ kAn d@ kl2r vAn z@n OmGevIN anem@
fv600870,29.330,31.910,Em_mEt s@n OnAfhANk@l@k fAm_m@kar b@weG@nd@ oG@
fv600870,31.910,34.220,kAn i-j-@t x@var vAn ov@rAl zin kom@
fv600870,35.150,37.460,d@ kAmelejOn Gat so In @t jaG@ Op
fv600870,37.460,39.490,dAt i-j-@t x@var Y+t @t ox f@rlist
fv600870,40.370,43.105,vOlG@ns @n Afrikans@ l@GEnd@ v@rtrA+d@ d@ God@
fv600870,43.105,45.927,d@ kAmelejOn @t x@hE+m vAn @t ew@G@ lev@ tu
fv600870,45.927,48.010,dAt x@hE+m must i nar d@ mEns@ brEN@
fv600870,48.010,50.040,mar d@ kAmelejOn wAs nit snEl G@nux
fv600870,50.040,51.690,Om d@ botsxAb dor t@ Gev@
fv600870,51.690,53.330,En sIndzdin makt@ d@ dot
fv600870,53.330,54.710,del Y+t fAn Ons lev@
fv600870,54.710,57.230,h@t xIf_fAn @m bomslAN Iz bizOnd@r krAxt@x
fv600870,57.230,59.700,h@t_tAst vital@ stOf@ an In @d blut
fv600870,59.700,61.620,vak mEt fAtal@ Aflop
fv600870,62.280,64.040,And@rz dAn bE+ d@ pOfAd@r
fv600870,64.040,65.740,zE+n d@ GIftAnd@ vAn d@ bomslAN
fv600870,65.740,66.620,nit hOl
fv600870,66.620,68.600,h@t xIf wOrt lANs spesjal@
fv600870,68.600,70.810,Y+twEnd@G@ Gruv@ In d@ wOnd@ G@lE+t
fv600870,70.810,72.330,mar @t wErkt trax
fv600870,72.940,75.240,@n mEns di-j-@m bet fAn @m bomslAN Oplopt
fv600870,75.240,76.490,heft mestAl tE+t x@nux
fv600870,76.490,77.990,Om hYlp t@ zuk@
fv600870,77.990,79.750,vor slAN@ di hYn proj@ snEl
fv600870,79.750,81.340,En EfisjEnt Y+tsxak@l@
fv600870,81.340,82.660,mut@ w@ bE+ d@ Ad@rs_sE+n
fv600877,0.000,3.088,d@ leftE+t warOb d@ kInd@r@ stirv@ Iz b@lANrE+k
fv600877,3.088,5.378,wAnt prOfEsOr bArtoloni hA+t fOl
fv600877,5.378,10.847,dAd_d@ tofEt x@won @n spesjal kErkOf wAs for kInd@r@ di @n_nAtyrl@k@ dot war@ G@stOrv@
fv600877,10.847,14.540,hu A+t war@ d@ kInd@r@ di-j-In d@ tofEd b@Grav@ wErd@
fv600877,14.540,16.897,war@ d@ mest@ dot x@bor@
fv600877,16.897,19.768,Of war@ z@ In d@ erst@ wek@ vAn hYn lev@ G@stOrv@
fv600877,19.768,24.246,m@sxin Iz @t Antwort_t@ vInd@ In d@ tAnd@ di tSarl@t rOb@rts Ond@rzukt
fv600877,24.246,27.117,zElfs Y+t_tAnd@ vAn dridY+z@nt jar A+t
fv600877,27.117,30.395,kAn j@ Opmak@ hu A+t_t@ kInd@r@ war@ tun z@ stirv@
fv600877,30.395,34.496,Gen ENk@l@ vAn d@ twInt@x kInd@r@ di tSarl@t heft Ond@rzOxt
fv600877,34.496,37.026,wAz dotx@bor@ Of pAsx@bor@
fv600877,37.026,40.649,Al@ tAnd@ war@ vAN kInd@r@ vAn twe A dri mand@
fv600877,40.649,44.717,nOx IndrYkwEk@nd@r b@wE+smAt@rjal ov@r d@ leftE+t fAn d@ kInd@r@
fv600877,44.717,47.417,wErt In IsrAjEl G@vOnd@
fv600877,47.417,50.186,d@ hebrews@ ynivErsitE+t In jeryzAlEm
fv600877,50.186,53.933,heft @n Ond@rzukstim dAd_d@ tAnd@ Y+t kArtaGo Ond@rzukt
fv600877,53.933,58.137,wer Iz @d_d@ b@dulIN Om d@ leftE+t fAn d@ bebis In d@ Yrn@ t@ Axt@rhal@
fv600877,58.137,62.790,OnlANs wErt @n vorlop@x rezyltat fAn @t Ond@rzuk fAn twInt@x tAnd@ b@kEnt
fv600877,62.790,66.409,Gen ENk@l@ bebi wAz dotx@bor@
fv600877,66.409,69.830,And@r@ kInd@r@ di-j-IN kArtaGo zE+N G@vOnd@ war@ vel A+d@r
fv600877,69.830,73.787,Gen ENk@l@ vAn d@ fert@x kInd@r@ vAn d@ tofEts IN kArtaGo
fv600877,73.787,75.907,Em_motijA wAz dotx@bor@
fv600877,75.907,78.812,hYn leftE+t fArijerd@ vAn twe A dri mand@
fv600877,78.812,82.196,tOt twe jar entj@ wAs ONG@ver vE+f jar
fv600877,82.196,86.366,dez@ rezYltat@ Ond@rmE+n@ d@ tejori vAn prOfEsOr bArtoloni
fv600877,86.366,89.853,dAd_d@ tofEt @n spesjal kErkOf wAs for dotx@bor@ kInd@r@
fv600877,89.853,93.000,Ov bebis di kOrt na hYN G@bort@ war@ G@stOrv@
fv600877,93.000,97.318,@t lE+kt @r dYs Op dAt_t@ fenisij@rs Ind@rdat hYN kInd@r@ Of@rd@
fv600877,97.318,99.779,Om d@ God@ t@vred@ t@ stEl@
fv600877,99.779,103.610,@r Is nOx en Ond@rzuk dAd_d@ diskysi vorGut kAn AfslY+t@
fv600877,103.610,107.333,dejEnaOnd@rzuk mar zA+ @t moG@l@k sE+n
fv600877,107.333,109.896,nOx nojt heft mEn dejEna kYn@ hal@
fv600877,109.896,111.981,Y+t x@kremerd@ rEst@ vAN kInd@r@
fv600877,111.981,114.433,di dridY+z@nt jar G@led@ G@stOrv@ zE+n
fv600877,117.123,119.974,wAt wAz @t x@slAxt fAn d@ bebis In d@ tofEt
fv600877,119.974,123.050,Alz d@ bebis @n_nAtyrl@k@ dot war@ G@stOrv@
fv600877,123.050,127.152,zA+d@ @r ONG@ver ev@vel jON@s Als mE+S@s In d@ tofEt mut@ zE+n
fv600877,127.152,130.673,Alz d@ bebis In d@ Yrn@ Al@mal jON@z blE+k@ t@ zE+n
fv600877,130.673,133.442,Iz dAt @d b@wE+s dAd_d@ kInd@r@ G@Of@rt war@
fv600877,133.442,137.198,dejEnaOnd@rzuk zA+ @t Antwort kYn@ Gev@
fv600877,137.198,140.651,glEn sprekt In mOtijA mEt rOn dIks@n EN keri brawn
fv600877,140.651,142.462,twe mikrobijoloG@
fv600877,142.462,146.325,hE+ hopt_tAt s@ dejEna Y+d_d@ v@rkold@ bend@r@ kYn@ hal@
fv600877,146.325,151.076,In d@ b@warkam@r vAn @t myzejYm v@rzam@lt rOn dIks@n d@ stal@
fv600877,151.076,154.426,kEri zAl @t x@slAxt fAn d@ G@kremerd@ kInd@r@ b@pal@
fv600877,154.426,156.613,dor mId@l vAn dejEnaOnd@rzuk
fv600877,156.613,160.100,d@ mEns@l@k@ bend@r@ di d@ kremasi @d bEst hEb@ ov@rleft
fv600877,160.100,163.186,hEb@ d@ mest@ kAnz Om A+t dejEna t@ b@vAt@
fv600877,163.186,167.641,z@ wOrd@ meG@nom@ nar GrodbritAJ@ Om t@ wOrd@ Ond@rzOxt
fv600998,0.000,2.960,slE+dIN@ Iz @n dOrpj@ In @d metj@slAnt
fv600998,2.960,4.280,ev@ b@nord@ GEnt
fv600998,5.110,7.080,hir wOrt wIlfrit mArt@s x@bor@
fv600998,7.080,8.510,In_neG@tin zEz@ndErt@x
fv600998,8.510,9.720,z@n A+d@rs
fv600998,9.720,10.820,zE+N klE+n@ bur@
fv600998,13.130,14.550,mud@r virZini vAn lak@
fv600998,14.550,17.350,v@rlist har mAn kOrt na d@ G@bort@ vAn ar vE+vd@ zon
fv600998,17.850,18.950,z@ mut ar vE+f jON@s
fv600998,18.950,21.310,Alen dor d@ mujl@kst@ orlOxsjar@ lots@
fv600998,45.910,47.055,d@ dOrpsOnd@rwE+z@r
fv600998,47.055,49.496,hErIn@rt sIx d@ jON@ mArt@z Az @N G@slot@
fv600998,49.496,50.740,zik@l@k_kInt
fv600998,50.740,51.840,zer v@rstAnd@x
fv600998,51.840,53.540,mar sxE+mbar ONG@lYk@x
fv600998,53.540,54.860,En zEld@ spOntan
fv600998,55.800,58.140,d@ jON@ mArt@s xrujt Op In @t nOx dip krIst@l@k@ En
fv600998,58.140,60.680,Arm@l@k@ vland@r@ vAn d@ lat@ jar@ fert@x
fv600998,60.680,61.730,@N klE+n@ wer@lt
fv600998,61.730,63.260,mEt strIkt@ kod@s
fv600998,63.260,64.580,@n vr2Gd@loz@ tE+t
fv600998,64.580,67.660,di nOx sOmb@rd@r wOrt_tor zwar@ G@zOnthE+tsprOblem@
fv600998,67.660,68.810,Op s@n vertind@
fv600998,68.810,71.670,mut i mand@n @d bEt hA+d@ mEt Akyt@ G@vrIxtsr2mA
fv600998,71.670,73.590,di z@n hArt blE+v@nd b@sxad@xt
fv600998,73.590,75.070,@r Is en lIxtpYnt
fv600998,75.070,76.060,d@ radijo
fv600998,94.133,95.585,d@ pAstor vAn slE+dIN@
fv600998,95.585,97.260,lotst_t@ v@rstAnd@G@ bur@zon
fv600998,97.260,98.910,nar @n hoG@r@ OplE+dIN
fv600998,98.910,101.540,hE+ wOrt IntErn Op @t kOleZ@ vAn eklo
fv600998,101.540,103.030,@n briljAnt@ sxolir
fv600998,103.030,105.840,En vAn met Af an @n militAnt fAn @t soG@namd@
fv600998,105.840,107.678,b@sxaft ned@rlAns
fv600998,22.460,23.990,Ik Eb d@ orlOx_x@kEnt
fv600998,24.650,27.020,Ik sAt Ob d@ fits @
fv600998,27.020,28.720,t kInd@rmE+S@ vurd@ mE+
fv600998,28.720,30.326,d@ erst@ daG@n
fv600998,30.326,33.390,nar d@ kl2t@rklAs In @t sEntrum vAn slE+dIN@
fv600998,33.390,34.700,En Ik ErIn@ mE+ hel Gut
fv600998,34.700,37.180,Ik x@lov dAd @t_tin mE+ neG@tin fert@x wAs
fv600998,37.730,40.580,dAt s@ zE+ kE+k Iz In d@ lYxt @t wAz @n hEld@r@
fv600998,41.020,42.500,dAx In mE+
fv600998,42.500,43.660,tfert@x
fv600998,43.660,45.910,En Ik sAx dYz d@ dY+ts@ vlixtY+G@n
fv600998,78.200,83.250,dANksE+ d@ radijo hEb Ik Op @m_minimum vAn tE+d b@sxaft ned@rlAnts x@lert
fv600998,83.250,85.340,do vortyr@nt nar d@ radijo t@ lY+st@r@
fv600998,85.890,87.463,Ik Eb dYs Al@s x@vOlxt
fv600998,88.200,90.280,ok @t plebisit @t ref@rEndYm
fv600998,90.280,92.430,ov@r d@ konIN d@ konINskwEsti
fv600999,0.000,0.880,m@n hAt
fv600999,0.880,2.140,In di tE+t
fv600999,2.140,3.950,In id@r@ klAs
fv600999,3.950,6.420,@n zoG@namd@ promotOr dYs imAnt_ti
fv600999,7.190,8.840,promosi vurd@ vor @t
fv600999,8.840,9.990,b@sxaft_talG@brY+k
fv600999,9.990,12.080,b@sxaft_talG@brY+k
fv600999,12.080,12.960,wAnt
fv600999,12.960,15.930,Ob d@ spelplats_sprAk id@ren dar dijAlEkt
fv600999,15.930,17.190,dar metj@slAnts
fv600999,17.190,20.370,I Ik wAz In dAd erst@ jar en vAn d@ promotor@n
fv600999,20.370,23.170,mArt@s ok E+ In zE+N klAs Ik In d@ mE+n@ hE
fv600999,23.340,25.010,@t wAs mer dAn Alen mar
fv600999,25.010,26.962,AlG@men b@sxaft ned@rlAns ler@n
fv600999,28.010,28.560,En
fv600999,29.380,30.530,dAt prOmot@n
fv600999,31.410,33.280,@t wAz ok @ @n @n sxol
fv600999,33.280,35.200,vor vor flAmiGAnt@n
fv600999,45.580,49.150,g bEN G@wEstlE+d@r vAn d@ kaEza In @d metj@slAnt
fv600999,49.150,50.140,@ G@west
fv600999,50.140,51.400,En og dar
fv600999,51.400,53.160,kreG@ wE+ @n hel stErk
fv600999,53.160,55.300,@ flAmiGAntis@ OpfudIN
fv600999,104.978,107.450,In t Egzam@n wElsprek@ndE+t Eb Ig dYz @n
fv600999,107.450,109.360,fOrmidab@ plE+doj G@hA+d@n
fv600999,109.360,111.288,vor fed@rAlIzm@ Im bElGij@
fv600999,112.718,114.765,Em_mE+n lerar vAn r@torikA eft_tun
fv600999,114.765,117.168,G@zExt_tAt wAz @n sxIt@r@nd@ tusprak
fv600999,117.168,119.910,mar Ik bEn @t nit ens mEt_t@ InA+t
fv600999,36.857,40.250,d@ kAtolik@ stydEnt@Aksi Iz @n And@r@ sxol vor flAmiNGAnt@
fv600999,40.860,43.490,mArt@s wOrt @N G@drev@ kaEsalE+d@r
fv600999,97.118,99.840,mArt@s Ond@rbA+t s@N G@vulsflAmiNGAntIzm@
fv600999,99.840,101.078,Al In z@N kOleZ@jar@
fv600999,101.078,103.168,mEt @n reks rAsjOnel@ idej@
fv600999,138.953,141.660,In_neG@tin vE+v@nvE+ft@x trEkt mArt@s nar l2v@
fv600999,141.660,142.735,Om @r rExt@
fv600999,142.735,144.314,En wE+zb@Gert@ t@ styder@
fv600999,56.798,60.588,wEl Ik hEp mArt@s ler@ kEn@ dAt ErIn@r Ik mE+ d bEst fAn Al In
fv600999,60.588,62.880,Ig dENg dAd @t In_neG@tin vir@vE+ft@x wAs
fv600999,63.448,65.095,Op @ wAt mEn tun_numd@
fv600999,65.095,66.430,joN vlams@ daG@n
fv600999,66.430,67.458,vAn d@ kaEza
fv600999,67.948,71.578,[] di joN vlams@ daG@n b@stOnd@n Ind@rdat_t@ bE+b@lstydis bE+b@l
fv600999,72.398,73.168,mar
fv600999,73.168,74.768,ev@zer GIN @t ov@r
fv600999,74.768,77.459,d@ OntfoGdIN vAn @n vAn vAn vland@r@n E
fv600999,78.008,80.310,En dar Is wIlfrit_tAn Op tYs@G@kom@n
fv600999,80.310,82.870,mEt @n zer emoSOnel E+ stOnt rExt
fv600999,82.870,85.478,t@rwE+l []id@ren zAt stOnt E+ rExt
fv600999,85.478,87.008,mEt f@rhev@ stEm
fv600999,87.008,89.918,zoAls w Em lat@r [] [] ok vak hEb@ zin sprek@n
fv600999,89.918,91.898,v@rded@Gd@ E+ dar @
fv600999,91.898,93.878,d@ abejEnb@weGIN Als @n
fv600999,93.878,96.298,b@lANrE+k@ pE+l@r In d@ vlams@ b@weGIN
fv600999,120.568,121.470,fed@rAlism@
fv600999,121.470,122.600,dA wAz @n wort
fv600999,122.600,123.651,En Ik wet xut
fv600999,123.651,125.018,dAt mE+n vad@r
fv600999,125.018,128.455,@ zElfs ni xrax At_tAt wE+ dar tY+z dAt wort x@brY+kt@n
fv600999,128.455,130.068,wAnt_tAt wAs tOx @n wort_tAt
fv600999,130.898,133.418,ja dAt ni Gu wAs ok @
fv600999,133.418,134.408,mut@ w@ nit
fv600999,134.408,137.342,bElGij@ wAs tOx @m b@lANrE+k @ dAt wAz Ons fad@rlAnt I
fv601074,0.000,1.370,@d bug d[] tswajt@
fv601074,1.370,3.950,zOrGd@ vor @n sxOk In wEstdY+tslAnt
fv601074,3.950,4.780,dEr Spig@l
fv601074,4.780,6.100,prez @d_d@ wOlk@ In
fv601074,6.100,7.740,OmdAt ny @s G@sxid@nIs fAn
fv601074,7.740,9.390,Ond@r Op wErd b@sxrev@n
fv601074,9.390,10.380,SErts@r
fv601074,10.380,11.640,wAs @rIN G@slaxt
fv601074,11.640,13.790,@d minyS2S x@dOkymEnterd@
fv601074,13.790,15.100,sprINlev@nd@
fv601074,15.100,16.750,En zer mEns@l@k@ v@rhal
fv601074,16.750,18.020,vAn z@n E+G@ strek
fv601074,18.020,19.940,AlG@men@ GEld@xE+t_t@ Gev@
fv601074,20.650,21.310,hE+ lEGd@
fv601074,21.310,22.350,@n zY+v@r@ lup
fv601074,22.350,23.840,Op sE+N klE+n@ wer@lt
fv601074,23.840,24.880,En Inens
fv601074,24.880,26.470,wErd@ d@ Grot@ prOblem@
fv601074,26.470,28.510,vAn sOSAlIsm@ En wEnd@ hEld@r
fv601074,29.830,31.140,SErts@r GAf tyrIN@
fv601074,31.140,32.711,d@ ward@ vAn @n Emblem
fv601074,33.510,36.250,d@ twe buk@ wErd@ trA+@z In @t ned@rlAns f@rtalt
fv601074,36.250,39.050,En twe jar G@led@ dor epo Y+tx@Gev@ In em bAnt
fv601074,39.440,40.590,les dAd_dYb@l@ buk
fv601074,40.590,42.070,y zYlt @r Gen spE+t fAn hEb@
fv601074,42.620,43.500,wAnt SErts@r
fv601074,43.500,44.220,kAn_nit Alen
fv601074,44.220,45.260,sxErp warnem@
fv601074,45.260,46.871,hE+ kAn ok sxrE+v@n
fv601074,47.790,49.490,In d@ hErfst fAn vor@x jar v@rsxen
fv601074,49.490,51.080,ne nit d@ dErd@
fv601074,51.080,52.721,mar dEr lEtst@ d@ latst@
fv601074,53.390,54.320,SErts@r vInt
fv601074,54.320,56.140,dAt hE+ d@ ov@rGANsjar@ ny wEl
fv601074,56.140,58.060,G@nux G@dokymEntert heft
fv601074,58.060,60.030,hE+ stOpt mEd_dIt sord buk@
fv601074,60.030,60.860,bov@ndin
fv601074,60.860,61.960,heft hE+ @t hir
fv601074,61.960,63.820,ov@r @t lAntspArl@mEnt fAn tyrIN@
fv601074,63.820,64.700,war hE+ d@
fv601074,64.700,66.290,latst@ v@rslAxev@r wAs
fv601074,66.290,67.450,di vor @t wErkjar
fv601074,67.450,69.150,Axt@neG@t@x neG@n@neG@t@x
fv601074,69.150,70.410,G@Akreditert wErt
fv601074,71.350,73.650,wAt hEb@ wE+ IN xOtsnam t@ mak@
fv601074,73.650,76.460,mEt kONk@lfus EN krAkel In zon lAntak
fv601074,76.460,77.660,Axt@r d@ wA+d@
fv601074,77.660,79.310,Iz @t Al nit Erx_x@nux
fv601074,79.310,80.740,mEd_d@ zev@ pArl@mEnt@
fv601074,80.740,82.330,di w@ Onz Im bElGij@ pErmiter@
fv601074,83.260,84.470,In @n vor@x lev@
fv601074,84.470,85.520,wAs Ik zElf
fv601074,85.520,86.830,pArl@mEntE:r v@rslAxev@r
fv601074,87.330,88.540,tun Ig dId buk lAs
fv601074,88.540,89.690,wErd Ik x@Grep@
fv601074,89.690,91.010,dor hev@G@ AfxYnst
fv601074,91.720,93.100,@m par mand@ slExs
fv601074,93.100,93.970,zAt SErts@r
fv601074,93.970,95.570,In d@ pyblik@ tribyn@ Ik
fv601074,95.570,96.453,ENk@l@ jar@
fv601074,97.050,99.520,warOm bEn Ik nojt Op @t ide G@kom@
fv601074,99.520,101.285,Om dIt sord buk@ t@ sxrE+v@
fv601074,101.720,102.600,wAnt Alwer
fv601074,102.600,103.920,slaxt SErts@r @rIn
fv601074,103.920,105.070,klE+n@ prOblem@
fv601074,105.070,107.007,Emblematis@ GEld@xE+t_t@ Gev@
fv601074,107.600,108.310,En wErk@l@k
fv601074,108.310,109.740,d@ prOblem@ zE+N klE+n
fv601074,110.450,111.880,zAl d@ minist@rprezidEnt
fv601074,111.880,113.310,tE+d@z @n festred@
fv601074,113.310,114.950,Inslap@ Of nit
fv601074,114.950,116.930,mAx j@ vrE+@l@k partrE+d@
fv601074,116.930,118.310,dor d@ tyrINs@ bErG@
fv601074,118.310,120.194,Of mut j@ Ob d@ patj@z blE+v@n
fv601074,120.610,123.470,mut @n tsedeuv@rkoz@n@ vAn har stul Opstan
fv601074,123.470,125.544,Om d@ mInIst@rprezidEnt tu t@ jY+x@
fv601074,126.050,127.700,hu kAt j@ Opozisi Af
fv601074,127.700,130.170,hu stek j@ j@ r@GerINspArtn@rs_stOk@ In d@ wil@
fv601074,130.170,132.662,Of strY+k@ld i wEl ov@r E+G@ OnhAnd@xE+t
fv601074,133.520,135.220,v@rAnd@r wAt nam@ En fYNksis
fv601074,135.220,136.270,j@ hEbd bElGij@
fv601074,136.270,138.250,Of en@x And@r demokratis lAnt
fv601074,138.910,139.730,Az @m bYrG@r
fv601074,139.730,140.890,Y+d @n dIktAtyr
fv601074,140.890,142.420,[] @n lerbuk ov@r mAxt
fv601074,142.420,143.300,En OnmAxt
fv601074,143.300,145.280,vAn d@ daG@l@ks@ demokrAsi vrux
fv601074,145.280,146.772,Ik sA+ Gen s@kOnd@ arz@l@
fv601074,147.480,149.772,Gen ENk@l@ blAtsE+d@ Is saj
fv601074,150.330,152.150,d@ pOrtrEt@ zE+n sOms Ontrur@nt
fv601074,152.150,153.240,sOmz dod@l@k
fv601074,154.010,155.990,d@ mInIst@rprezidEnt Y+t@rart
fv601074,155.990,156.810,tsedeu
fv601074,156.810,159.340,Y+t@rart @N G@ImpOrterd@ rE+nlAnd@r
fv601074,159.340,160.490,vInt sIxsElf
fv601074,160.490,163.390,@d bEst@ wAt tyrIN@ In jar@ ov@rkom@ kOn
fv601074,163.950,164.660,Er Is
fv601074,164.660,166.030,@m pOlisikOmIsarIs
fv601074,166.030,168.063,di na id@r@ v@rkizIN vAm pArtE+ v@rAnd@rt
fv601074,168.940,169.990,mar ok Is @r
fv601074,169.990,172.020,di ozdY+ts@ tsedeum@vrA+
fv601074,172.020,174.770,di bE+ @n stand@ ovasi vor d@ mInIst@rprezidEnt
fv601074,174.770,176.410,kOp@x blE+ft zIt@
fv601074,177.020,178.450,zE+ stat Alen Op
fv601074,178.450,179.930,vor GOt har her zExt s@
fv601074,180.640,181.470,En eN ker
fv601074,181.470,183.660,heft s@ meG@stEmd mEd_d@ EkskOmynIst@
fv601074,183.660,186.030,OmdAt s@ @n wEtsforstEl vAn ar E+G@ pArtE+
fv601074,186.030,187.362,OnrExtfard@x fOnt
fv601074,188.280,189.050,SErts@r
fv601074,189.050,190.090,heft @n zer
fv601074,190.090,191.410,ozdY+ts@ d2xt
fv601074,191.410,192.450,nit f@rlor@n
fv601074,192.450,193.390,hE+ hEGd b@lAN
fv601074,193.390,195.200,an @t Al@rG@wonst@
fv601074,195.200,197.055,In @t Al@rdaG@l@kst@ lev@
fv601074,197.510,198.060,dAt
fv601074,198.060,199.480,wAt for klE+n@ mEns@
fv601074,199.480,201.401,vr2Gd@ Ov wAnhob_b@tek@nt
fv601074,201.850,202.670,t@nslOt@
fv601074,202.670,205.640,wAz d@ dedeEr @n stat fAn ArbE+d@rs Em bur@ nitwar
fv601074,206.570,208.220,d@ ozdY+ts@rz In dId buk
fv601074,208.220,208.990,v@rtEl@
fv601074,208.990,210.140,hu hYn lev@ v@rlip
fv601074,210.140,211.061,In A+d@ tE+d@
fv601074,211.510,212.780,@t sE+N Gen v@rhal@
fv601074,212.780,213.990,vAn tEr2r EN G@brEk
fv601074,214.420,215.520,@t sE+n v@rhal@
fv601074,215.520,217.990,vAn @n red@l@k wElvar@nt En vorAl
fv601074,217.990,219.526,vAn @n vE+l@x b@stan
fv601074,220.130,221.290,d@ rE+gdOm vAndax
fv601074,221.290,222.330,wOrt x@wardert
fv601074,222.330,223.700,mar ok x@r@lAtivert
fv601074,224.310,226.120,vorAl d@ hoG@ wErkloshE+t
fv601074,226.120,227.110,v@rvYlt mEns@
fv601074,227.110,228.626,mEt ANst En wAnhop
fv601074,229.310,231.807,mar dAt kOJ_J@ Al_lez@ In d@ vor@G@ buk@ vAn SErts@r
fv601074,231.807,232.880,niw Is
fv601074,232.880,233.920,dAt hE+ politik
fv601074,233.920,235.570,Em politiSi vAn vruG@r En_ny
fv601074,235.570,236.481,v@rG@lE+kt
fv601074,237.050,239.072,d@ hY+d@G@ op@nhE+t wOrt x@wardert
fv601074,239.410,240.784,En G@rIlAtivert
fv601074,241.060,241.940,h@t pArl@mEnt
fv601074,241.940,243.590,Is xen Glaz@n hY+s
fv601074,243.590,245.350,wAt d@ wortfurd@r og b@wert
fv601074,246.010,248.260,En d@ rat dEz b@tsirks In d@ dedeErtE+t
fv601074,248.260,250.130,wAs nit di dY+st@r@ bYNk@r
fv601074,250.130,251.697,warov@r m@n_ny wer heft
fv601074,252.490,254.690,mar y mut dId buk forAl_lez@
fv601074,254.690,256.839,OmdAt SErts@r @n rAssxrE+v@r Is
fv601074,257.270,259.740,@t sAl wEl nojt f@rtalt wOrd@ In @t ned@rlAns
fv601074,260.180,262.151,hox tE+t Om dY+ts t@ ler@
fv601304,0.000,2.750,Als @r dY+z@nt kuj@vlaj@ Op @n wE+ lIG@
fv601304,2.750,5.280,dAn Is dAt @n del vAn @t mEstov@rsxOt
fv601304,5.940,8.630,Als @r en kuj@vlaj Op @n wE+ lIxt
fv601304,8.630,10.220,Iz dAt @N kyrijozYm
fv601304,10.770,12.470,wi kAn @ran werstan
fv601304,12.470,14.610,Om nar @t_tartj@ tu t@ stAp@
fv601304,14.610,16.210,Op s@n hYrk@ t@ Gan zIt@
fv601304,16.210,18.350,En @d_dIN an @n Ond@rzuk t@ Ond@rwErp@
fv601304,18.900,22.250,Iz dIt ny @n kuj@vlaj Ov @n stir@strOnt
fv601304,22.800,26.530,kOmd_dIt fAn @n zwArt wIt x@vlEkt@ Of_fAn @n rod@ kAs@ls@
fv601304,26.530,30.700,het@ di best@ teG@word@x nOG bElA Of sA+ @t hIp hOp trejsi kYn@ zE+n
fv601304,31.360,34.440,kYn j@ In dIt EkskremEnt d@ bur v@rmud@
fv601304,34.440,37.730,d@ Grot@ vAn z@n stAl@ d@ 2ropes@ sYpsidi
fv601304,37.730,39.270,d@ livd@ vor z@n vrA+
fv601304,40.320,42.643,@n solitE:r@ kuj@vlaj Is_soAlz y zit
fv601304,42.643,44.440,@m brOn vAn Grot x@nuG@
fv601304,44.440,46.080,vor d@ kritis@ Gest
fv601304,46.690,48.940,zo ok d@ stAt xronIN@
fv601304,49.870,53.610,GronIN@ lIxt Alz @n kuj@vlaj v@rlor@ In @n ze vAN GrAs
fv601304,53.610,57.130,yr@n In d@ rOnt@ nits And@rz dAn Grun wAd burd@rE+@
fv601304,57.130,58.340,En smAl@ slot@
fv601304,59.160,62.070,Op fel mAnir@ Iz @t @n stAt Alz dY+z@nt And@r@
fv601304,62.070,63.990,mar In z@n enzamhE+t
fv601304,63.990,65.420,Iz @t @N kyrijozYm
fv601304,66.130,68.660,AS_S@ Ob d@ GronINs@ Grot@ mArkt @n pInd_drINkt
fv601304,68.660,70.310,vul j@ d@ Grot@ lext@
fv601304,70.310,71.960,Om d@ stAtsrAnt knEl@n
fv601304,71.960,73.440,j@ hord_d@ kuj@ luj@n
fv601304,73.440,74.870,d@ vArk@ns knOr@
fv601304,74.870,75.860,En d@ bur@
fv601304,75.860,77.750,rA+@ kret@ sxrew@ nar hYn
fv601304,77.750,79.870,urOs@ En Ond@rdan@G@ vrA+@
fv601304,80.420,82.390,@m b@zuk@r wOrt IN GronIN@
fv601304,82.390,84.320,Onv@rmE+d@l@k ov@rvAl@ dor @t
fv601304,84.320,86.510,solitE:r@ kuj@vlaj@G@vul
fv601304,87.450,88.650,Em_mEd_dAt x@vul
fv601304,88.650,91.070,Is @r d@ andrAN GronIN@ t@ b@sxA+@
fv601304,91.070,93.540,Alz @n kOrpys fOl bizOnd@r@ G@hE+m@
fv601304,93.540,94.750,@n tartj@
fv601304,94.750,96.180,vor d@ kritis@ Gest
fv601304,97.330,99.860,Ig b@pErk m@ In dIt f@rhaltj@ tOt_t@ Grot@ mArt
fv601304,99.860,101.840,En Op d@ mArt tOt eN G@bA+
fv601304,101.840,103.100,@t grA~ tejatr@
fv601304,103.760,107.600,@t pAnt Is In_neG@tin dErt@x Alz bijOskoptejat@r G@bA+t
fv601304,107.600,110.520,@t Iz @n zY+v@r vorbelt fAn d@ Amst@rdAms@ sxol
fv601304,110.520,113.150,t Iz @n wE+n@x prOts@r@x mar krAxt@x_x@bA+
fv601304,113.150,114.800,dAt_t@ GronINs@ Grot@ mArt
fv601304,114.800,117.270,stErk@r defiJert_tAn d@ mArtinitor@
fv601304,117.270,119.960,@t stAthY+s Of wElk And@r pAnt Op @t plE+n ok
fv601304,120.950,125.020,d@ Aktywel@ syksEstOri vAn @d grA~ tejatr@ b@GInt In_neG@tin tAxt@x
fv601304,125.670,129.030,In di jar@ stOnt @t A+d@ bijOskopkOmplEks lex
fv601304,129.030,133.640,@n stEl@tj@ jONst@rs wAs nA+@l@ks Ond@r d@ IndrYk fAn d@ statYs fAn @t x@bA+ Of_fAn z@n
fv601304,133.640,135.070,mAjEstatis@ lIGIN
fv601304,135.070,136.280,EN krakt@n @t
fv601304,136.280,139.080,Om @r hYn dAkloz@ bOt@ t@ slap@ t@ lEG@
fv601304,139.080,140.620,En @r Yn feS@s t@ Gev@
fv601304,141.220,142.050,di feS@s
fv601304,142.050,145.620,OntwIk@ld@n zIx snEl tOt @n sort@mEnt fAn tejat@rev@n@mEnt@
fv601304,146.610,150.043,d@ krak@rs kled@n @t x@bA+ vAmbIn@ Y+t tOt Op @d bOt
fv601304,150.610,153.750,d@ sEntral@ tusxA+@rsrY+mt@ wErt @n sort xrOt
fv601304,153.750,154.900,mEt @m blot@
fv601304,154.900,156.820,ONG@lE+kmat@G@ b@tOnvlur
fv601304,156.820,158.580,mEt ONG@plE+st@rd@ wAnd@
fv601304,158.580,160.940,ErG@s hox @n_nak dAkx@bInt@
fv601304,161.760,163.030,In dIt spelhOl
fv601304,163.030,165.120,wErd@ moj@ drom@ G@dromt
fv601304,165.120,166.990,z@ wErd@ vak nid Y+tx@vurt
fv601304,166.990,169.290,mar war@n @r nit mInd@r Gaf Om
fv601304,170.280,172.370,zo wAs @r @N kA+d@ wInt@rdrom
fv601304,172.370,174.240,In @t hoG@ nord@ kAn @t friz@
fv601304,175.010,176.050,ram@ En d2r@
fv601304,176.050,177.530,wErd@ op@G@zEt
fv601304,177.530,179.840,@t snOt fror vAst In j@ n2s
fv601304,179.840,182.640,mEd @n wat@rslAN wErd@ d@ myr@ b@sprENk@lt
fv601304,182.640,183.520,h@t wat@r
fv601304,183.520,185.500,vror an vor @d b@ned@ wAs
fv601304,185.500,187.200,@n difys blA+ lIxj@
fv601304,187.200,189.070,OnthYld@ ny @n E+sxrOt
fv601304,189.730,190.550,tun
fv601304,190.550,191.870,kwam@ @r bom@
fv601304,191.870,193.680,Y+t @d_dAkx@bInt@ nerG@zAkt
fv601304,194.180,197.310,ok sE+ wErd@ dor d@ wat@rslAN ING@pAkt In E+s
fv601304,197.310,199.567,vAn d@ dIkst@ stAm tOt_t@ klE+nst@ tAk
fv601304,200.160,202.420,konIN wInt@r hAt @t nit moj@r kYn@ b@dENk@
fv601304,203.240,204.060,tun Grujd@
fv601304,204.560,206.320,mEt wElk mexAnik
fv601304,206.320,208.900,hOnd@rd@n tYlp@n Y+d_d@ GrOnt
fv601304,208.900,210.220,In Al@ kl2r@
fv601304,210.220,213.171,z@ werkatst@n In @t E+s Alz In @n spiG@lpAlE+s
fv601304,213.840,216.260,Er kwam@ jON@s Y+t_t@ Axt@rstrat@
fv601304,216.260,217.360,moj@ oG@
fv601304,217.360,218.730,nakt@ tOrsos
fv601304,218.730,221.140,hYn ad@m Alz @n lIxt@ mIst_tYs@ d@ bom@
fv601304,221.860,223.450,zE+ plYkt@ d@ tYlp@
fv601304,224.110,226.800,En v@rdwen@ @rme dor d@ vord2r@n_nar d@ mArt
fv601304,227.520,228.500,Y+d_d@ nOk
fv601304,228.500,230.150,vil In slow mowS@n
fv601304,230.150,232.130,@n rot zE+d@ duk
fv601304,232.130,234.710,In z@n vAl kOJ_J@ lez@ wAt @rOp x@sxrev@ stOnt
fv601304,235.480,236.580,d@ tYlp@
fv601304,236.580,238.120,En hu z@ v@rdwE+n@
fv601304,239.100,241.360,grA~d2r In @N krakpAnt
fv601304,241.360,242.780,@n drom In d@ kA+
fv601304,244.100,246.350,And@r@ drom@ bE+nA ev@ moj
fv601304,246.350,247.701,wErd@ wEl Y+tx@vurt
fv601304,248.160,250.248,zo wErt @d grA~ @n Ext_tejat@r
fv601304,250.690,251.890,tOt ErG@rnIs
fv601304,251.890,254.553,vAn d@ bArbars@ demon@ di-j-In d@ vEld@ spok@
