fn000271,0.000,2.497,nit Alen vAm brot Alen left_t@ mEns
fn000271,3.286,5.832,ma id@r wort_tAt kOmd 2t_t@ mOnt fAn GOt
fn000271,6.656,7.820,En GOd @s livd@
fn000271,8.964,10.545,dYs E+G@l@ xad @t Om
fn000271,11.200,12.415,wEns@ lev@n
fn000271,12.733,14.480,f@weG@ wor@d@ fAn lifd@
fn000271,15.624,17.668,En darOm zE+n w@ hir bE+ @lkax
fn000271,18.569,19.480,OmAt jYli
fn000271,20.035,22.129,word@ v@ livd@ wIl@ Y+tsprek@
fn000271,22.892,23.948,na @lkax
fn000271,24.435,25.386,En dardor
fn000271,25.730,26.863,x@Gruj bEnt
fn000271,29.494,30.406,IN@ En Andre
fn000271,31.175,33.380,jYlI hEb@ prAxtIG@ tEks@ G@kos@
fn000271,33.640,35.250,di nA+ anslY+t@n
fn000271,35.462,37.213,b@ jYli E+x@n ErvarIN
fn000271,38.036,40.675,bE+ wAt jYli wIl@ Y+drYk@ En vir@
fn000271,41.707,43.144,jYli livd@zbAnt
fn000271,43.658,45.126,soAs ti Is x@Grujt
fn000271,45.905,47.160,sIG hef_f@rdipt
fn000271,47.646,49.133,do d@ jar@n hen
fn000271,51.413,53.716,jYli kEn@ @lkar Al hel_lAN
fn000271,54.263,55.120,hel_lAN
fn000271,57.229,58.804,pAs wAS_S@ tin jax
fn000271,59.434,60.393,tu j@ IN@
fn000271,60.749,62.276,Andre for @t erst
fn000271,62.490,63.430,Ext sAx
fn000271,64.325,65.340,En dAt m@mEnt
fn000271,65.603,66.676,Iz Az @t war@
fn000271,66.906,68.731,IJ_J@ G@h2G@ vAz blE+v@ zIt@
fn000271,68.731,70.209,hel wOnd@rl@k E+G@l@k
fn000271,71.382,73.559,Axt@rAf hEp i d@ nE+GIN t@ zEG@
fn000271,74.467,77.149,AlsOf jYli for @lkax b@dult war@
fn000271,79.649,81.147,En dAn di vErd@r@ xruj
fn000271,81.484,83.617,As klAsx@not kEn@s frint
fn000271,83.877,86.023,dAn Ext frindIn@tj@ En vrint
fn000271,86.985,89.798,so Grud@ jYli stets nar @lkax tu vEr@d@x
fn000271,90.830,93.877,mEt ok di Y+t@rs pE+nl@k@ br2k@n ErIn
fn000271,95.049,96.385,En tOx @vur@ jYli
fn000271,96.883,98.500,dAt ok Y+d_di pE+n
fn000271,98.842,99.988,En di br2k@
fn000271,100.302,101.202,niw
fn000271,101.202,102.123,f@rniwt
fn000271,102.123,103.594,En stEr@k@r lev@n
fn000271,103.594,105.456,E livd@ moG@l@k wAs
fn000271,107.762,109.461,En so hEb@ jYli OndEkt
fn000271,110.108,111.850,dAd @d lev@n sOnd@r @lkax
fn000271,112.292,113.176,E+G@l@k
fn000271,113.560,114.549,nit so l2k Is
fn000271,114.549,115.463,E+G@l@k lex
fn000271,116.969,118.145,jYlI vInd@_@t herl@k
fn000271,118.145,120.969,Om sam@ dIN@ t@ dun t@ dAns@ part_t@ rE+d@
fn000271,120.969,122.232,fIl@m kE+k@
fn000271,122.961,125.413,Of ok soAls In @ erst@ lesIN x@zExt
fn000271,126.671,127.586,zwE+x@nt
fn000271,127.586,128.930,bE+ @lkax sE+n
fn000271,129.812,130.711,id@r v@rdipt
fn000271,131.125,132.422,I z@n E+G@n wEr@k
fn000271,132.677,133.631,E G@dAxt@
fn000271,135.012,137.200,EJ_J@ tOx Intim v@rbOnd@ wet@
fn000271,139.300,139.980,hEt Is
fn000271,140.377,142.753,AlzOv @t so sam@ zE+n
fn000271,142.753,145.151,@n E+G@n tY+s krejext
fn000271,146.158,147.001,war id@x
fn000271,147.001,148.236,sIxsEl@v Is
fn000271,148.681,150.362,sIxsEl@f kAn sE+n
fn000271,151.142,153.084,En zIxsEl@f mAx sE+n
fn000271,154.416,155.205,En dIt
fn000271,155.205,156.592,sIxsEl@f sE+n
fn000271,156.819,158.626,Iz @n Y+t@rs xrot@ war@d@
fn000271,159.201,160.994,In jYli hywl@ksr@lasi
fn000271,162.411,164.190,hEt j@sEl@f Aks@pter@
fn000271,164.190,165.445,sowAS_S@ bEnt
fn000271,166.597,168.408,En d@ And@r Aks@pter@
fn000271,168.408,169.542,sowAs i Is
fn000271,170.174,170.999,di twe
fn000271,171.555,172.953,j@zEl@f Aks@ptex@
fn000271,173.608,174.977,En di And@r Aks@pter@
fn000271,175.382,176.402,sowAS_S@ bEnt
fn000271,176.715,177.748,@ zowAs i Is
fn000271,178.537,180.066,En dAd @z bov@ Al@s
fn000271,180.475,181.518,b@lANrE+k
fn000271,183.484,184.377,d@ en
fn000271,184.671,186.574,sIx mer war@mak@nt m@sxin
fn000271,186.574,187.970,f@nY+t s@n drAN
fn000271,187.970,190.076,In @t wEr@k En In @d lef@
fn000271,190.518,192.664,soAs w@ hord@ In @t ev@Geli vA v@ndax
fn000271,192.958,194.911,b@nYt_t@ kAns@ vAn id@r@ dAx
fn000271,195.255,196.915,hOnd@r prozEnt lev@nt
fn000271,197.259,198.808,lifst hel EfiSEnt
fn000271,200.660,201.611,En di And@x
fn000271,201.874,203.625,di d@t ok wEl b@lANrE+k fInt
fn000271,204.425,206.176,m@r tOx mer ox heft
fn000271,206.176,207.897,for d@ voG@ls En d@ blum@
fn000271,208.554,210.180,ok hOnd@r prozEnt lef@
fn000271,210.939,212.953,m@ nit AltE+t ev@ EfiSEnt
fn000271,213.570,215.433,wAt livd@ Is it EfiSEnt
fn000271,216.010,218.332,livd@ Is nit sak@l@k Of nYtIG b@dult
fn000271,218.838,219.565,livd@
fn000271,220.840,223.046,x dAr Gad @t nit Om @d_dun
fn000271,223.836,224.595,dAr Gad @t
fn000271,224.595,225.789,Om d@ kwAlitE+t
fn000271,226.285,227.459,fAn @t zE+n
fn000271,228.147,229.845,hEt @r Ext sEl@f sE+n
fn000271,230.564,231.981,hEt @r Ext sE+n
fn000271,231.981,233.195,fo di And@x
fn000271,236.272,238.248,livd@ Iz b@lANrE+k fInd@
fn000271,238.643,240.118,En EGd b@lY+st@r@
fn000271,240.564,242.112,wAt_t@ And@ b@left
fn000271,242.112,243.165,En Ervarxt
fn000271,243.681,245.392,suwEl d@ blE+d@ G@vul@ns
fn000271,245.944,248.226,Az ok d@ ANst@G@ En d@ v@rdritIG@ G@vul@ns
fn000271,249.217,251.097,En zEl@fs ok d@ G@leG@nhE+t xev@
fn000271,251.340,252.444,Om kwathE+t
fn000271,252.444,253.790,word@n t@ xev@
fn000271,254.239,256.067,zOnd@r In d@ v@ded@GIN t@ Gan
fn000271,256.846,257.494,wAnt
fn000271,258.162,260.584,x@deld@ vr2Gd@ Iz dYb@l@ vr2G@d@
fn000271,261.182,263.618,x@deld@ smAxt Is hAl@v@ smAxt
fn000271,265.844,267.332,En og di ErvarIN@n
fn000271,267.805,269.083,hEb@ jYli sam@n
fn000271,269.591,270.439,b@left
fn000271,271.429,273.686,En dId_det jYli na @lkax tu Gruj@n
fn000271,275.637,277.390,En jYli wIst@ ok t@ G@nit@n
fn000271,277.683,278.412,fAn @t
fn000271,278.928,280.558,for d@ And@r zOrG@n
fn000271,281.822,282.954,En t@ G@nit@n
fn000271,283.308,284.391,fAn dor d@ And@r
fn000271,284.391,285.839,f@rsOrxt_t@ wOr@d@n
fn000271,289.456,291.030,En dAt wEns k jYli E+G@l@k tu
fn000271,291.030,292.025,In d@ tukOmpst
fn000271,292.288,294.189,d@t jYli EG blE+v@ zOrG@n
fn000271,294.492,295.555,for @lkax
fn000271,296.770,299.067,x@won_nit Alt@t EfiSEnt@ tE+t
fn000271,299.765,300.955,ma di m@sxin wEl
fn000271,300.955,304.022,Axt@rAf EfiSEnt blE+kt_t@ zE+n vo d@ hywl@ksr@lasi
fn000271,304.677,306.509,E zo kY[] jYli Ekar v@rE+k@
fn000271,306.691,309.090,m@t jYli G@zam@l@k@ Int@rEs@z En ward@
fn000271,310.264,312.177,En so kYn@ jYli Elkax ok
fn000271,312.177,313.078,f@rE+k@
fn000271,313.452,314.366,mEt jYli tOx
fn000271,314.366,315.772,ok xrot@ v@rsxIl@
fn000271,316.935,318.424,di dor @d lef@ hen
fn000271,318.865,321.025,ok sets_sErk@ zYlt OndEk@ di v@rsxIl@
fn000271,321.471,324.214,ma di kYn@ t@G@lE+k@rtE+t Elka v@rE+kIN Gev@
fn000271,325.145,326.164,OndEk@ ok
fn000271,326.612,329.070,dAd_d@ mest_stEr@k@ kAnt@ vAn d@ And@r
fn000271,329.687,330.678,ok AltE+t
fn000271,331.324,334.545,@n Andr@ kAnt heft d@ sE+n ok neG@tiv AspEkt@ blE+ft @r v
fn000271,334.545,335.332,hEb@
fn000271,335.615,338.105,ma jY+st do darme bezIx t@ zE+n
fn000271,338.651,340.676,j@ t@ sxyr@ sOms An @lkax
fn000271,341.617,343.540,jY+zd_dardor xruj_j@ Y+t
fn000271,343.988,344.965,tOt rE+p@r@
fn000271,345.332,346.675,En G@lYkIG@r@ mEns@
fn000271,351.475,352.991,jYli hEb@ ok Ervar@
fn000271,352.991,355.255,hu kOzbar j@ vor @kar bEnt
fn000271,355.741,356.629,@n tY+s
fn000271,357.075,358.259,x@bOr@G@hE+t
fn000271,358.724,359.848,zek@rhE+t
fn000271,360.465,361.538,sOrxsam
fn000271,362.358,364.595,bEst@ vrint Em pAxtn@r Inen
fn000271,366.126,367.760,d@ baz@s Im_m@ lef@
fn000271,368.216,369.127,m@n ANk@r
fn000271,369.826,371.272,m@ zOn@tj@ In hY+s
fn000271,372.163,373.104,m@ v@rled@
fn000271,373.104,374.754,m@n hed@ m@n tukOmst
fn000271,375.966,377.231,Al@mal word@n
fn000271,377.231,378.517,f@nY+t jYli zEl@f
fn000271,380.237,382.211,En Al dez@ G@vul@s_sam@
fn000271,382.596,383.233,fOr@b@
fn000271,383.527,384.913,@n Eksklyziv@
fn000271,385.278,387.320,pAxn@xlivd@sr@lasi
fn000271,388.261,390.093,As mAn En frA+w
fn000271,391.363,393.544,En dIt wIl@ w@ v@ndax hir vir@
fn000271,394.088,395.318,En b@vEstIG@
fn000271,396.368,398.514,vir En @ b@vEsx In @d op@nbax
fn000271,399.030,399.627,fox
fn000271,399.627,401.206,En IJ_JYli f@mili
fn000271,401.665,403.858,di b@lANrE+k sE+n IJ_JYli lev@
fn000271,404.748,406.578,mEt frind@_@[] And@r@ ErbE+
fn000271,407.084,409.189,di ok fel IJ_JYli lev@ b@tek@n@
fn000271,410.641,412.640,En ok fir@ Em b@vEst@G@
fn000271,412.969,413.855,for xOt
fn000271,414.867,417.689,wAnt jYlI wIl@ ox_xOts_seG@n vraG@ ov@ jYl@ hywl@k
fn000271,418.427,420.674,xOt_ti AltE+t Enwes@x Is
fn000271,421.180,422.152,b@sxEr@m@nt
fn000271,423.113,424.713,fOr wi j@ mAx sE+n
fn000271,424.955,425.995,wi jE bEnt
fn000271,427.079,428.384,bE wi jE j@ ok
fn000271,428.657,429.518,Op s@n tE+t
fn000271,429.832,431.441,x@bOrG@n vult
fn000271,433.771,435.466,xOt wi di ok Is
fn000271,435.962,437.832,En i tOG Op d@ en @f And@r@ m@nir
fn000271,437.832,439.178,rIxtIN Geft
fn000271,440.079,441.061,an @t lev@
fn000271,442.000,443.025,EJ_JYli hEl@pt
fn000271,443.523,444.725,bE+ di rIxtIN Gef@
fn000271,445.867,446.646,tEn xud@
fn000271,447.362,449.378,na di vOl@ livd@ tu
fn000271,451.421,453.730,En darOm bEn Ig blE+ hir t@ moG@ stan
fn000271,454.958,456.620,En Ik wet sek@r ok tAt
fn000271,457.039,457.933,y A+d@rs
fn000271,458.308,459.188,fAn d@ brY+t
fn000271,459.188,460.433,@m brY+d@GOm
fn000271,461.609,462.579,blE+ bEnt
fn000271,464.871,466.293,En y oma
fn000271,467.010,467.829,hAfkAmp
fn000271,469.091,471.109,y A+d@s y hAt Al y kInd@r@ lOsx@lat@
fn000271,471.109,472.596,tun z@_@n E+G@ wEx_xIN@
fn000271,473.877,474.641,En Ig dENk
fn000271,474.641,476.351,Ik_kEn @ ni p@rsol@k nOx nit
fn000271,476.351,477.523,mEr k f@rmut
fn000271,477.523,479.446,dAt y blE+-j-En trOts bEnt
fn000271,479.446,481.075,dAt IN@ En Andre
fn000271,481.843,484.071,dez@ stAp fAndax zEt@
fn000271,484.557,486.339,dAt sE+ @J_Jawoxt xef@
fn000271,486.875,487.652,for GOt
fn000271,488.067,489.109,E vor Ons Al@
fn000271,489.931,491.700,En speSal vor d@ G@tY+G@
fn000271,492.341,493.390,Est@r dorin
fn000271,493.745,494.848,frANk In olAf
fn000271,497.999,499.188,En jYli wet@
fn000271,499.617,500.787,IN@ En Andre
fn000271,501.434,502.042,dAt
fn000271,502.463,503.418,hyw@n
fn000271,503.418,504.461,En trA+w@n
fn000271,505.119,506.877,wEr@kword@n sE+n
fn000271,508.074,509.557,fAdax En mOr@G@
fn000271,510.238,512.350,wEr@kword@n id@r@ dAG Opniw
fn000271,512.937,514.375,dar Gan jYli vox
fn000271,514.719,515.974,kiz@n vor @lkax
fn000271,515.974,518.332,kiz@n vor @n tukOmz As mAn En vrA+
fn000271,519.557,520.943,En_nits @f nibAnt
fn000271,521.313,523.737,kA jYli G@lYk ojt Ontnem@n
fn000271,524.303,525.457,AS_S@ Elkar
fn000271,525.940,526.922,dAG In_nAxt
fn000271,527.165,528.188,blE+f suk@n
fn000271,528.975,529.979,EJ_J@ InsEt
fn000271,530.602,531.973,Om @lkax t@ vInd@n
fn000271,532.428,533.400,In di livd@
fn000271,535.853,537.574,Em_mAG Ik so Ig En Andre
fn000271,537.574,539.612,jYli t@ Gan vraG@ Om t@ Gan stan
fn000271,547.706,549.576,En Elkar d@ rExt@rhAnt_t@ xev@
fn000271,549.576,551.684,Als tek@n vAn v@rbOnd@nhE+t
fn000271,555.517,556.479,Andre
fn000271,557.419,559.090,j Ept IN@ ler@ kEn@n
fn000271,559.756,561.600,E j@ bEnt f@n ha G@n hA+w@
fn000271,562.396,564.728,z@ Gef j@ mut En v@rtrA+
fn000271,565.450,568.187,hEl@pt j@ mer ler@ j@zEl@f wOrd@
fn000271,569.594,570.951,t Is @ stYk fAn j@ lev@
fn000271,572.255,574.401,wIl j@ IN@ blE+v@n lifhEb@n
fn000271,574.862,577.035,har_rEspEkter@n En trA+ zE+n
fn000271,577.707,580.173,ha b@mud@G@n En hElp@n
fn000271,580.636,582.356,@n Antwort sE+n
fn000271,582.356,585.161,Op har vraG@n In vorsput En teG@nsput
fn000271,585.161,587.731,In zikt@ EN G@zOnthE+t
fn000271,588.136,590.312,In Gud@ En kwad@ []
fn000271,591.372,593.923,b@lof jE+ Andre j@ vErd@r@ lev@n
fn000271,593.923,595.896,mEt IN@ t@ del@n
fn000271,599.348,600.259,IN@
fn000271,600.742,602.483,j Ep Andr@ ler@ kEn@
fn000271,602.483,604.588,E j@ bEnt f@n hEm Gan hA+w@
fn000271,605.114,606.572,hE+ Geft j@ mut
fn000271,606.572,607.695,En v@rtrA+w@
fn000271,608.373,610.013,hElp j@ mer []
fn000271,610.013,611.412,j@zEl@f wOrd@
fn000271,612.555,614.335,hE+ Iz @n stYk fAn j@ lev@
fn000271,615.863,616.733,wIl j@
fn000271,617.182,619.061,Andre blE+v@ lifhEb@n
fn000271,619.831,621.167,hEm rEsp@kter@n
fn000271,621.592,623.168,En trA+ zE+n
fn000271,623.765,626.326,hEm b@mud@G@n En hElp@n
fn000271,627.055,629.747,@n Antwort prober@ t@ zE+n Op sE+n vraG@n
fn000271,629.747,631.356,In vorsput
fn000271,631.356,632.518,En teG@nsput
fn000271,633.175,634.866,In zikt@ EN G@zOnthE+t
fn000271,635.564,638.044,In Gud@ En kwad@ daG@n
fn000271,639.374,640.541,b@lof jE+ IN@
fn000271,640.541,642.507,j@ vErd@r@ lev@ mEt Andre
fn000271,642.507,643.722,t@ del@n
fn000271,648.058,649.347,Andre En IN@
fn000271,649.347,650.475,b@lov@ jYli
fn000271,650.475,653.538,dAt jYli sam@ dor @t lev@ zYl@ trEk@n Als mAn
fn000271,653.538,654.595,En vrA+
fn000271,655.161,657.477,En dAt jYli stets prober@n
fn000271,657.952,659.187,Om jYli livd@
fn000271,659.562,660.786,t@ v@rdip@n
fn000271,661.233,662.426,id@r@ dAx @niw
fn000271,663.117,664.713,tOt In d@ dot
fn000271,668.100,669.508,Andre @n IN@
fn000271,669.508,671.634,b@lov@ jYli ok for d@ kInd@r@n
fn000271,671.634,674.722,di GOt jYli m@sxin zAl sxENk@n En tuv@rtrA+w@n
fn000271,675.196,677.724,xud@ En liv@ A+d@rs t@ zE+n
fn000271,678.461,679.534,jYli G@hel
fn000271,679.534,681.427,vor YN G@lYk t@ wIl@n InzEt@n
fn000271,682.073,683.805,En hEn Op t@ vud@n
fn000271,683.805,685.695,In d@ Gest fAn @t ev@NGeli
fn000271,686.141,688.480,In d@ Ges fAn jez@s krIst@s
fn000271,690.888,693.033,moG@n d@ livd@ vor [] [] GOt
fn000271,693.033,695.361,jYli darme hEl@p@
fn000271,727.326,728.083,her
fn000271,728.498,729.844,zeG@ dez@ rIN@
fn000271,730.523,733.468,sImbol@ vAn v@trA+w@ En trA+
fn000271,733.468,735.578,fAn v@rbOnd@hE+t En trA+w
fn000271,736.072,737.600,xlAnz@nt Als t@ livd@
fn000271,738.280,739.978,fest@l@k Als d@ dAx
fn000271,741.213,742.691,@n lev Is rOnt
fn000271,743.521,745.413,zOnd@ b@GInIN Of Ent
fn000271,745.828,746.899,E+ndlos
fn000271,747.364,748.599,zowAs jYli livd@
fn000271,748.599,750.472,G@lov@ Is x@zE
fn000271,759.101,760.094,Andre
fn000271,760.094,761.577,stek dez@ rIN
fn000271,761.577,763.090,an d@ hAnt fAn IN@
fn000271,763.090,765.605,As tekn fA j@ livd@ En trA+w
fn000271,765.605,767.690,In d@ nam vAn d@ vad@r
fn000271,767.690,768.963,d@ son
fn000271,768.963,770.360,En d@ hE+l@G@ Ges
fn000271,770.989,771.969,am
fn000271,777.035,777.941,IN@
fn000271,777.941,779.416,stek dez@ rIN
fn000271,779.909,781.451,an d@ hAnt f@n Andre
fn000271,781.451,783.412,As tek@ v@ j@ livd En trA+w
fn000271,783.412,784.922,d@ nam vAn d@ fa[]@
fn000271,784.922,785.846,d@ son
fn000271,785.846,787.253,En d@ hE+l@G_Ges
fn000271,787.990,788.779,a
fn000271,789.993,793.496,En In d@ nam vAn d@ kEr@k f@N GOt sprek Ik Y+t @m b@vEst@GIN
fn000271,793.971,795.904,dAt dIt hywl@k
fn000271,795.904,797.443,d@ jYli G@slot@n
fn000271,798.222,800.389,@n [] [] [] [] [] Is
fn000271,801.398,803.219,mAx jYli jawort
fn000271,803.219,804.543,fA vAnda
fn000271,804.543,806.089,@n fYn@mEnt sE+n
fn000271,806.494,808.351,fAn @n lAN lev@
fn000271,808.732,809.808,In G@lYk
fn000271,810.085,810.982,En livd@
fn000271,811.256,812.379,for @lka
fn000271,813.037,814.312,En y stat [] Al@
fn000271,814.747,816.337,As x@tY+G@ fAn
fn000271,816.337,818.409,Andre n IN@ nAbE+ t@ blE+v@n
fn000271,818.834,820.819,hEn t@ Ond@rst2n@ In Yn livd@
fn000271,820.819,822.032,tOt hYn G@lYk
fn000271,822.032,823.783,@ tOt Ons Al@ []
fn000271,824.714,826.978,b@ GOts []mAxt@xhE+t @ livd@
fn000271,827.209,829.688,di-j-In zE+N G@nad@ jYli tOt @t hywl@k rup
fn000271,830.010,832.726,hE+ sxENd jYli OprExt@ livd@ En trA+
fn000271,833.009,834.859,hE+ G@v@ jYli zE+n seG@n
fn000271,834.859,837.318,d@ nam v@n d@ vad@r d@ son
fn000271,837.318,838.775,En d@ hE+l@G@ Ges
fn000271,839.211,840.111,a
fn000271,842.125,843.186,IN En Andre
fn000271,843.651,845.382,bAG jyli livd@sflAm
fn000271,845.382,846.819,blE+v@ brAnd@
fn000271,847.305,848.955,lIxt En wAr@mt xe
fn000271,849.309,851.660,dor In d@ dONk@r@ daG@ []
fn000271,851.660,853.919,En [] [] festfr2Gd@ stets
fn000271,853.919,855.088,bE+v@ []
fn000271,856.100,857.521,stek@ jYli sam@
fn000271,857.521,858.449,d@ vlAm
fn000271,858.449,861.182,EJ_JYli hywl@ksdaG [] dopkars
fn000271,861.182,863.095,wAnd_dar Is @t @d b@GOn@
fn000271,863.095,864.479,tuwE+dIN aN GOt
fn000271,864.479,865.919,@n_ny Ob @n_niw@ m@nir
fn000271,865.919,867.824,xOts livd@ xstAlt@ Ge
fn000271,596.837,597.870,ja dad b@lov Ik
fn000271,644.650,645.673,ja d@d b@lov @k
fn000271,665.217,666.715,ja d@t b@lov@ wE+
fn000271,688.934,690.210,ja d@d b@lov@ wE+
fn000298,0.184,2.638,bEst@ mEns@ ojt hEb @k @ns Opx@sxrev@
fn000298,4.121,5.691,In @n klE+n Artik@ltj@
fn000298,5.691,7.444,In @t efANGeli stat
fn000298,8.404,10.947,dAt Er for hEn Gen plats wAs
fn000298,11.287,12.430,In d@ hErbEr@x
fn000298,14.724,16.110,Ig dENg dAd j@ dAt ok
fn000298,16.110,18.271,zo kYnt p@GrE+p@
fn000298,19.114,20.257,d@ hErbEr@x
fn000298,20.538,22.241,wAs xen plats for hEm
fn000298,23.462,24.615,En dAt @s mer
fn000298,24.615,26.175,dAn @n wortspelIN
fn000298,27.367,28.482,d@ hErbEr@x
fn000298,28.482,29.557,@t hotEl
fn000298,30.390,32.154,Is fo mEns@
fn000298,32.154,33.268,mEt sEnt@
fn000298,33.821,35.621,nit for Ar@mutsaj@rs
fn000298,36.716,38.518,jez@s hort nit_tY+s
fn000298,38.518,40.262,bE+ d@ G@sEt@ld@ mEns
fn000298,40.999,42.094,mar sE+n plEk
fn000298,42.094,43.709,Is Al@erzd_dar
fn000298,44.223,45.325,war mEns@
fn000298,45.325,47.651,Alz best@ b@hAnd@lt wOrd@
fn000298,48.387,49.521,bE+ mEns@
fn000298,49.521,51.779,di In hYn mEnsl@k@ Y+txruj
fn000298,52.302,53.746,x@klE+nert wOrd@
fn000298,54.577,55.691,bE+ mEns@
fn000298,55.691,58.181,di dOm Als es@ls x@hA+d@ wOr@d@
fn000298,58.947,60.953,Of di dor d@ OmstAnd@Ged@
fn000298,61.399,63.370,lOmp Als @n Os
fn000298,63.370,64.572,sE+n x@wOr@d@
fn000298,66.682,68.630,Als j@ di mEns@ bet@r zA+ kEn@
fn000298,69.143,71.760,blE+k@ z@ hel@mal Gen ez@ls t@ zE+n
fn000298,72.361,73.843,En Is hYn lOmphE+t
fn000298,74.202,77.191,slExs @n AfwermexAnIsm@
fn000298,77.927,79.177,@n tonelmAsk@r
fn000298,79.633,81.714,OmdAt s@ klE+n x@hA+d@ wOrd@
fn000298,82.227,84.010,En_nit for vOl anG@zin
fn000298,86.481,88.224,d@ jY+st@ plEk for jes@s
fn000298,88.224,89.408,Is bE+ mEns@
fn000298,89.870,92.186,di mEt @n x@brEk mut@ lef@
fn000298,92.991,94.328,sowAls @n Os
fn000298,94.328,95.985,mEt @n x@brEk left
fn000298,95.985,97.991,hEm dor mEns@ anG@dan
fn000298,99.955,102.262,m@sxin Is d@ en@G@ plEk fAn xOt
fn000298,102.262,103.250,dar
fn000298,103.250,105.285,war mEns@ v@rned@rt wOrd@
fn000298,105.798,106.903,mIsbrY+kt
fn000298,106.903,108.424,Ond@x@wArdert
fn000298,110.215,111.833,mEd_dez@ klE+n@ mEns@
fn000298,112.221,113.393,Is @n lev@ lAN
fn000298,114.246,115.951,@n spesijal@ bAnt x@hAt
fn000298,116.445,118.764,OmdAt s@ bE+ hEm kOnd@ zE+n
fn000298,119.054,120.857,wi s@ In wErk@l@khE+d war@
fn000298,121.775,124.382,s@ huvd@ zIx nit xrot@ vor t@ dun
fn000298,125.225,126.290,dAn s@ war@
fn000298,126.290,128.393,s@ huvd@ zIx nit_tEl@k@ns ker
fn000298,128.393,130.079,tEl@k@ns wer t@ b@wE+z@
fn000298,132.269,133.517,Ig dENg bEst@ mEns@
fn000298,134.030,135.387,dAt vel
fn000298,135.387,136.666,kriminAlitE+t
fn000298,137.703,140.329,zek@r j2xtkriminAlitE+t
fn000298,140.755,143.059,vortkOmt Y+t_t@ notsak
fn000298,144.009,145.995,dAd mEn zIx mud b@wE+z@
fn000298,146.451,147.875,Om_me t@ kYn@ tEl@
fn000298,148.185,149.571,In d@ matsxApE+
fn000298,149.571,151.867,fAn sxol En vrind@krIN
fn000298,154.336,155.886,fAndax klINk@ d@ word@
fn000298,156.487,159.016,hed@ Is y @n rEd@r x@bor@
fn000298,159.753,162.262,En dAt y zExt d@ EN@l
fn000298,162.262,163.658,teG@ d@ hEr@d@rs
fn000298,165.467,168.549,Al@ di its mEd jez@s x@bort@ t@ mak@ hEb@
fn000298,168.549,169.731,zE+m_mEns@
fn000298,169.731,171.485,fAn envA+d@G@ kOmAf
fn000298,171.485,172.900,mEns@ sowAs y
fn000298,173.278,174.540,mEns@ zowAls Ik
fn000298,175.073,177.512,mEns@ zOnd@ pr@tEnsis
fn000298,178.731,180.465,Er @s en Y+tsOnd@rIN
fn000298,180.465,181.560,Ob d@ reG@l
fn000298,182.490,183.692,ok_konIN@
fn000298,183.692,185.407,kom@ anG@red@
fn000298,185.407,186.851,Op hoG@ kAmel@
fn000298,187.287,189.487,wE+s@ x@lerd@ mEns@
fn000298,190.892,193.351,s@ styr@ d@ hErd@rs nid nar bY+t@
fn000298,193.351,195.511,sowAls fak In Ons@ matsx@pE+
fn000298,195.511,197.653,d@ mInd@r@ dor d@ merd@r@
fn000298,197.653,199.387,nar bY+t@ G@styrt wOrt
fn000298,200.645,202.253,ne zE+ kom@
fn000298,202.631,204.501,fAn hYn hoG@ kAmel@ Af
fn000298,205.189,207.050,En Op t@ b@Gan@ GrOnt
fn000298,207.050,209.414,blE+k@ s@ ef@ Grot
fn000298,209.414,211.321,Of ev@ klE+n t@ zE+n
fn000298,211.321,212.590,Alz d@ hEr@d@rs
fn000298,213.278,214.489,s@ met@ zIx
fn000298,214.489,215.914,xen er an
fn000298,216.263,218.707,ne s@ knil@ nast_t@ hEr@d@rs
fn000298,218.707,221.185,Ob d@ sten@ vlur vAn d@ stAl
fn000298,222.009,223.906,s@ ambId@ @d jes@skInt
fn000298,223.906,225.718,Ob d@zEl@vd@ wE+s@
fn000298,225.718,227.006,Alz d@ hErd@rs
fn000298,229.351,231.482,kOnrat ad@nhA+w@r heft @ns x@zExt
fn000298,232.480,233.662,Alz mEns@
fn000298,234.551,236.004,fAn hox tOd lax
fn000298,236.419,237.774,In pijama
fn000298,237.774,239.781,mEt @lkar zA+d@ v@Gad@r@
fn000298,239.781,242.695,dAn zA+d@ Al hel wAt problem@ Opx@lOst sE+n
fn000298,242.695,244.129,wAnt In pijama
fn000298,244.129,246.433,Is @n hoG@ En @m_mInd@r@ mEns
fn000298,246.433,247.668,p@rsis x@lE+k
fn000298,248.954,251.201,En dAn si j@_@t x@byr@ bEst@ mEns@
fn000298,251.201,252.938,dAt rE+k En Ar@m
fn000298,253.561,255.766,x@lert En OnG@lEt@rt
fn000298,255.766,257.496,bE+ xOt wElkOm zE+n
fn000298,258.327,259.365,OmdAt s@ zIx
fn000298,259.365,261.392,an Elkar x@lE+k mak@
fn000298,261.646,263.811,OmdAt s@ anvul@ dAt xOt
fn000298,264.049,265.196,nit kE+kt
fn000298,265.196,266.570,nar wAt j@ hEpt
fn000298,266.570,268.350,mar na wAt j@ bEnt
fn000298,270.416,271.570,rE+k@ mEns@
fn000298,271.570,274.082,zE+n_nit AltE+t d@ bEst@
fn000298,274.418,275.772,sowAls Ar@m@
fn000298,275.772,277.008,nit AltE+t
fn000298,277.344,278.916,@t sxOrymOri zE+n
fn000298,280.132,281.386,xut Of slExt
fn000298,281.386,283.205,wOrt nit Afx@met@
fn000298,283.205,285.528,an Inkom@ Of statIs
fn000298,287.249,288.524,rE+k@ mEns@
fn000298,288.999,291.013,kYn@ sOms hel b@sxE+d@ zE+n
fn000298,291.732,293.215,En Ar@m@ mEns@
fn000298,293.215,295.460,kYn@n @t sOms hox In d@ kOp hEb@
fn000298,296.884,298.812,bE+ xOt mAx id@r zE+n
fn000298,298.812,300.245,sowAls-t-i Is
fn000298,301.076,302.072,bE+ hEm
fn000298,302.072,304.237,huf j@ xen stAnt Ob d@ hA+d@
fn000298,304.870,305.839,bE+ hEm
fn000298,305.839,308.113,huf j@ j@ nit f@rleG@ t@ vul@
fn000298,308.113,310.011,mEt j@ Armud@G@ sitywasi
fn000298,311.215,312.342,wAnt x@lof
fn000298,312.639,314.220,heft xen kOnEksi
fn000298,314.517,315.783,mEt rE+gdOm
fn000298,315.783,316.999,Of Ar@mud@
fn000298,317.424,319.708,wEl mEt op@nhE+t fAn hArt
fn000298,322.869,324.490,bEst@ mEns@ kErstmIs
fn000298,324.490,325.598,Is nit Alen
fn000298,325.934,326.952,@n fest
fn000298,326.952,328.653,fAn @t x@lof@G@ hArt
fn000298,328.979,330.218,mar @t Is ok
fn000298,330.218,331.293,d@ dAx
fn000298,331.293,332.875,fAn d@ Y+daGIN
fn000298,334.130,336.029,sowAls x@zExt xOt kE+g nit
fn000298,336.029,338.194,nar mEns@l@k@ statYs
fn000298,338.827,340.043,mA mEns@
fn000298,340.043,341.869,dun dAt sovel t@ mer
fn000298,342.562,345.073,En dAn blE+kt Er nOx f@rsxrIk@l@k fel
fn000298,345.073,346.408,dIskrimInasi
fn000298,346.408,348.029,Ond@ d@ mEns@ t@ b@stan
fn000298,350.221,352.174,war xOt d@ G@lE+khE+t
fn000298,352.174,353.835,fAn mEns@ v@kOnd@xt
fn000298,354.339,355.526,hA+d@ mEns@
fn000298,355.526,357.147,d@ OnG@l@khE+t
fn000298,357.147,359.105,kYnsmat@x In stAnt
fn000298,361.218,362.632,kYn@ rE+k En Ar@m
fn000298,362.632,364.095,hox En lax
fn000298,364.095,366.093,x@lert En ONG@lEt@rt
fn000298,366.399,367.724,mEt kErsmIs
fn000298,367.724,369.899,nOx wEl nast @lkar knil@
fn000298,370.786,372.339,for d@ rEst fAn dId jar
fn000298,372.635,374.682,b@tek@nd_d@ stAnd@v@rsxIl
fn000298,374.682,377.717,d@ rod@ drat In d@ mEns@l@k@ sam@levIN
fn000298,379.467,381.116,En darIn Is xOt
fn000298,381.116,382.995,xen xOt mEt Ons
fn000298,382.995,383.865,mar
fn000298,383.865,385.723,d@ GOt fAn id@ fo zIx
fn000298,388.531,390.172,bEst@ mEns@ jez@s kAn wEl
fn000298,390.509,392.543,x@lE+khE+t propAGer@
fn000298,393.057,394.253,hE+ kAn wEl
fn000298,394.253,395.281,Opkom@
fn000298,395.281,396.903,for mIzdeld@
fn000298,397.298,399.325,hop xev@ an rExt@loz@
fn000298,399.632,402.010,En vor d@ klE+n@ mEns@ b@rE+gbar zE+n
fn000298,402.781,404.422,mar Alz d@ mEns
fn000298,404.422,406.518,nit mEt xOt sam@wEr@kt
fn000298,407.101,409.148,dor dIskrImInasi Y+t_t@ bAn@
fn000298,409.623,411.074,En El@k_kInt
fn000298,411.074,413.535,vE+l@xhE+t En tukOmst_t@ bid@
fn000298,414.119,415.612,dAn stat xOt ok
fn000298,415.612,417.352,mEt mAxt@loz@ hAnd@
fn000298,418.252,419.428,En E+skA+t
fn000298,419.428,421.166,xev@ w@ xOt og nOx
fn000298,421.166,423.756,d@ sxYlt fAn wAt wE+ v@kert_tun
fn000298,424.577,425.674,hu kAn GOt
fn000298,425.674,426.762,@t OnrExt
fn000298,426.762,428.729,In d@ wer@lt In stAnt hA+d@
fn000298,431.594,432.533,bEst@ mEns@
fn000298,433.235,434.155,@t kInt
fn000298,434.155,435.776,lIxt In d@ krIb@
fn000298,435.776,437.853,t@ draj@ vAn Er@G@rnIs
fn000298,438.475,440.658,t@wE+l @t Ob d@ erst@ kErzdAx
fn000298,441.222,442.536,fAn d@ G@sxid@nIs
fn000298,442.536,443.565,so lif
fn000298,443.565,444.820,lAx t@ kE+k@
fn000298,444.820,446.491,na hErd@rs En konIN@
fn000298,446.827,449.418,di Alz brurs for hEm nerknild@
fn000298,452.263,453.993,kYn@ hErd@rs En konIN@
fn000298,453.993,455.595,rE+k@ En Ar@m@
fn000298,456.060,458.116,x@lEt@rd@ En OnG@lEt@rd@
fn000298,458.442,459.898,nit wer Obniw
fn000298,459.898,461.733,brurs En sYs@
fn000298,461.733,462.989,fAn @lkar zE+n
fn000298,466.103,466.954,amEn
fn000781,1.023,2.287,na @t am@n vAn d@
fn000781,2.287,4.261,breg G@ment@ wIl@ w@ sam@ zIN@n[]
fn000781,4.591,6.001,psAlm zev@n@ntwInt@G
fn000781,6.885,8.888,d@ vErz@ en En zev@ niw b@rE+mt
fn000781,9.510,11.790,@t erst@ En @t latst@ kuplEt vAn psAlm
fn000781,11.790,12.821,zev@n@ntwInt@G
fn000781,16.884,18.362,En vor d@ tEkst f
fn000781,19.091,20.323,vor d@ v@kOnd@GIN
fn000781,20.637,21.891,stan w In d bizOnd@ stIl
fn000781,22.115,24.351,bE+ vErz dri Y+t_t forG@lez@ x@delt@
fn000781,26.246,27.073,dez@ word@
fn000781,27.471,29.350,x@loft sE+ d@ xOt En vad@r fAn
fn000781,29.350,30.876,Onz@ her@ jesus krIstYs
fn000781,31.226,31.933,di Ons
fn000781,32.215,33.965,nar zE+n xrot@ bAr@mhArt@GhE+t
fn000781,34.413,35.414,dor d@ OpstAndIN
fn000781,35.414,37.407,vAn jezus krIstYs Y+d_d@ dod@n
fn000781,37.660,38.496,hefd_dun
fn000781,38.496,40.061,wed@rG@bor@ wOrd@n
fn000781,40.255,40.943,tOt @n
fn000781,41.206,42.664,lev@nd@ hop
fn000781,51.131,53.066,x@ment@ vAn Onz@ her@ jezus krIstYs
fn000781,53.532,54.495,brud@rz E zYst@rs
fn000781,54.990,55.445,En
fn000781,55.707,56.767,jON@ns Em_mE+sj@s
fn000781,57.827,58.896,hob dud lev@n
fn000781,59.703,60.374,sEG@ wE+
fn000781,61.599,62.406,stEl dAt j@
fn000781,62.406,64.331,sE+f@rz Op sxol nid zo bEs sE+n
fn000781,64.758,65.670,jON@z Em_mE+sj@s
fn000781,66.185,68.074,En j Epd nOG @m par mand@ d@ tE+t
fn000781,68.074,69.520,Om d@ zak Op t@ hal@n
fn000781,69.695,70.326,t Iz ny
fn000781,70.682,71.688,b@GIn mE+-j-En
fn000781,71.979,74.206,E+nd jyni dAn kOmt_tAd rApOrt ONG@ver
fn000781,74.952,75.768,nA+ As j@ dAn
fn000781,76.060,77.946,wet_tAt j@ slEGt@ sE+v@rz hEpt
fn000781,78.490,80.901,E j@ hEp nOG d@ tE+d Om @d Op t@ hal@ dAn
fn000781,80.901,82.992,Ga j@ nAtyrl@g flINk j@ bEsd_dun
fn000781,83.176,83.798,ja
fn000781,84.263,85.526,Alz j@ nOx hop hEp
fn000781,85.526,86.615,Als j@ nOG dENgt
fn000781,86.615,87.792,@t sAl m@ nOG lYk@
fn000781,87.792,89.114,Ig Ga m@ bEzd_dun
fn000781,89.541,89.979,Om
fn000781,90.164,91.603,bet@r@ sE+f@rs t@ hal@
fn000781,91.797,92.750,hEp j@ hop
fn000781,93.080,93.972,tA sEt j@ j@ In
fn000781,94.458,95.489,dA xa j@ Er
fn000781,95.489,96.374,teG@nan
fn000781,96.568,97.210,mar
fn000781,97.637,98.882,hEp j@ xen hob mer
fn000781,99.086,101.244,dENk j@ nA+ @d wOrd_dId jar tOG
fn000781,101.244,101.963,nIks
fn000781,102.352,103.760,dAn lat j@_@t @rbE+ zIt@n
fn000781,104.265,105.597,dAn Gef j@ d@ mud Op
fn000781,106.414,107.590,Alz j@ hop hEpt
fn000781,108.309,109.175,dAn hEp j@ mut
fn000781,110.030,110.818,En Alz j@
fn000781,110.818,112.043,xen hob mer hEpt
fn000781,112.701,114.315,dAn hEp j@ vak ok xem_mud mer
fn000781,114.607,115.141,hop
fn000781,115.297,115.773,dut
fn000781,116.026,116.726,lev@
fn000781,117.455,118.563,ma wAd Iz ny hop
fn000781,120.187,121.567,m@sGiN kEn@ jyli @t f@rhal
fn000781,122.061,123.140,jON@z Em_mE+sj@s fAn
fn000781,123.500,125.920,d@ dos fAm pAndora dAd Iz @n hel A+t
fn000781,126.484,127.680,Griks v@rhal
fn000781,127.981,128.944,@t sExd_dAt_t@
fn000781,129.158,130.917,dAt_t@ Op@rxOt zY+s
fn000781,131.190,132.305,an d@ mEns@n
fn000781,132.636,134.648,@n Op ard@ @n dos xAf
fn000781,135.095,136.233,mEt Al@mal
fn000781,136.573,137.827,d2Gd@n ErIn
fn000781,138.080,138.974,mEd Al@mal
fn000781,139.130,141.927,@ krAxt@n pozitiv@ krAxt@n ErIn
fn000781,141.927,142.926,for d@ mEns@
fn000781,143.121,144.754,mar Er wAs en vorward@
fn000781,145.571,146.494,di dos di
fn000781,146.902,147.777,mOGd nit
fn000781,148.225,150.801,dor imAnd wOrd@ op@ x@magd_dAn Alen
fn000781,150.801,151.644,dor zY+s
fn000781,151.858,152.538,zEl@f
fn000781,153.725,155.173,d@ mEns@ must@ dYz wAGt@n
fn000781,155.377,157.399,tOt sY+s_sA+ kom@n Om d@ dos t@ op@n@
fn000781,157.574,158.974,Alen wAd G@b2rd@ Er
fn000781,159.665,160.860,d@ mEns@ kOnd@ nit
fn000781,161.065,161.548,wAxt
fn000781,161.811,163.541,s@ war@ zo niwsxir@x
fn000781,163.969,165.466,dAt s@ xIN@ kE+k@ En
fn000781,165.826,166.817,E stik@m
fn000781,166.817,168.324,d@ dEks@l fAn d@ dos
fn000781,168.927,169.734,op@nd@
fn000781,170.074,171.262,E wAt x@b2d@ Er
fn000781,172.172,174.767,Al di pozitiv@ krAxt@n Y+t di dos
fn000781,174.991,176.294,di kwam@ na bY+t@n
fn000781,176.498,177.480,mar s@ OntsnApt@n
fn000781,178.053,178.987,s@ xIN@ wEG
fn000781,179.405,180.501,nar d@ hem@l
fn000781,180.501,181.784,s@ v@lit@ d@ ard@
fn000781,181.784,184.331,E tu mEn vlYx d@ dEks@l wer Ob d@ dos
fn000781,184.603,185.187,dywd@
fn000781,185.187,186.334,tum bleg lat@r
fn000781,186.907,188.132,dAt @r nOG mar en
fn000781,188.764,189.897,krAGt en
fn000781,189.897,190.597,d2Gt
fn000781,191.054,192.473,wAs ov@G@blev@ In di
fn000781,192.473,193.212,In di dos
fn000781,193.416,194.583,En dAd wAz d@ hop
fn000781,195.681,196.362,d@ hop
fn000781,196.809,198.953,ja mEns@ hEb@ fag In hY lev@n
fn000781,198.953,201.186,nit fel mer ov@r dAn Alen
fn000781,201.449,202.129,d@ hop
fn000781,202.751,203.811,d@ hob dAt
fn000781,204.142,206.844,d@ dIN@ nOx sYl@ v@rAnd@r@ dAt_t@ dIN@ tEn Gud@
fn000781,207.058,208.254,zYl@ ker@n
fn000781,208.672,210.410,Als Al@s teG@ zIt
fn000781,211.051,213.249,ja dAN kYJ_J@ nOG AltE+t hop@n
fn000781,213.832,215.669,dAd d@ dIN@n wer And@s
fn000781,216.000,216.875,zYl@ xan
fn000781,218.508,220.090,mA jA_Az j@ d@r ev@ ov@ nadENgt
fn000781,221.694,222.764,dAn Iz hop
fn000781,223.707,226.108,ja tOx mar @n sxral@ trost
fn000781,227.158,228.397,wAnd wAd Iz nA+ hop
fn000781,229.447,230.274,imAnt sE+
fn000781,230.838,232.626,j@ kYnd nojt sek@r zE+n
fn000781,233.443,234.483,fAn d@ dIN@n
fn000781,234.921,235.786,di j@ hopt
fn000781,237.089,238.681,xut j@ hEpt_tAn wEl hop
fn000781,239.789,242.647,En hop hA+t j@ Im b@weGIN wAnt hob dud lev@n
fn000781,242.948,244.144,ma d@ Y+tkOmst
fn000781,244.144,245.340,Is Onzek@
fn000781,245.690,246.555,j@ hopt
fn000781,247.000,248.186,dAt j@ ov@Gat
fn000781,248.186,249.392,mEt_tAt rApOrt fAJ_J@
fn000781,249.790,251.521,mar Of tAt ok so Is
fn000781,251.521,252.347,j@ wed @d nit
fn000781,252.755,254.777,tEn dipst@ heft hop t@ mak@ mEt
fn000781,254.777,256.051,Onzek@rhE+t
fn000781,256.962,258.119,ja nAtyrl@g dENgt imAnt
fn000781,258.440,259.539,dAz tOG AltE+t so
fn000781,259.539,260.977,hop heft_t@ mak@n
fn000781,260.977,262.416,mEt Onzek@rhE+t
fn000781,262.416,264.681,dAd Iz ny jY+st @t kEnmEr@k@nd@
fn000781,264.681,265.537,fAn d@ dIN@n
fn000781,265.537,266.487,di j@ hopt
fn000781,267.071,268.402,j@ wet @d nojt sek@
fn000781,269.248,269.958,Ind@rdat
fn000781,270.843,271.912,dAs kEmEr@k@nt
fn000781,272.515,273.302,fo d@ hop
fn000781,273.740,274.498,Alen
fn000781,276.255,277.781,En dA drajd @t fAmIdAG Om
fn000781,278.307,280.154,@t Is kEnmEr@k@nt for d@ hop
fn000781,280.562,282.312,soAlz wE+ mEns@n
fn000781,282.565,285.126,Onz@ hop Ob ard@ b@lev@n
fn000781,285.311,287.127,mEt Alen di en@
fn000781,287.127,287.895,d2xt
fn000781,287.895,289.606,Y+d_d@ dos fAn pAndora
fn000781,289.606,291.608,di Er nOx for Ons ov@r Is
fn000781,292.017,293.164,@t Iz lad Ig @d mar
fn000781,293.835,294.972,rOndY+t sEG@n
fn000781,295.164,296.875,@t Iz d@ hop fAn Onz mEns@n
fn000781,297.021,298.178,mEt_t@ bE+b@l dIxt
fn000781,299.218,300.880,d@ hop fAn Onz mEns@n
fn000781,301.435,302.446,bY+t@ GOt Om
fn000781,303.155,304.059,@t Iz d@ hop
fn000781,304.767,305.632,lOs fAn xOt
fn000781,306.137,307.236,bY+t@_@t x@lof
fn000781,308.490,310.726,og In d@ bE+b@l wOrd ov@r hop x@sprok@
fn000781,311.348,312.495,wOrd hel vel zElfs
fn000781,313.293,314.476,ov@r hop x@sprok
fn000781,314.991,316.810,@t Iz en vAn d@ kErnword@ vAn d@ bE+b@l
fn000781,316.810,317.655,x@lof
fn000781,317.655,318.394,hop
fn000781,318.666,319.386,En livd@
fn000781,320.134,321.097,dAd Iz nOxAl wAt
fn000781,321.738,322.536,d@ bE+b@l
fn000781,322.769,323.875,@d buk fAn d@ hop
fn000781,324.604,325.916,En zA+ dAd b@tek@n@
fn000781,326.577,328.969,dAd_d@ bE+b@l @d bug Is fAn d@ Onzek@rhE+t
fn000781,330.495,331.458,j@ hopd @d wEl
fn000781,332.634,333.652,ma j@ wet @d nit
fn000781,335.004,336.472,ne bY+t@ d@ bE+b@l Om
fn000781,336.851,337.920,Is hop@n
fn000781,337.920,339.009,@N kAnts
fn000781,339.398,340.536,@n Onzek@rhE+t
fn000781,340.536,342.072,mar In d@ bE+b@l
fn000781,342.528,345.005,Iz wAd_dar ov@ d@ hob wOrd x@zExt
fn000781,345.287,346.327,@n zek@rhE+t
fn000781,346.755,347.824,@ vAsdhE+t
fn000781,348.612,349.910,mut j@ In Onz@ wer@lt
fn000781,349.910,352.311,AGt@r hop AltE+d @n vraxtek@ zEt@
fn000781,352.311,353.738,wAnt j@ wet @d nojt
fn000781,353.961,355.876,d@ bE+b@l zEt Axt@ d@ hop
fn000781,356.119,357.432,di d@ bE+b@l v@kOnd@xt
fn000781,357.432,358.725,@n Y+truptek@
fn000781,358.725,360.348,En @n dIb dIk@ strep
fn000781,360.640,361.476,ErOnd@r
fn000781,361.768,363.379,bE+b@ls@ hob dAd Is xen
fn000781,363.379,364.507,lYGtkAstel
fn000781,364.507,365.664,dAd Is xen wEnzdrom
fn000781,365.897,367.676,ma bE+b@ls@ hop Is_sek@ wet@
fn000781,368.541,369.961,bE+b@ls@ hop Is_sElfs
fn000781,370.214,371.555,@n xarAnsi
fn000781,371.815,372.739,forAf
fn000781,373.478,375.208,En darov@r xad @d In d@ brif
fn000781,375.626,376.491,di petrYs
fn000781,376.695,377.590,heft x@sxrev@
fn000781,378.465,379.350,mEn hefd wEl x@zExt
fn000781,379.632,381.569,Az j@ wIld wet@ wAt x@lov@n Is
fn000781,382.142,383.340,dAm_mut j@ pA+lYz lez@
fn000781,384.604,385.635,Az j@ wIld wet@ wAt
fn000781,385.635,386.772,lifhEb@n Is
fn000781,387.297,388.580,dAm_mut j@ johAn@z lez@
fn000781,389.222,390.398,mar Alz j@ wIld wet@ wAt
fn000781,390.398,392.201,hop@n Is In dez@ wer@l
fn000781,392.201,393.631,wAt krIstl@k@ hob Is
fn000781,394.367,395.699,dAm_mut j@ bE+ petrYz_zE+n
fn000781,397.789,399.141,petrYs_sxrE+ft sE+m brif
fn000781,400.696,401.834,zE+m brif_fAn d@ hop
fn000781,402.427,403.897,an d@ vremd@lIN@n
fn000781,403.897,405.832,di In d@ f@strojIN zE+n
fn000781,407.951,408.865,dAd Is xeN
fn000781,409.516,411.179,ObwEk@nt siNAl@mEnt
fn000781,411.665,412.190,vAn
fn000781,412.545,413.663,dez@ krIst@n@n
fn000781,413.663,414.985,vremd@lIN@n
fn000781,415.237,417.133,di In d@ f@strojIN zE+n
fn000782,0.470,1.496,dez@ krIst@n@n
fn000782,1.694,2.616,di hEb@ sIx
fn000782,2.936,5.016,dor hEt x@lof In jezus krIstYs
fn000782,5.167,6.192,Afx@kert
fn000782,6.493,7.453,fAn @t
fn000782,7.670,9.298,hE+d@nts@ lev@n
fn000782,9.797,11.554,xen lOs@ moral mer
fn000782,12.241,14.782,xem_mEntalitE+t fAn Al@s kAn Erme dor
fn000782,15.300,16.269,ne s@ zE+n
fn000782,16.627,18.245,fremd@lIN@N x@wOrd@
fn000782,19.243,20.530,In hYn E+x@n lAnt
fn000782,20.803,22.215,En Ond@r hYn E+x@ fOlk
fn000782,22.478,23.306,nit lAN@r
fn000782,23.692,25.109,x@AksEptert
fn000782,25.109,26.214,do d@ OmxefIN
fn000782,26.214,28.153,@t sE+n dwArslIx@rs dez@ krIst@n@n
fn000782,28.351,29.383,z@ zE+n And@rs
fn000782,29.882,30.814,dAn And@r@n
fn000782,32.037,33.957,vremd@lIN@n In d@ f@strojIN
fn000782,34.268,35.403,dAt sE+m_mEns@ di
fn000782,35.403,36.649,di war@ fruG@r In
fn000782,36.649,38.016,ma ny lIx@ s@ ErY+t
fn000782,39.164,40.500,In dez@ krIst@n@n
fn000782,40.858,42.307,an wi pet@rYs_sxrE+ft
fn000782,42.702,44.952,zin wE+ @N kAnt fAn @t krIst@n zE+n
fn000782,45.752,47.603,di w@ ok fAndax nit moG@ v@Get
fn000782,48.017,50.182,En di w@ ok nit mut@ v@dONk@r@man@n
fn000782,50.182,51.113,@N krIst@n
fn000782,51.575,52.102,Is
fn000782,52.732,53.805,@n vremd@lIN
fn000782,54.624,55.523,In dez@ wer@lt
fn000782,56.322,58.751,En w@ kYn@ dAt In Onz@ tE+t ok wEl wer hErkEn@n
fn000782,59.447,60.802,bE+ zE+n Als krIst@n@n
fn000782,61.084,62.289,@n mInd@rhE+t
fn000782,62.741,64.912,an @t wOrd@n In Onz@ sam@levIN
fn000782,65.185,66.736,w@ zE+n @n vremd@ ent
fn000782,67.169,67.940,In d@ bE+t
fn000782,69.079,70.000,wAnd w@ dun_nit me
fn000782,70.000,72.269,mEt wAt fel@ mEns@ mar hel x@won vInd@
fn000782,72.627,74.010,In Onz@ sam@levIN
fn000782,75.344,77.537,dAd_dun w@ nit OmdAt wE+ kInd@rAxt@x wIl@ zE+n
fn000782,78.403,79.288,d@d_dun w@ ok nit
fn000782,79.476,81.104,OmdAt wE+ Op klE+n@ dIN@
fn000782,81.104,82.153,In d@ sam@lefIN
fn000782,82.153,84.167,Onz@ zIn zA+d@ wIl@ dordrE+v@
fn000782,84.692,85.793,w@ dun dAt ok nit
fn000782,85.972,88.070,OmdAt wE+ @t lef@ zA+d@ f@rAxt@n
fn000782,88.757,89.709,w@ dun @t ok nit
fn000782,89.709,91.345,OmdAt wE+ nit sA+d@ wet@n
fn000782,91.345,92.851,t@ x@nit@ fAn @t lef@n
fn000782,93.661,94.750,ma w@ zEx@n_ne
fn000782,95.540,96.388,Als w@ zin
fn000782,96.754,98.791,dAd_d@ fYndAmEnt@n fAn @t lev@n
fn000782,99.051,100.331,En vAn @t sam@lev@n
fn000782,100.557,101.516,In @t x@dIN zE+n
fn000782,102.119,104.049,bE+vob@lt As @t xat ov@_@t lev@zb@xIn
fn000782,104.491,106.336,Ov @t lev@nsE+nd@ fAn Ons mEns@
fn000782,106.894,108.227,Az @t xat ov@ vrE+j@ sEks
fn000782,108.924,109.705,Az @t xat
fn000782,110.185,113.055,ov@r_rAs@hat Az @t xat ov@r xElt makt x@lYk@x
fn000782,114.013,115.754,dAn hErIn@r@ w@ Ons wer
fn000782,116.394,118.125,dAd wE+ fremd@lIN@ zE+n
fn000782,118.539,119.810,In d@ v@rstrojIN
fn000782,120.262,122.191,dor Onz@ konIN jezYs krIstYs
fn000782,122.351,125.141,zE+n wE+ ApArt kom@ t@ stan In dez@ wer@lt
fn000782,125.642,127.835,En dor hEm Is ok Ons lev@ ApArt
fn000782,128.249,129.981,Iz ok Onz@ hA+dIN And@rs
fn000782,130.423,131.868,dAn d@ hA+dIN vAn And@r@n
fn000782,132.094,133.042,In dez@ wer@lt
fn000782,134.576,135.733,Em_mEr@kward@x Is ny
fn000782,136.289,138.423,dAd pet@rYs an dez@ fremd@lIN@n
fn000782,138.423,140.778,di In d@ f@strojIN zE+n @m brif sxrE+ft
fn000782,141.625,143.984,En di brif di b@xInt nit mEt @N klaxton
fn000782,145.067,146.874,ma di briv b@xInt mEt @n lOfprE+zIN
fn000782,147.965,150.280,mEt OpwEk@nd@ word@ x@loft
fn000782,150.676,152.170,zE+ d@ xOt En vad@r
fn000782,152.433,154.739,fAn Onz@ her@ jezus krIstYs
fn000782,155.360,156.988,mId@ In di dY+st@rnIs
fn000782,157.336,158.251,b@xInt
fn000782,158.251,159.012,pet@rYs
fn000782,159.313,160.096,@n lit
fn000782,160.096,161.371,fAn @t lIxt t@ zIN@
fn000782,161.993,163.056,En dAd @z ok pr@sis
fn000782,163.555,165.860,wAt x@lov@n In Onz@ wer@lt b@tek@nt
fn000782,165.860,168.420,dAt j@ In d@ dY+st@nIs [] @t Is dY+st@r
fn000782,168.599,169.978,dAt j@ In di dY+st@nIs
fn000782,169.978,171.135,@t lit sINt
fn000782,171.295,172.453,fAn @t lIxt
fn000782,172.848,174.006,ni d@ OmstAnd@xhed@
fn000782,174.006,175.822,b@pal@ tEn dipst@ Onz lev@n
fn000782,176.340,178.631,mar d@ mAxt@x@ dad@n fAN xOt
fn000782,179.391,180.784,En fAn jezYs krIstYs
fn000782,180.784,182.149,di p@pal@n
fn000782,182.516,183.174,Onz lev@
fn000782,184.172,185.499,En OmdAd_dAt so Is
fn000782,185.941,187.861,darOm Is ok Onz@ hop
fn000782,188.452,189.901,Onz@ krIstl@k@ hop
fn000782,190.390,190.908,@n
fn000782,190.908,192.291,lef@nd@ hop
fn000782,192.724,193.646,dor @t x@lof
fn000782,194.108,196.526,sExd_d@ ApOst@l zE+n wE+ wed@rG@bor@n
fn000782,196.752,198.538,tOt @n lev@nd@ hop
fn000782,199.253,200.608,In di dONk@r@ nAxt
fn000782,200.966,202.490,fAn d@ vremd@lINsxAp
fn000782,202.989,203.723,En w En
fn000782,203.911,206.048,fAn @t lev@ In d@ f@rstrojIN
fn000782,206.424,207.438,zE+n wE+
fn000782,207.438,208.182,nit
fn000782,208.182,209.537,sOnd@r Y+tsIxt
fn000782,210.083,211.061,Ons x@lof
fn000782,211.532,213.188,Iz Alz @t war@ @n_nAxtkE+k@r
fn000782,213.593,216.689,wi In dinst Is x@west_ti-j-ef m@sxin wEl @s_son_nAxtkE+k@r vor oG@ G@hAt
fn000782,217.045,217.995,dAs_son Ap@rat
fn000782,218.221,220.107,n vEr@kE+k@ ma dAn vor In d@ nAxt
fn000782,220.602,221.675,En AS_S@ d@dor kE+kt
fn000782,222.268,222.672,dAn
fn000782,222.964,224.310,dAn Iz t nEd AlzOv @d_dAx Is
fn000782,224.573,225.131,j@ sit
fn000782,225.131,227.296,Al@lE+ dIN@ di j@ mEd @d blot@ ox
fn000782,227.597,229.394,hel@mal nit kYnt warnem@n
fn000782,229.394,230.721,ny dAt Is ok
fn000782,231.013,232.029,Ons x@lof
fn000782,232.283,233.930,dAt Is Als @n_nAxtkE+k@r
fn000782,234.100,235.537,wE+ sin Al dIN@n
fn000782,236.168,237.946,di Er nOx hel@mal nit_t@ zin zE+n
fn000782,238.379,239.537,da wet@ w@ Al vAn
fn000782,239.782,240.807,dAz Onz@ hop
fn000782,240.996,242.257,di wE+ hEb@ x@kreG@n
fn000782,242.812,243.847,d@ dY+st@nIs
fn000782,244.061,244.993,Is Er nOx
fn000782,245.473,247.110,ma j@ wet fAn @t lIxt
fn000782,247.562,248.701,En dAd @t lIxt kOmt
fn000782,248.842,250.197,di hop hEb@ wE+ x@kreG
fn000782,250.630,252.531,fAnY+t OnsEl@f hEb@ wE+ di hop nit
fn000782,253.592,254.627,G@bor@ wOrd@n
fn000782,254.994,256.265,dAd Iz nit fOldund@
fn000782,256.594,258.486,Om des@ hop t@ b@zIt@n
fn000782,259.032,259.804,IJ_J@ lev
fn000782,260.029,261.374,fAnY+t Onz@ G@bot@
fn000782,261.374,263.615,sIt@ wE+ mEd_di dos fAm pAndora
fn000782,264.111,265.062,d@ Onzek@rhE+t
fn000782,265.467,266.219,d@ ANkst
fn000782,266.747,268.205,d@ twE+f@l In @t lev
fn000782,268.798,269.957,j@ bEnt fAJ_J@zEl@f
fn000782,270.746,272.026,@n v@lor@ mEns
fn000782,272.280,274.028,@m_mEns In d@ dY+st@nIs
fn000782,274.028,276.588,di dY+st@nIs di zIt Alz @d war@ IJ_J@ kler@
fn000782,277.115,278.828,mar Alz wE+ Opniw G@bor@ wOrd@
fn000782,279.496,280.959,Az wE+ @n_niw@ mEns
fn000782,280.959,282.611,wOrd@ dor d@ dIN@ fAN xOt
fn000782,282.922,284.446,Az wE+ dor zE+n krAxt
fn000782,284.672,285.999,En dor zE+n xest
fn000782,286.168,288.502,@n_niw lev@n OntfAN@n
fn000782,289.011,290.980,dAn wOrd@ wE+ wEl vremd@lIN@n
fn000782,291.394,292.486,Ob dez@ ard@
fn000782,292.843,294.067,ma w@ wOrd@ t@G@lE+k
fn000782,294.387,295.874,tY+skom@s bE+ xOt
fn000782,296.309,297.784,w@ wOrd@ statsbYr@G@s
fn000782,297.982,299.584,fAn @t konINkrE+k
fn000782,299.932,300.836,fAn d@ hem@l
fn000782,301.635,303.123,@t xat Om @t niw@ lev
fn000782,304.195,304.835,fruG@r
fn000782,305.428,306.342,In d@ daG@ fAn
fn000782,306.342,309.073,d ApOst@l pet@rYs_sOxt@ mEns@ ok dAt niw@ lev
fn000782,309.447,311.037,En z@ zOxt@_@t ov@rAl z@ zOxt@_@t
fn000782,311.338,313.155,In d@ mIsteriGOdsdinst
fn000782,313.334,314.745,di war@ hel popylE:r
fn000782,315.140,316.204,In dez@ tE+t
fn000782,316.599,317.732,En z@ zOxt@_@t
fn000782,317.732,319.232,In ritywel@ x@hE+m@n
fn000782,319.994,321.067,En z@ zOxt@n hEt
fn000782,321.227,322.545,In d@ InwE+dIN
fn000782,322.545,323.871,IN xOd@l@k@ rit@n
fn000782,324.502,326.337,fAndax suk@ mEns@ ok @t niw@ lev
fn000782,327.288,329.196,Em_mEns@ zuk@_@t In rejINkArnatsi
fn000782,329.902,332.132,mEns@ zuk@ hEt In d@ ew@x@ hAr@moni
fn000782,332.518,334.080,fAn @t njuw etS@dENk@n
fn000782,334.767,337.190,mEns@ zuk@_@t Im paranOrmal@ v@sxE+nsl@n
fn000782,337.435,338.666,In OkYlt@ zak@n
fn000782,339.353,340.425,ma dAt sE+n Al@mal
fn000782,340.858,342.609,mIzlE+d@nd@ nAxtkE+k@rs
fn000782,343.286,344.707,s@ spix@l@ its for
fn000782,345.216,346.486,wa xen wEr@k@l@khE+t
fn000782,346.719,347.623,am b@Antwot
fn000782,348.112,349.373,@t krIstl@k x@lof
fn000782,350.154,352.403,heft hEb@ fel mEns@ bE+ d@ Axt@d2r
fn000782,352.403,353.957,fAn hYn lev@ nex@zEt
fn000782,354.493,355.810,ma mEns@ wet@ sOms nit
fn000782,355.810,358.198,hu snEl z@ bE+ d@ vod2r fAn hYn lev@
fn000782,358.377,359.685,wer @n_niw x@lof
fn000782,360.109,361.125,mut@ bIn@hal@
fn000782,361.765,362.650,Alen Al di
fn000782,362.885,363.948,niw@ fOr@m@n
fn000782,364.268,365.233,fAN x@lof di
fn000782,365.233,367.240,xev@ xen Ext@ Antwod@
fn000782,367.682,370.524,Ob d@ frax@ t Is nOx AltE+d_di dos fAm pAndora
fn000782,371.362,372.424,dAt niw@ lev@n
fn000782,372.866,373.958,dAt wE+ Al@mal
fn000782,374.278,375.303,nod@x hEb@n
fn000782,375.303,376.722,dAt kOmt nit fAn Ond@rOp
fn000782,376.901,378.548,En dAt kOmt bE+ Ons ok nit
fn000782,378.868,379.875,fAm bIn@Y+t
fn000782,379.875,381.719,@d lIxt nit In Onz@ x@bort@
fn000782,381.948,383.921,@d lIxt nit In Onz@ mEnsl@k@
fn000782,383.921,385.453,mAxt Em_moG@l@khed@
fn000782,385.745,386.827,@t niw@ lev@
fn000782,387.307,388.785,dAt kYJ_J Alem_mar OntfAN@n
fn000782,389.378,390.620,Als j@ fo xOt j@ hAnt
fn000782,391.024,392.210,xat op@hA+d@
fn000782,392.907,394.438,j@ kYnt_t Alem_mar OntfAN@n
fn000782,394.899,395.747,fAnY+t
fn000782,395.747,396.696,d@ xrot@
fn000782,396.696,397.798,bAr@mhArt@xhE+t
fn000782,398.278,399.210,fAN xOt sEl@f
fn000782,400.405,402.522,En di wod@ xrot@ bAr@mhArt@xhE+t
fn000782,403.001,404.321,di kom@ Y+d_d@ tEkst
fn000782,404.713,405.811,@t niw@ lev@n
fn000782,406.604,407.541,Iz @N G@sxENk
fn000782,407.994,408.913,Is G@nad@
fn000782,409.323,410.563,Is wed@rG@bort@
fn000782,410.955,412.106,Iz @n_niw@ sxEpIN
fn000782,412.592,414.399,xOt makt In zE+n xuthE+t
fn000782,414.765,416.022,@n_niw b@xIn
fn000782,416.489,417.399,mEt Ons
fn000782,417.658,419.326,dAd Iz @t en@G@ Ext@
fn000782,419.647,420.825,niw@ b@xIn
fn000782,421.119,421.986,In Onz@ wer@l
fn000783,0.000,1.272,t@ dAz d@ en@G@
fn000783,1.272,2.515,Ext@ hop
fn000783,2.993,4.437,for Ons mEns@
fn000783,4.437,5.460,@n fAst@
fn000783,5.699,7.134,En zek@r@ hop
fn000783,7.316,9.037,OmdAt @d_d@ dIN@ zE+n
fn000783,9.037,10.242,di xOt Ons
fn000783,10.565,11.263,b@loft
fn000783,11.263,13.195,@t Is @n OntwE+f@lbar@
fn000783,13.434,14.246,zek@rhE+t
fn000783,14.246,16.436,Az In d@ bE+b@l ov@r hop wOrt x@sprok@
fn000783,16.723,18.674,En di hop ok wOrd InG@fYlt
fn000783,18.885,21.369,mEt d@ word@ fAn ew@x lef@n
fn000783,21.742,22.708,mEt_t@ word@ fAn
fn000783,22.708,24.811,f@xevIN mEt_t@ word@ fAn tukOmst
fn000783,25.022,26.389,dAn zE+n di word@n
fn000783,26.724,27.872,ok fAst En zek@r
fn000783,28.455,30.021,E j@ kYnt j@ AfraG@ hu wet@ w@ ny
fn000783,30.204,32.058,dAt_ti word@ dAn wEl fAst sE+n
fn000783,32.307,34.133,Als Al di And@r@ word@ dAn
fn000783,34.707,36.247,[] Omb@trA+bar zE+n
fn000783,36.715,38.351,Als tAt slExt@ nAxtkE+k@rs_sE+
fn000783,38.351,39.467,hu wet@ w@ dAn
fn000783,39.811,42.279,dAd_des@ word@n wEl war zE+n
fn000783,43.130,44.163,petr@s_sExt
fn000783,45.062,47.041,En dAn slY+t@ w@ an bE+-j-@d pasfest
fn000783,47.813,49.210,dAt w@ ENk@l@ wek@ x@led@
fn000783,49.382,50.214,hEb@ x@virt
fn000783,50.472,51.400,petr@s_sExt
fn000783,51.859,53.083,wE+ wet@ @t sek@r
fn000783,53.523,55.043,dor d@ OpstAndIN
fn000783,55.292,56.879,fAn jes@s krIstYs
fn000783,57.250,58.512,Y+t d@ dod@n
fn000783,59.105,60.272,dor di dat
fn000783,60.654,61.525,fAn xOt
fn000783,61.917,62.663,sE+n wE+
fn000783,62.892,64.336,wed@rx@bor@n
fn000783,64.853,66.153,tOt @n lev@nd@ hop
fn000783,66.629,67.643,wAt xOd_dut
fn000783,68.140,69.651,dAt Is xen slAx In d@ lYxt
fn000783,70.282,72.845,jY+st In d@ OpstAndIN fAn jes@s krIst@s
fn000783,73.075,73.916,zE+n zon
fn000783,74.136,76.391,heft xOt @d b@wE+s x@lev@rt
fn000783,76.725,78.903,fAn zE+n xrot@ bArmhArt@xhE+t
fn000783,79.382,80.653,for Ons mEns@
fn000783,81.552,83.379,wAnt_ti OpstAndIN fAn jes@s
fn000783,83.857,85.053,di zExt Ons
fn000783,85.053,87.463,nit d@ sxYlt fAn Ons mEns@
fn000783,87.671,88.923,heft @d latst@ wort
fn000783,90.597,92.739,di sExt Ons nit Onz@ mIslYkIN@n
fn000783,93.083,95.675,Alz mEns@ hEb@ @d latst@ word nit
fn000783,95.675,97.872,d@ dot heft @d latst@ wort
fn000783,98.319,100.901,an di wer@lts@ krAxt@n Em_mAxt@n
fn000783,101.370,102.795,Is nit @d latst@ wor
fn000783,103.321,104.660,@d latst@ word Iz an xOt
fn000783,105.291,106.237,d@ lev@nd@ xOt
fn000783,106.668,109.083,d@ xOt fAn d@ xrot@ bArmhArt@xhE+t
fn000783,109.573,110.978,for Al@n di bE+ hEm kom@
fn000783,111.495,112.490,d@ xOt fAn @d lev@
fn000783,113.302,114.393,d@ xOt fAn d@ hop
fn000783,114.785,115.693,for Ons mEns@
fn000783,116.848,118.665,wE+ sE+n dor jez@s OpstAndIN
fn000783,119.306,120.807,wed@rx@bor@n
fn000783,121.429,122.787,tOt @n lev@nd@ hop
fn000783,123.781,125.904,En di hob di num petr@z dYz lev@nt
fn000783,126.409,129.106,En hE+ xeft_tame an dAt j@ mEd_des@ hop
fn000783,129.555,131.343,nit b@droG@n Y+tkOmt
fn000783,132.204,133.390,@t Iz @n fAst@ hop
fn000783,134.155,136.056,@n hop di wErk@l@k dud lev@n
fn000783,136.381,138.033,mar dAn_nit soAls dAt xat
fn000783,138.549,140.902,mEt Onz@ mEnsl@k@ pAndorahop
fn000783,141.514,142.786,wAnd_di hop sExt
fn000783,143.618,144.899,Ik hop tAd @t xud kOmt
fn000783,145.645,147.020,mar Of @t ok x@b2rt
fn000783,147.517,148.407,dAt wed Ig nit
fn000783,148.866,149.709,dAs Onzek@r
fn000783,150.377,152.165,des@ hop di zExt
fn000783,152.920,154.496,Ig wet dAt @t xut kOmt
fn000783,154.957,156.093,Ig wet sek@r
fn000783,156.514,157.365,dAd h@t xut kOmt
fn000783,157.365,158.828,jes@s krIst@s
fn000783,159.086,160.167,Is d@ x@rAntsi
fn000783,160.530,161.468,@d kOmt xut
fn000783,162.003,162.816,krIst@n@n
fn000783,163.046,165.627,hEb@n @n lev@nd@ hop og Al zE+n s@ fremd@lIN@n
fn000783,166.055,167.107,In d@ f@strojIN
fn000783,167.318,168.131,krIst@n@n
fn000783,168.399,170.187,zE+n_nit sOnd@r Y+tsIxt
fn000783,171.220,172.185,wAnt s@ wet@n
fn000783,172.654,174.289,fAn d@ fAst@ b@lOft@n
fn000783,174.490,175.217,fAn xOt
fn000783,175.217,176.927,di sE+n @t fYndamEnt
fn000783,177.519,178.571,fAn hYn hop
fn000783,179.059,180.082,@t Is x@wEld@x
fn000783,180.082,181.593,brud@z En zYst@rz En jON@z Em_mE+sj@s
fn000783,181.593,183.324,Om dez@ lef@nd@ hop
fn000783,184.003,184.900,t@ b@zIt@n
fn000783,185.120,187.080,IJ_J@ lev@_@n hop wame j@ nit
fn000783,187.472,188.638,b@droG@ Y+tkOmt
fn000783,188.638,190.093,In dId lev@n_nit En ok
fn000783,190.351,192.177,In @t tukom@nd@ lev@n_nit
fn000783,192.914,193.478,ok In
fn000783,193.755,194.652,Onz@ tE+t
fn000783,195.254,196.708,di Erfar@n wOrt Alz @n
fn000783,197.090,198.812,Alz @n tE+t fAn hop@loshE+t
fn000783,199.386,200.418,Er Iz hel fel
fn000783,200.897,202.149,hop@loshE+t
fn000783,202.436,203.806,Ond@r Ons mEns@n
fn000783,204.897,206.245,mar In Onz@ tE+t
fn000783,206.704,208.148,Iz dez@ hop @n
fn000783,208.425,209.841,@n x@wEld@G@ krAxt
fn000783,210.281,211.419,En stimylAns
fn000783,212.306,212.908,Als wE+
fn000783,213.310,214.601,In Onz@ sam@lefIN
fn000783,215.184,216.667,Al d@ hop hEb@ x@hAt_tAt fAn
fn000783,216.667,218.397,tin fE+ftiJ_Jar x@led@ tun
fn000783,218.754,221.527,tu t Al@mAl f@rAnd@rd@ In ost2ropa In rYslAnt
fn000783,221.527,223.495,dAt @r tun itz niws_sA+ kom@ dAt
fn000783,223.858,226.545,dAt @r tun @n tE+t sA+ xan ambrek@ fAn rYst
fn000783,226.937,228.047,En fAn fred@
fn000783,228.248,229.376,nA+ dAm_mut@ w@ ny
fn000783,230.313,231.745,jar@ lat@r zEG@n
fn000783,232.004,232.957,@d lE+kt wEl
fn000783,232.957,234.048,AlzOv @r nIks f@rAnd@rd Is
fn000783,234.660,236.123,AlzOf @d nOx OnrYst@G@r
fn000783,236.563,238.275,Is x@wOrd@ In Onz@ wer@lt
fn000783,238.590,239.632,di hop ti Iz
fn000783,239.939,241.507,di s helmal ni war x@blek@
fn000783,241.830,242.470,Er sE+n
fn000783,242.470,244.498,kOnflIkt@ di xam_mar dor
fn000783,244.498,245.980,Im bOsnij@ En
fn000783,245.980,247.857,En huv@ u lopt @t Af In irlAnt En
fn000783,247.857,249.337,hu xad @t In afrika
fn000783,249.796,251.280,hu zAl @d Al@mAl xan dar
fn000783,251.759,252.725,wAt_t@ dENk@n #
fn000783,252.725,255.412,vA Onz@ E+x@ sam@levIN Al@ OnrYst_ti-j-@r Is
fn000783,255.957,257.621,x@wElt Ond@r d@ mEns@
fn000783,257.956,258.826,x@wElt ok
fn000783,259.228,260.095,bE+ jON@r@n
fn000783,260.401,261.243,@n wer@lt
fn000783,261.913,262.706,sOnd@r hop
fn000783,263.270,264.179,@n wer@lt
fn000783,264.562,265.852,mEt xestl@k@ krAxt@n
fn000783,265.852,268.310,di d@ mEns@ stedz dip@r In @d muras trEk@
fn000783,268.741,270.919,di mEns@ stets mer In f@twE+f@lIN
fn000783,271.301,272.563,En In wAnhob_brEN@
fn000783,272.563,274.113,war fInt j@ hA+fAst
fn000783,274.524,276.341,Alz jON mEns In dez@ tE+t
fn000783,276.790,278.708,war fInt j@ @n lef@nd@ hop
fn000783,279.069,282.808,warme j@ forY+t kYnt_tor Al di mujl@khed@ fAn @d lev@n hen
fn000783,283.478,284.778,war fInt j@ krAxt
fn000783,285.055,286.691,og Al bEJ_J@ @n fremd@lIN
fn000783,287.111,288.173,In d@ f@rstrojIN
fn000783,288.173,290.428,@n Onb@Grep@ krIst@m_m@sxin Op sxol
fn000783,290.896,292.713,@n Onb@Grep@ krIst@n m@sxin
fn000783,293.058,293.851,Op j@ wEr@k
fn000783,294.062,296.223,wAt hA+t @t In @t lev@n
fn000783,296.682,297.968,Alz d@ xOlv@n fAn
fn000783,297.968,300.271,fAn Onz@ wred@ wer@ld b2k@n
fn000783,300.271,301.495,ov@r j@ b@stan
fn000783,302.365,303.407,dAn zEGd petr@s
fn000783,303.637,306.056,dAn Iz dar di en@ x@b2rt@nIs
fn000783,306.620,308.402,di-j-@d brekE+z@r Is
fn000783,308.736,309.846,In Onz@ wer@lt
fn000783,310.142,311.902,En tAd Iz d@ OpstAndIN
fn000783,312.131,313.786,fAn jes@s krIstYs
fn000783,314.254,315.201,Y+t d@ dot
fn000783,316.100,318.202,dor @t xrot@ ErbArm@n fAn xOt
fn000783,318.871,321.233,In d@ OpstAndIN fAn jes@s krIst@s
fn000783,321.577,322.878,Is x@blek@n
fn000783,323.538,324.341,wAt xOt
fn000783,324.542,325.857,for Onz lev@n
fn000783,326.249,327.153,wIl b@tek@n@
fn000783,327.363,328.759,an di x@b2rt@nIs
fn000783,328.970,330.232,wOrt j@ wed@rG@bor@
fn000783,330.663,331.963,an di x@b2rt@nIs
fn000783,332.269,334.134,wOrt j@ @n_niw mEns tEmInst@
fn000783,335.033,337.154,AlS_S@ mEd petr@z me xat sEG@n
fn000783,337.804,339.917,x@loft sE+ d@ xOt En vad@r
fn000783,340.501,342.193,fAn Onz@ her@ jes@s krIstYs
fn000783,342.509,343.207,di hEm
fn000783,343.532,344.642,Y+d_d@ dod@n
fn000783,344.642,345.701,heft Opx@wEkt
fn000783,345.701,346.619,Ik x@lof
fn000783,346.848,348.225,d@ OpstAndIN
fn000783,348.646,350.865,vAn jes@s krIst@s AS_S@ dAt sExt
fn000783,351.171,352.663,dAn hEp j@_@n lef@nd@ hop
fn000783,352.988,353.772,x@kreG@
fn000783,354.145,355.854,dAn wOrt j@ wEl @n fremd@lIN
fn000783,356.294,358.819,IJ_J@ A+d@ OmxevIN mEt Al@ pE+n
fn000783,359.307,362.166,di dAd mEt sIx mebrENt En dar hEb w@_@t fag mujl@g me
fn000783,362.826,364.698,j@ Ond@sxE+t j@ fAn des@ wer@lt
fn000783,365.272,367.471,j@ dENkt And@rs j@ left And@rs
fn000783,367.471,369.384,j@ prat And@rs j@ dut And@rs
fn000783,369.747,371.956,j@ kE+kt And@rs teG@ @d lef@ an
fn000783,372.817,374.507,wAnd j@ hEbd_dor d@ hE+l@G@ xest
fn000783,375.072,375.952,dor d@ bE+b@l
fn000783,375.952,378.094,hEp j@ jes@s krIst@s ler@ kEn@n
fn000783,378.601,380.284,En d@ krAxt fAn zE+n OpstAndIN
fn000783,380.284,381.823,j@ bEnd @n And@r mEns x@wOrd@
fn000783,382.366,383.064,@m_mEns
fn000783,383.418,384.556,fAn d@ lef@nd@ hop
fn000783,385.082,386.077,En zo Is Er
fn000783,386.545,388.008,@n_niw@ dimEnsi
fn000783,388.754,390.619,IJ_J@_@l IJ_J@ b@stan x@kom@
fn000783,391.107,393.084,Al dAt hop@n fAn b@ned@Y+t
fn000783,394.050,395.351,@d levf@t j@ nits Op
fn000783,396.154,398.784,j@ hopt wEl dIN@ IJ_J@ lev@n_n t hort @r og bE+ dAt j@
fn000783,398.784,401.253,ok Ob @m_mEnsl@k@ mAnir dIN@n hopt
fn000783,401.691,403.661,ma di hop fAm b@ned@Y+t
fn000783,403.910,404.550,ok Al
fn000783,405.306,407.094,Al b@trEf s@ d@ xrotst@ idijal@n
fn000783,407.410,408.156,di hop
fn000783,408.519,410.566,di op@nt xen d2r@n for Ons
fn000783,410.888,412.753,@t kOmt an Ob d@ lev@nd@ hop
fn000783,413.451,415.029,di hop hEb@ w@ Al@mAl nod@x
fn000783,415.546,416.512,wAnt s Iz d@ hop
fn000783,417.554,418.554,f@rtEl d@ ApOstOl
fn000783,418.554,420.337,Op @n ew@G@ Erf@nIs
