fn000271,0.000,2.497,niet alleen van brood alleen leeft de mens
fn000271,3.286,5.832,maar ieder woord dat komt uit de mond van God
fn000271,6.656,7.820,en God is liefde
fn000271,8.964,10.545,dus eigenlijk gaat het om
fn000271,11.200,12.415,mensen leven
fn000271,12.733,14.480,vanwege woorden van liefde
fn000271,15.624,17.668,en daarom zijn we hier bij elkaar
fn000271,18.569,19.480,omdat jullie
fn000271,20.035,22.129,woorden van liefde willen uitspreken
fn000271,22.892,23.948,naar elkaar
fn000271,24.435,25.386,en daardoor
fn000271,25.730,26.863,gegroeid bent
fn000271,29.494,30.406,Inge en André
fn000271,31.175,33.380,jullie hebben prachtige teksten gekozen
fn000271,33.640,35.250,die nauw aansluiten
fn000271,35.462,37.213,bij jullie eigen ervaring
fn000271,38.036,40.675,bij wat jullie willen uitdrukken en vieren
fn000271,41.707,43.144,jullie liefdesband
fn000271,43.658,45.126,zoals die is gegroeid
fn000271,45.905,47.160,zich heeft verdiept
fn000271,47.646,49.133,door de jaren heen
fn000271,51.413,53.716,jullie kennen elkaar al heel lang
fn000271,54.263,55.120,heel lang
fn000271,57.229,58.804,pas was je tien jaar
fn000271,59.434,60.393,toen je Inge
fn000271,60.749,62.276,André voor het eerst
fn000271,62.490,63.430,echt zag
fn000271,64.325,65.340,en dat moment
fn000271,65.603,66.676,is als het ware
fn000271,66.906,68.731,in je*x geheugen vast blijven zitten
fn000271,68.731,70.209,heel wonderlijk eigenlijk
fn000271,71.382,73.559,achteraf heb je de neiging te zeggen
fn000271,74.467,77.149,alsof jullie voor elkaar bedoeld waren
fn000271,79.649,81.147,en dan die verdere groei
fn000271,81.484,83.617,als klasgenoot kennis vriend
fn000271,83.877,86.023,dan echt vriendinnetje en vriend
fn000271,86.985,89.798,zo groede*u jullie steeds naar elkaar toe verder
fn000271,90.830,93.877,met ook die uiterst pijnlijke breuken erin
fn000271,95.049,96.385,en toch ervoeren jullie
fn000271,96.883,98.500,dat ook uit die pijn
fn000271,98.842,99.988,en die breuken
fn000271,100.302,101.202,nieuw
fn000271,101.202,102.123,vernieuwd
fn000271,102.123,103.594,en sterker leven
fn000271,103.594,105.456,en liefde mogelijk was
fn000271,107.762,109.461,en zo hebben jullie ontdekt
fn000271,110.108,111.850,dat een leven zonder elkaar
fn000271,112.292,113.176,eigenlijk
fn000271,113.560,114.549,niet zo leuk is
fn000271,114.549,115.463,eigenlijk leeg
fn000271,116.969,118.145,jullie vinden 't heerlijk
fn000271,118.145,120.969,om samen dingen te doen te dansen paard te rijden
fn000271,120.969,122.232,film kijken
fn000271,122.961,125.413,of ook zoals in de eerste lezing gezegd
fn000271,126.671,127.586,zwijgend
fn000271,127.586,128.930,bij elkaar zijn
fn000271,129.812,130.711,ieder verdiept
fn000271,131.125,132.422,in z'n eigen werk
fn000271,132.677,133.631,en gedachten
fn000271,135.012,137.200,en je toch intiem verbonden weten
fn000271,139.300,139.980,het is
fn000271,140.377,142.753,alsof het zo samen zijn
fn000271,142.753,145.151,een eigen thuis creëert
fn000271,146.158,147.001,waar ieder
fn000271,147.001,148.236,zichzelf is
fn000271,148.681,150.362,zichzelf kan zijn
fn000271,151.142,153.084,en zichzelf mag zijn
fn000271,154.416,155.205,en dit
fn000271,155.205,156.592,zichzelf zijn
fn000271,156.819,158.626,is een uiterst grote waarde
fn000271,159.201,160.994,in jullie huwelijksrelatie
fn000271,162.411,164.190,het jezelf accepteren
fn000271,164.190,165.445,zoals je bent
fn000271,166.597,168.408,en de ander accepteren
fn000271,168.408,169.542,zoals ie is
fn000271,170.174,170.999,die twee
fn000271,171.555,172.953,jezelf accepteren
fn000271,173.608,174.977,en die ander accepteren
fn000271,175.382,176.402,zoals je bent
fn000271,176.715,177.748,en zoals ie is
fn000271,178.537,180.066,en dat is boven alles
fn000271,180.475,181.518,belangrijk
fn000271,183.484,184.377,de één
fn000271,184.671,186.574,zich meer waarmakend misschien
fn000271,186.574,187.970,vanuit z'n drang
fn000271,187.970,190.076,in het werk en in het leven
fn000271,190.518,192.664,zoals we hoorden in 't evangelie van vandaag
fn000271,192.958,194.911,benut de kansen van iedere dag
fn000271,195.255,196.915,honderd procent levend
fn000271,197.259,198.808,liefst heel efficiënt
fn000271,200.660,201.611,en die ander
fn000271,201.874,203.625,die dat ook wel belangrijk vindt
fn000271,204.425,206.176,maar toch meer oog heeft
fn000271,206.176,207.897,voor de vogels en de bloemen
fn000271,208.554,210.180,ook honderd procent leven
fn000271,210.939,212.953,maar niet altijd even efficiënt
fn000271,213.570,215.433,want*x liefde is niet efficiënt
fn000271,216.010,218.332,liefde is niet zakelijk of nuttig bedoeld
fn000271,218.838,219.565,liefde
fn000271,220.840,223.046,g*a daar gaat het niet om het doen
fn000271,223.836,224.595,daar gaat het
fn000271,224.595,225.789,om de kwaliteit
fn000271,226.285,227.459,van het zijn
fn000271,228.147,229.845,het er echt zelf zijn
fn000271,230.564,231.981,het er echt zijn
fn000271,231.981,233.195,voor die ander
fn000271,236.272,238.248,liefde is belangrijk vinden
fn000271,238.643,240.118,en echt beluisteren
fn000271,240.564,242.112,wat de ander beleeft
fn000271,242.112,243.165,en ervaart
fn000271,243.681,245.392,zowel de blijde gevoelens
fn000271,245.944,248.226,als ook de angstige en de verdrietige gevoelens
fn000271,249.217,251.097,en zelfs ook de gelegenheid geven
fn000271,251.340,252.444,om kwaadheid
fn000271,252.444,253.790,woorden te geven
fn000271,254.239,256.067,zonder in de verdediging te gaan
fn000271,256.846,257.494,want
fn000271,258.162,260.584,gedeelde vreugde is dubbele vreugde
fn000271,261.182,263.618,gedeelde smart is halve smart
fn000271,265.844,267.332,en ook die ervaringen
fn000271,267.805,269.083,hebben jullie samen
fn000271,269.591,270.439,beleefd
fn000271,271.429,273.686,en dit deed jullie naar elkaar toe groeien
fn000271,275.637,277.390,en jullie wisten ook te genieten
fn000271,277.683,278.412,van het
fn000271,278.928,280.558,voor de ander zorgen
fn000271,281.822,282.954,en te genieten
fn000271,283.308,284.391,van door de ander
fn000271,284.391,285.839,verzorgd te worden
fn000271,289.456,291.030,en dat wens ik jullie eigenlijk toe
fn000271,291.030,292.025,in de toekomst
fn000271,292.288,294.189,dat jullie echt blijven zorgen
fn000271,294.492,295.555,voor elkaar
fn000271,296.770,299.067,gewoon niet altijd efficiënte tijd
fn000271,299.765,300.955,maar die misschien wel
fn000271,300.955,304.022,achteraf efficiënt blijkt te zijn voor de huwelijksrelatie
fn000271,304.677,306.509,en zo kunnen jullie elkaar verrijken
fn000271,306.691,309.090,met jullie gezamenlijke interesses en waarden
fn000271,310.264,312.177,en zo kunnen jullie elkaar ook
fn000271,312.177,313.078,verrijken
fn000271,313.452,314.366,met jullie toch
fn000271,314.366,315.772,ook grote verschillen
fn000271,316.935,318.424,die door 't leven heen
fn000271,318.865,321.025,ook steeds serker*u zult ontdekken die verschillen
fn000271,321.471,324.214,maar die kunnen tegelijkertijd elkaar verrijking geven
fn000271,325.145,326.164,ontdekken ook
fn000271,326.612,329.070,dat de meest sterke kanten van de ander
fn000271,329.687,330.678,ook altijd
fn000271,331.324,334.545,een andere kant heeft d'r zijn ook negatieve aspecten blijft er v*a
fn000271,334.545,335.332,hebben
fn000271,335.615,338.105,maar juist door daarmee bezig te zijn
fn000271,338.651,340.676,je te schuren soms aan elkaar
fn000271,341.617,343.540,juist daardoor groei je uit
fn000271,343.988,344.965,tot rijpere
fn000271,345.332,346.675,en gelukkigere mensen
fn000271,351.475,352.991,jullie hebben ook ervaren
fn000271,352.991,355.255,hoe kostbaar je voor elkaar bent
fn000271,355.741,356.629,een thuis
fn000271,357.075,358.259,geborgenheid
fn000271,358.724,359.848,zekerheid
fn000271,360.465,361.538,zorgzaam
fn000271,362.358,364.595,beste vriend en partner ineen
fn000271,366.126,367.760,de basis in m'n leven
fn000271,368.216,369.127,m'n anker
fn000271,369.826,371.272,m'n zonnetje in huis
fn000271,372.163,373.104,m'n verleden
fn000271,373.104,374.754,m'n heden m'n toekomst
fn000271,375.966,377.231,allemaal woorden
fn000271,377.231,378.517,vanuit jullie zelf
fn000271,380.237,382.211,en al deze gevoelens samen
fn000271,382.596,383.233,vormen
fn000271,383.527,384.913,een exclusieve
fn000271,385.278,387.320,partner-liefdesrelatie
fn000271,388.261,390.093,als man en vrouw
fn000271,391.363,393.544,en dit willen we vandaag hier vieren
fn000271,394.088,395.318,en bevestigen
fn000271,396.368,398.514,vier*a en 't*x bevestigen in 't openbaar
fn000271,399.030,399.627,voor
fn000271,399.627,401.206,en in jullie familie
fn000271,401.665,403.858,die belangrijk zijn in jullie leven
fn000271,404.748,406.578,met vrienden en anderen erbij
fn000271,407.084,409.189,die ook veel in jullie leven betekenen
fn000271,410.641,412.640,en ook vieren en bevestigen
fn000271,412.969,413.855,voor God
fn000271,414.867,417.689,want jullie willen ook Gods zegen vragen over jullie huwelijk
fn000271,418.427,420.674,God die altijd aanwezig*z is
fn000271,421.180,422.152,beschermend
fn000271,423.113,424.713,voor wie je mag zijn
fn000271,424.955,425.995,wie je bent
fn000271,427.079,428.384,bij wie je je ook
fn000271,428.657,429.518,op z'n tijd
fn000271,429.832,431.441,geborgen voelt
fn000271,433.771,435.466,God wie die ook is
fn000271,435.962,437.832,en die toch op de één of andere manier
fn000271,437.832,439.178,richting geeft
fn000271,440.079,441.061,aan het leven
fn000271,442.000,443.025,en jullie helpt
fn000271,443.523,444.725,bij die richting geven
fn000271,445.867,446.646,ten goede
fn000271,447.362,449.378,naar die volle liefde toe
fn000271,451.421,453.730,en daarom ben ik blij hier te mogen staan
fn000271,454.958,456.620,en ik weet zeker ook dat
fn000271,457.039,457.933,u ouders
fn000271,458.308,459.188,van de bruid
fn000271,459.188,460.433,en bruidegom
fn000271,461.609,462.579,blij bent
fn000271,464.871,466.293,en u oma
fn000271,467.010,467.829,Hafkamp
fn000271,469.091,471.109,u ouders u had al uw kinderen losgelaten
fn000271,471.109,472.596,toen ze een eigen weg gingen
fn000271,473.877,474.641,en ik denk
fn000271,474.641,476.351,ik ken u niet persoonlijk nog niet
fn000271,476.351,477.523,maar*z 'k vermoed
fn000271,477.523,479.446,dat u blij en trots bent
fn000271,479.446,481.075,dat Inge en André
fn000271,481.843,484.071,deze stap vandaag zetten
fn000271,484.557,486.339,dat zij hun jawoord geven
fn000271,486.875,487.652,voor God
fn000271,488.067,489.109,en voor ons allen
fn000271,489.931,491.700,en speciaal voor de getuigen
fn000271,492.341,493.390,Esther Dorien
fn000271,493.745,494.848,Frank en Olaf
fn000271,497.999,499.188,en jullie weten
fn000271,499.617,500.787,Inge en André
fn000271,501.434,502.042,dat
fn000271,502.463,503.418,huwen
fn000271,503.418,504.461,en trouwen
fn000271,505.119,506.877,werkwoorden zijn
fn000271,508.074,509.557,vandaag en morgen
fn000271,510.238,512.350,werkwoorden iedere dag opnieuw
fn000271,512.937,514.375,daar gaan jullie voor
fn000271,514.719,515.974,kiezen voor elkaar
fn000271,515.974,518.332,kiezen voor een toekomst als man en vrouw
fn000271,519.557,520.943,en niets of niemand
fn000271,521.313,523.737,kan jullie geluk ooit ontnemen
fn000271,524.303,525.457,als je elkaar
fn000271,525.940,526.922,dag en nacht
fn000271,527.165,528.188,blijft zoeken
fn000271,528.975,529.979,en je inzet
fn000271,530.602,531.973,om elkaar te vinden
fn000271,532.428,533.400,in die liefde
fn000271,535.853,537.574,en mag ik zo Inge en André
fn000271,537.574,539.612,jullie te gaan vragen om te gaan staan
fn000271,547.706,549.576,en elkaar de rechterhand te geven
fn000271,549.576,551.684,als teken van verbondenheid
fn000271,555.517,556.479,André
fn000271,557.419,559.090,je hebt Inge leren kennen
fn000271,559.756,561.600,en je bent van haar gaan houden
fn000271,562.396,564.728,ze geeft je moed en vertrouwen
fn000271,565.450,568.187,helpt je meer leren jezelf worden
fn000271,569.594,570.951,'t is een stuk van*x je*x leven*x
fn000271,572.255,574.401,wil je Inge blijven liefhebben
fn000271,574.862,577.035,haar respecteren en trouw zijn?
fn000271,577.707,580.173,haar bemoedigen en helpen?
fn000271,580.636,582.356,een antwoord zijn
fn000271,582.356,585.161,op haar vragen in voorspoed en tegenspoed?
fn000271,585.161,587.731,in ziekte en gezondheid?
fn000271,588.136,590.312,in goede en kwade dagen*x?
fn000271,591.372,593.923,beloof jij André je verdere leven
fn000271,593.923,595.896,met Inge te delen?
fn000271,599.348,600.259,Inge
fn000271,600.742,602.483,je hebt André leren kennen
fn000271,602.483,604.588,en je bent van hem gaan houden
fn000271,605.114,606.572,hij geeft je moed
fn000271,606.572,607.695,en vertrouwen
fn000271,608.373,610.013,helpt*x je meer xxx
fn000271,610.013,611.412,jezelf worden
fn000271,612.555,614.335,hij is een stuk van je leven
fn000271,615.863,616.733,wil je
fn000271,617.182,619.061,André blijven liefhebben?
fn000271,619.831,621.167,hem respecteren?
fn000271,621.592,623.168,en trouw zijn?
fn000271,623.765,626.326,hem bemoedigen en helpen?
fn000271,627.055,629.747,een antwoord proberen te zijn op zijn vragen?
fn000271,629.747,631.356,in voorspoed
fn000271,631.356,632.518,en tegenspoed?
fn000271,633.175,634.866,in ziekte en gezondheid?
fn000271,635.564,638.044,in goede en kwade dagen*x
fn000271,639.374,640.541,beloof jij Inge
fn000271,640.541,642.507,je verdere leven met André
fn000271,642.507,643.722,te delen?
fn000271,648.058,649.347,André en Inge
fn000271,649.347,650.475,beloven jullie
fn000271,650.475,653.538,dat jullie samen door 't leven zullen trekken als man
fn000271,653.538,654.595,en vrouw?
fn000271,655.161,657.477,en dat jullie steeds proberen
fn000271,657.952,659.187,om jullie liefde
fn000271,659.562,660.786,te verdiepen
fn000271,661.233,662.426,iedere dag opnieuw*x
fn000271,663.117,664.713,tot in de dood?
fn000271,668.100,669.508,André en Inge
fn000271,669.508,671.634,beloven jullie ook voor de kinderen
fn000271,671.634,674.722,die God jullie misschien zal schenken en toevertrouwen
fn000271,675.196,677.724,goede en lieve ouders te zijn?
fn000271,678.461,679.534,jullie geheel
fn000271,679.534,681.427,voor hun geluk te willen*x inzetten?
fn000271,682.073,683.805,en hen op te voeden
fn000271,683.805,685.695,in de geest van het evangelie?
fn000271,686.141,688.480,in de geest van Jezus Christus?
fn000271,690.888,693.033,mogen de liefde voor en door God
fn000271,693.033,695.361,jullie daarmee helpen
fn000271,727.326,728.083,Heer
fn000271,728.498,729.844,zegen deze ringen
fn000271,730.523,733.468,symbolen van trouwen en trouw
fn000271,733.468,735.578,van verbondenheid en trouw
fn000271,736.072,737.600,glanzend als de liefde
fn000271,738.280,739.978,feestelijk als de dag
fn000271,741.213,742.691,een leven is rond
fn000271,743.521,745.413,zonder begin of eind
fn000271,745.828,746.899,eindeloos
fn000271,747.364,748.599,zoals jullie liefde
fn000271,748.599,750.472,geloven*x is gezet*x
fn000271,759.101,760.094,André
fn000271,760.094,761.577,steek deze ring
fn000271,761.577,763.090,aan de hand van Inge
fn000271,763.090,765.605,als teken van je liefde en trouw
fn000271,765.605,767.690,in de naam van de Vader
fn000271,767.690,768.963,de Zoon
fn000271,768.963,770.360,en de Heilige Geest
fn000271,770.989,771.969,amen
fn000271,777.035,777.941,Inge
fn000271,777.941,779.416,steek deze ring
fn000271,779.909,781.451,aan de hand van André
fn000271,781.451,783.412,als teken van je liefde en trouw
fn000271,783.412,784.922,de naam van de Vader
fn000271,784.922,785.846,de Zoon
fn000271,785.846,787.253,en de Heilige Geest
fn000271,787.990,788.779,amen
fn000271,789.993,793.496,en in de naam van de kerk van God spreek ik uit een bevestiging
fn000271,793.971,795.904,dat dit huwelijk
fn000271,795.904,797.443,door jullie gesloten
fn000271,798.222,800.389,een xxx feest*x van*x de*x liefde*x is
fn000271,801.398,803.219,mag jullie jawoord
fn000271,803.219,804.543,van vandaag
fn000271,804.543,806.089,een fundament zijn
fn000271,806.494,808.351,voor een lang leven
fn000271,808.732,809.808,in geluk
fn000271,810.085,810.982,en liefde
fn000271,811.256,812.379,voor elkaar
fn000271,813.037,814.312,en u staat hier allen
fn000271,814.747,816.337,als getuigen van
fn000271,816.337,818.409,André en Inge nabij te blijven
fn000271,818.834,820.819,hen te ondersteunen in hun liefde
fn000271,820.819,822.032,tot hun geluk
fn000271,822.032,823.783,en tot ons aller*x geluk*x
fn000271,824.714,826.978,bij Gods onbarmhartigheid en liefde
fn000271,827.209,829.688,die in zijn genade jullie tot het huwelijk roept
fn000271,830.010,832.726,hij schenkt jullie oprechte liefde en trouw
fn000271,833.009,834.859,hij geve jullie zijn zegen
fn000271,834.859,837.318,de naam van de Vader de Zoon
fn000271,837.318,838.775,en de Heilige Geest
fn000271,839.211,840.111,amen
fn000271,842.125,843.186,Inge en André
fn000271,843.651,845.382,mag jullie liefdesvlam
fn000271,845.382,846.819,blijven branden
fn000271,847.305,848.955,licht en warmte geven
fn000271,849.309,851.660,door in de donkere dagen xxx
fn000271,851.660,853.919,en in de feestvreugde steeds
fn000271,853.919,855.088,blijven*x xxx
fn000271,856.100,857.521,steken jullie samen
fn000271,857.521,858.449,de vlam
fn000271,858.449,861.182,in*x jullie huwelijksdag xxx doopkaars
fn000271,861.182,863.095,want daar is 't 't begonnen
fn000271,863.095,864.479,toewijding aan God
fn000271,864.479,865.919,en nu op een nieuwe manier
fn000271,865.919,867.824,Gods liefde gestalte geven
fn000271,596.837,597.870,ja*x dat*x beloof*x ik*x
fn000271,644.650,645.673,ja dat beloof ik
fn000271,665.217,666.715,ja dat beloven wij
fn000271,688.934,690.210,ja dat beloven wij
fn000297,0.000,1.374,in de naam van de Vader
fn000297,1.374,3.571,en de Zoon en de Heilige Geest
fn000297,3.571,4.196,amen
fn000297,5.244,7.592,de genade van onze Heer Jezus Christus
fn000297,8.126,9.273,de liefde van God
fn000297,9.563,11.751,en de gemeenschap van de Heilige Geest
fn000297,11.751,13.008,zij met ons allen
fn000297,14.486,15.864,beste mensen welkom
fn000297,15.864,17.427,op deze eerste kerstdag
fn000297,17.817,18.998,hier in deze kerk
fn000297,19.498,21.436,waar we de geboorte van Jezus vieren
fn000297,22.186,22.976,een kind
fn000297,23.490,24.666,waar zoveel
fn000297,24.666,25.506,ophef
fn000297,25.506,26.971,over gemaakt wordt
fn000297,27.507,29.265,en dat al tweeduizend jaar lang
fn000297,29.828,30.641,moet wel
fn000297,30.641,32.089,een bijzonder kind zijn
fn000297,33.324,35.002,miljoenen mensen op aarde
fn000297,36.281,37.270,waaronder ik
fn000297,37.815,38.815,geloven
fn000297,38.815,40.127,dat dat kind
fn000297,40.127,41.910,Gods zoon geweest is
fn000297,42.504,43.856,en dat sindsdien
fn000297,43.856,46.014,God voor de mens op aarde
fn000297,46.014,48.514,een herkenbaar gezicht gekregen heeft
fn000297,50.437,51.630,een mensengezicht
fn000297,52.755,54.492,en elk jaar weer vieren we
fn000297,54.870,55.674,dat God
fn000297,55.674,57.987,de mens niet uit 't zicht verliest
fn000297,58.612,59.239,maar dat
fn000297,60.504,62.409,hij hem probeert nabij te zijn
fn000297,62.907,64.621,als de mens ook toenadering
fn000297,64.621,65.551,naar Hem zoekt
fn000297,66.739,69.314,en die toenadering kan op vele manieren gebeuren
fn000297,69.314,70.220,hier
fn000297,70.220,71.818,gezamenlijk in de kerk
fn000297,73.018,74.416,in de onderlinge relaties
fn000297,74.416,75.291,tussen mensen
fn000297,76.229,78.394,in het grote wereldgebeuren
fn000297,79.679,81.072,in de vredespogingen
fn000297,81.072,82.323,die worden ondernomen
fn000297,82.886,84.174,in de stille gebed
fn000297,84.174,86.052,van een zieke of bejaarde
fn000297,87.770,89.028,de oude profeet
fn000297,89.028,90.116,Jesaja
fn000297,90.116,91.117,noemde hem
fn000297,91.117,92.680,al heel dichtbij
fn000297,92.680,93.785,Emanuël
fn000297,93.785,95.167,God met ons
fn000297,95.715,97.132,niet de God ver weg
fn000297,97.132,98.868,maar de God met ons
fn000297,100.931,102.609,in hoeverre laten wij God
fn000297,102.609,103.427,echt
fn000297,103.427,104.394,tot ons toe?
fn000297,105.802,107.978,hoever zetten wij de deur van ons hart
fn000297,108.915,110.793,deze dagen voor Hem open?
fn000297,112.669,114.876,wij vragen aan het begin van deze viering
fn000297,115.333,116.672,God om vergeving
fn000297,116.971,118.931,als we Hem in de loop van het jaar
fn000297,119.279,120.030,te veel
fn000297,120.030,121.338,buiten de deur houden
fn000297,121.656,122.481,te veel
fn000297,122.481,123.507,op een afstand
fn000297,125.051,125.927,ik beleid
fn000297,126.296,127.979,voor de almachtige God
fn000297,127.979,129.420,en voor u allen
fn000297,129.420,131.137,dat ik gezondigd heb
fn000297,131.137,133.045,in woord en gedachte
fn000297,133.045,134.486,in doen en laten
fn000297,134.486,136.076,door mijn schuld
fn000297,136.076,137.452,door mijn schuld
fn000297,137.452,139.107,door mijn grote schuld
fn000297,139.107,141.627,daarom smeek ik de heilige Maria
fn000297,141.627,142.644,altijd maagd
fn000297,142.644,144.546,alle engelen en heiligen
fn000297,144.546,146.546,en u broeders en zusters
fn000297,146.546,149.195,voor mij te bidden tot de Heer onze God
fn000297,149.821,151.571,moge de almachtige God
fn000297,151.571,153.507,zich over ons ontfermen
fn000297,153.885,155.431,onze zonden vergeven
fn000297,155.431,158.217,en ons geleiden tot het eeuwig leven
fn000297,126.416,127.983,voor de almachtige God
fn000297,127.983,129.448,en voor u allen
fn000297,129.448,131.110,dat ik gezondigd heb
fn000297,131.110,133.054,in woord en gedachte
fn000297,133.054,134.517,in doen en laten
fn000297,134.517,136.080,door mijn schuld
fn000297,136.080,137.382,door mijn schuld
fn000297,137.382,139.176,door mijn grote schuld
fn000297,139.176,141.618,daarom smeek ik de heilige Maria
fn000297,141.618,142.651,altijd maagd
fn000297,142.651,144.574,alle engelen en heiligen
fn000297,144.574,146.555,en u broeders en zusters
fn000297,146.555,149.133,voor mij te bidden dat de Heer onze God
fn000297,0.000,158.413,in kerk dus galm gekuch op achtergrond op einde spreken mensen in de kerk mee
fn000298,0.184,2.638,beste mensen ooit heb ik eens opgeschreven
fn000298,4.121,5.691,in een klein artikeltje
fn000298,5.691,7.444,in 't evangelie staat
fn000298,8.404,10.947,dat er voor hen geen plaats was
fn000298,11.287,12.430,in de herberg
fn000298,14.724,16.110,ik denk dat je dat ook
fn000298,16.110,18.271,zo kunt begrijpen
fn000298,19.114,20.257,de herberg
fn000298,20.538,22.241,was geen plaats voor hem
fn000298,23.462,24.615,en dat is meer
fn000298,24.615,26.175,dan een woordspeling
fn000298,27.367,28.482,de herberg
fn000298,28.482,29.557,het hotel
fn000298,30.390,32.154,is voor mensen
fn000298,32.154,33.268,met centen
fn000298,33.821,35.621,niet voor armoedzaaiers
fn000298,36.716,38.518,Jezus hoort niet thuis
fn000298,38.518,40.262,bij de gesettelde mens
fn000298,40.999,42.094,maar zijn plek
fn000298,42.094,43.709,is allereerst daar
fn000298,44.223,45.325,waar mensen
fn000298,45.325,47.651,als beesten behandeld worden
fn000298,48.387,49.521,bij mensen
fn000298,49.521,51.779,die in hun menselijke uitgroei
fn000298,52.302,53.746,gekleineerd worden
fn000298,54.577,55.691,bij mensen
fn000298,55.691,58.181,die dom als ezels gehouden worden
fn000298,58.947,60.953,of die door de omstandigheden
fn000298,61.399,63.370,lomp als een os
fn000298,63.370,64.572,zijn geworden
fn000298,66.682,68.630,als je die mensen beter zou kennen
fn000298,69.143,71.760,blijken ze helemaal geen ezels te zijn
fn000298,72.361,73.843,en is hun lompheid
fn000298,74.202,77.191,slechts een afweermechanisme
fn000298,77.927,79.177,een toneelmasker
fn000298,79.633,81.714,omdat ze klein gehouden worden
fn000298,82.227,84.010,en niet voor vol aangezien
fn000298,86.481,88.224,de juiste plek voor Jezus
fn000298,88.224,89.408,is bij mensen
fn000298,89.870,92.186,die met een gebrek moeten leven
fn000298,92.991,94.328,zoals een os
fn000298,94.328,95.985,met een gebrek leeft
fn000298,95.985,97.991,hem door mensen aangedaan
fn000298,99.955,102.262,misschien is de enige plek van God
fn000298,102.262,103.250,daar
fn000298,103.250,105.285,waar mensen vernederd worden
fn000298,105.798,106.903,misbruikt
fn000298,106.903,108.424,ondergewaardeerd
fn000298,110.215,111.833,met deze kleine mensen
fn000298,112.221,113.393,is een leven lang
fn000298,114.246,115.951,een speciale band gehad
fn000298,116.445,118.764,omdat ze bij hem konden zijn
fn000298,119.054,120.857,wie ze in werkelijkheid waren
fn000298,121.775,124.382,ze hoefden zich niet groter voor te doen
fn000298,125.225,126.290,dan ze waren
fn000298,126.290,128.393,ze hoefden zich niet telkens keer
fn000298,128.393,130.079,telkens weer te bewijzen
fn000298,132.269,133.517,ik denk beste mensen
fn000298,134.030,135.387,dat veel
fn000298,135.387,136.666,criminaliteit
fn000298,137.703,140.329,zeker jeugdcriminaliteit
fn000298,140.755,143.059,voortkomt uit de noodzaak
fn000298,144.009,145.995,dat men zich moet bewijzen
fn000298,146.451,147.875,om mee te kunnen tellen
fn000298,148.185,149.571,in de maatschappij
fn000298,149.571,151.867,van school en vriendenkring
fn000298,154.336,155.886,vandaag klinken de woorden
fn000298,156.487,159.016,heden is u een redder geboren
fn000298,159.753,162.262,en dat u zegt de engel
fn000298,162.262,163.658,tegen de herders
fn000298,165.467,168.549,allen die iets met Jezus' geboorte te maken hebben
fn000298,168.549,169.731,zijn mensen
fn000298,169.731,171.485,van eenvoudige komaf
fn000298,171.485,172.900,mensen zoals u
fn000298,173.278,174.540,mensen zoals ik
fn000298,175.073,177.512,mensen zonder pretenties
fn000298,178.731,180.465,er is één uitzondering
fn000298,180.465,181.560,op de regel
fn000298,182.490,183.692,ook koningen
fn000298,183.692,185.407,komen aangereden
fn000298,185.407,186.851,op hoge kamelen
fn000298,187.287,189.487,wijze geleerde mensen
fn000298,190.892,193.351,ze sturen de herders niet naar buiten
fn000298,193.351,195.511,zoals vaak in onze maatschappij
fn000298,195.511,197.653,de mindere door de meerdere
fn000298,197.653,199.387,naar buiten gestuurd wordt
fn000298,200.645,202.253,nee zij komen
fn000298,202.631,204.501,van hun hoge kamelen af
fn000298,205.189,207.050,en op de begaande grond
fn000298,207.050,209.414,blijken ze even groot
fn000298,209.414,211.321,of even klein te zijn
fn000298,211.321,212.590,als de herders
fn000298,213.278,214.489,ze meten zich
fn000298,214.489,215.914,geen eer aan
fn000298,216.263,218.707,nee ze knielen naast de herders
fn000298,218.707,221.185,op de stenen vloer van de stal
fn000298,222.009,223.906,ze aanbidden 't Jezuskind
fn000298,223.906,225.718,op dezelfde wijze
fn000298,225.718,227.006,als de herders
fn000298,229.351,231.482,Conrad Adenhouer heeft 'ns gezegd
fn000298,232.480,233.662,als mensen
fn000298,234.551,236.004,van hoog tot laag
fn000298,236.419,237.774,in pyjama
fn000298,237.774,239.781,met elkaar zouden vergaderen
fn000298,239.781,242.695,dan zouden al heel wat problemen opgelost zijn
fn000298,242.695,244.129,want in pyjama
fn000298,244.129,246.433,is een hoge en een mindere mens
fn000298,246.433,247.668,precies gelijk
fn000298,248.954,251.201,en dan zie je 't gebeuren beste mensen
fn000298,251.201,252.938,dat rijk en arm
fn000298,253.561,255.766,geleerd en ongeletterd
fn000298,255.766,257.496,bij God welkom zijn
fn000298,258.327,259.365,omdat ze zich
fn000298,259.365,261.392,aan elkaar gelijk maken
fn000298,261.646,263.811,omdat ze aanvoelen dat God
fn000298,264.049,265.196,niet kijkt
fn000298,265.196,266.570,naar wat je hebt
fn000298,266.570,268.350,maar naar wat je bent
fn000298,270.416,271.570,rijke mensen
fn000298,271.570,274.082,zijn niet altijd de beste
fn000298,274.418,275.772,zoals arme
fn000298,275.772,277.008,niet altijd
fn000298,277.344,278.916,'t schorriemorrie zijn
fn000298,280.132,281.386,goed of slecht
fn000298,281.386,283.205,wordt niet afgemeten
fn000298,283.205,285.528,aan inkomen of status
fn000298,287.249,288.524,rijke mensen
fn000298,288.999,291.013,kunnen soms heel bescheiden zijn
fn000298,291.732,293.215,en arme mensen
fn000298,293.215,295.460,kunnen 't soms hoog in de kop hebben
fn000298,296.884,298.812,bij God mag ieder zijn
fn000298,298.812,300.245,zoals ie is
fn000298,301.076,302.072,bij hem
fn000298,302.072,304.237,hoef je geen stand op te houden
fn000298,304.870,305.839,bij hem
fn000298,305.839,308.113,hoef je je niet verlegen te voelen
fn000298,308.113,310.011,met je armoedige situatie
fn000298,311.215,312.342,want geloof
fn000298,312.639,314.220,heeft geen connectie
fn000298,314.517,315.783,met rijkdom
fn000298,315.783,316.999,of armoede
fn000298,317.424,319.708,wel met openheid van hart
fn000298,322.869,324.490,beste mensen Kerstmis
fn000298,324.490,325.598,is niet alleen
fn000298,325.934,326.952,een feest
fn000298,326.952,328.653,van 't gelovige hart
fn000298,328.979,330.218,maar 't is ook
fn000298,330.218,331.293,de dag
fn000298,331.293,332.875,van de uitdaging
fn000298,334.130,336.029,zoals gezegd God kijkt niet
fn000298,336.029,338.194,naar menselijke status
fn000298,338.827,340.043,maar mensen
fn000298,340.043,341.869,doen dat zoveel te meer
fn000298,342.562,345.073,en dan blijkt er nog verschrikkelijk veel
fn000298,345.073,346.408,discriminatie
fn000298,346.408,348.029,onder de mensen te bestaan
fn000298,350.221,352.174,waar God de gelijkheid
fn000298,352.174,353.835,van mensen verkondigt
fn000298,354.339,355.526,houden mensen
fn000298,355.526,357.147,de ongelijkheid
fn000298,357.147,359.105,kunstmatig in stand
fn000298,361.218,362.632,kunnen rijk en arm
fn000298,362.632,364.095,hoog en laag
fn000298,364.095,366.093,geleerd en ongeletterd
fn000298,366.399,367.724,met Kerstmis
fn000298,367.724,369.899,nog wel naast elkaar knielen
fn000298,370.786,372.339,voor de rest van dit jaar
fn000298,372.635,374.682,betekent de standenverschil
fn000298,374.682,377.717,de rode draad in de menselijke samenleving
fn000298,379.467,381.116,en daarin is God
fn000298,381.116,382.995,geen god met ons
fn000298,382.995,383.865,maar
fn000298,383.865,385.723,de god van ieder voor zich
fn000298,388.531,390.172,beste mensen Jezus kan wel
fn000298,390.509,392.543,gelijkheid propageren
fn000298,393.057,394.253,hij kan wel
fn000298,394.253,395.281,opkomen
fn000298,395.281,396.903,voor misdeelden
fn000298,397.298,399.325,hoop geven aan rechtelozen
fn000298,399.632,402.010,en voor de kleine mensen bereikbaar zijn
fn000298,402.781,404.422,maar als de mens
fn000298,404.422,406.518,niet met God samenwerkt
fn000298,407.101,409.148,door discriminatie uit te bannen
fn000298,409.623,411.074,en elk kind
fn000298,411.074,413.535,veiligheid en toekomst te bieden
fn000298,414.119,415.612,dan staat God ook
fn000298,415.612,417.352,met machteloze handen
fn000298,418.252,419.428,en ijskoud
fn000298,419.428,421.166,geven we God ook nog
fn000298,421.166,423.756,de schuld van wat wij verkeerd doen
fn000298,424.577,425.674,hoe kan God
fn000298,425.674,426.762,'t onrecht
fn000298,426.762,428.729,in de wereld in stand houden?
fn000298,431.594,432.533,beste mensen
fn000298,433.235,434.155,'t kind
fn000298,434.155,435.776,ligt in de kribbe
fn000298,435.776,437.853,te draaien van ergernis
fn000298,438.475,440.658,terwijl 't op de eerste kerstdag
fn000298,441.222,442.536,van de geschiedenis
fn000298,442.536,443.565,zo lief
fn000298,443.565,444.820,lag te kijken
fn000298,444.820,446.491,naar herders en koningen
fn000298,446.827,449.418,die als broers voor hem neerknielden
fn000298,452.263,453.993,kunnen herders en koningen
fn000298,453.993,455.595,rijken en armen
fn000298,456.060,458.116,geletterde en ongeletterde
fn000298,458.442,459.898,niet weer opnieuw
fn000298,459.898,461.733,broers en zussen
fn000298,461.733,462.989,van elkaar zijn?
fn000298,466.103,466.954,amen
fn000781,1.023,2.287,na 't amen van de
fn000781,2.287,4.261,preek gemeente willen we samen zingend
fn000781,4.591,6.001,psalm zevenentwintig
fn000781,6.885,8.888,de verzen één en zeven nieuw berijmd
fn000781,9.510,11.790,het eerste en het laatste couplet van psalm
fn000781,11.790,12.821,zevenentwintig
fn000781,16.884,18.362,en voor de tekst f*a
fn000781,19.091,20.323,voor de verkondiging
fn000781,20.637,21.891,staan we in 't bijzonder stil
fn000781,22.115,24.351,bij vers drie uit het voorgelezen gedeelte
fn000781,26.246,27.073,deze woorden
fn000781,27.471,29.350,geloofd zij de God en vader van
fn000781,29.350,30.876,onze here Jezus Christus
fn000781,31.226,31.933,die ons
fn000781,32.215,33.965,naar*x zijn grote barmhartigheid
fn000781,34.413,35.414,door de opstanding
fn000781,35.414,37.407,van Jezus Christus uit de doden
fn000781,37.660,38.496,heeft doen
fn000781,38.496,40.061,wedergeboren worden
fn000781,40.255,40.943,tot een
fn000781,41.206,42.664,levende hoop
fn000781,51.131,53.066,gemeente van onze here Jezus Christus
fn000781,53.532,54.495,broeders en zusters
fn000781,54.990,55.445,en
fn000781,55.707,56.767,jongens en meisjes
fn000781,57.827,58.896,hoop doet leven
fn000781,59.703,60.374,zeggen wij
fn000781,61.599,62.406,stel dat je
fn000781,62.406,64.331,cijfers op school niet zo best zijn
fn000781,64.758,65.670,jongens en meisjes
fn000781,66.185,68.074,en je hebt nog een paar maanden de tijd
fn000781,68.074,69.520,om de zaak op te halen
fn000781,69.695,70.326,'t is nu
fn000781,70.682,71.688,begin mei en
fn000781,71.979,74.206,eind juni dan komt dat rapport ongeveer
fn000781,74.952,75.768,nou als je dan
fn000781,76.060,77.946,weet dat je slechte cijfers hebt
fn000781,78.490,80.901,en je hebt nog de tijd om het op te halen dan
fn000781,80.901,82.992,ga je natuurlijk flink je best doen
fn000781,83.176,83.798,ja?
fn000781,84.263,85.526,als je nog hoop hebt
fn000781,85.526,86.615,als je nog denkt
fn000781,86.615,87.792,het zal me nog lukken
fn000781,87.792,89.114,ik ga m'n best doen
fn000781,89.541,89.979,om
fn000781,90.164,91.603,betere cijfers te halen
fn000781,91.797,92.750,heb je hoop
fn000781,93.080,93.972,dan zet je je in
fn000781,94.458,95.489,dan ga je er
fn000781,95.489,96.374,tegenaan
fn000781,96.568,97.210,maar
fn000781,97.637,98.882,heb je geen hoop meer?
fn000781,99.086,101.244,denk je nou het wordt dit jaar toch
fn000781,101.244,101.963,niks?
fn000781,102.352,103.760,dan laat je 't erbij zitten
fn000781,104.265,105.597,dan geef je de moed op
fn000781,106.414,107.590,als je hoop hebt
fn000781,108.309,109.175,dan heb je moed
fn000781,110.030,110.818,en als je
fn000781,110.818,112.043,geen hoop meer hebt
fn000781,112.701,114.315,dan heb je vaak ook geen moed meer
fn000781,114.607,115.141,hoop
fn000781,115.297,115.773,doet
fn000781,116.026,116.726,leven
fn000781,117.455,118.563,maar wat is nu hoop?
fn000781,120.187,121.567,misschien kennen jullie het verhaal
fn000781,122.061,123.140,jongens en meisjes van
fn000781,123.500,125.920,De Doos Van Pandora? dat is een heel oud
fn000781,126.484,127.680,Grieks verhaal
fn000781,127.981,128.944,het zegt dat de
fn000781,129.158,130.917,dat de oppergod Zeus
fn000781,131.190,132.305,aan de mensen
fn000781,132.636,134.648,een op aarde een doos gaf
fn000781,135.095,136.233,met allemaal
fn000781,136.573,137.827,deugden erin
fn000781,138.080,138.974,met allemaal
fn000781,139.130,141.927,uh krachten positieve krachten erin
fn000781,141.927,142.926,voor de mensen
fn000781,143.121,144.754,maar er was één voorwaarde
fn000781,145.571,146.494,die doos die
fn000781,146.902,147.777,mocht niet
fn000781,148.225,150.801,door iemand worden open gemaakt dan alleen
fn000781,150.801,151.644,door Zeus
fn000781,151.858,152.538,zelf
fn000781,153.725,155.173,de mensen moesten dus wachten
fn000781,155.377,157.399,tot Zeus zou komen om de doos te openen
fn000781,157.574,158.974,alleen wat gebeurde er?
fn000781,159.665,160.860,de mensen konden niet
fn000781,161.065,161.548,wachten
fn000781,161.811,163.541,ze waren zo nieuwsgierig
fn000781,163.969,165.466,dat ze gingen kijken en
fn000781,165.826,166.817,en stiekem
fn000781,166.817,168.324,de deksel van de doos
fn000781,168.927,169.734,openden
fn000781,170.074,171.262,en wat gebeurde er?
fn000781,172.172,174.767,al die positieve krachten uit die doos
fn000781,174.991,176.294,die kwamen naar buiten
fn000781,176.498,177.480,maar ze ontsnapten
fn000781,178.053,178.987,ze gingen weg
fn000781,179.405,180.501,naar de hemel
fn000781,180.501,181.784,ze verlieten de aarde
fn000781,181.784,184.331,en toen men vlug de deksel weer op de doos
fn000781,184.603,185.187,duwde
fn000781,185.187,186.334,toen bleek later
fn000781,186.907,188.132,dat er nog maar één
fn000781,188.764,189.897,kracht één
fn000781,189.897,190.597,deugd
fn000781,191.054,192.473,was overgebleven in die
fn000781,192.473,193.212,in die doos
fn000781,193.416,194.583,en dat was de hoop
fn000781,195.681,196.362,de hoop
fn000781,196.809,198.953,ja mensen hebben vaak in hun leven
fn000781,198.953,201.186,niet veel meer over dan alleen
fn000781,201.449,202.129,de hoop
fn000781,202.751,203.811,de hoop dat
fn000781,204.142,206.844,de dingen nog zullen veranderen dat de dingen ten goede
fn000781,207.058,208.254,zullen keren
fn000781,208.672,210.410,als alles tegen zit
fn000781,211.051,213.249,ja dan kun je nog altijd hopen
fn000781,213.832,215.669,dat de dingen weer anders
fn000781,216.000,216.875,zullen gaan
fn000781,218.508,220.090,maar ja*x als je d'r even over nadenkt
fn000781,221.694,222.764,dan is hoop
fn000781,223.707,226.108,ja toch maar een schrale troost
fn000781,227.158,228.397,want wat is nou hoop?
fn000781,229.447,230.274,iemand zei
fn000781,230.838,232.626,je kunt nooit zeker zijn
fn000781,233.443,234.483,van de dingen
fn000781,234.921,235.786,die je hoopt
fn000781,237.089,238.681,goed je hebt dan wel hoop
fn000781,239.789,242.647,en hoop houdt je in beweging want hoop doet leven
fn000781,242.948,244.144,maar de uitkomst
fn000781,244.144,245.340,is onzeker
fn000781,245.690,246.555,je hoopt
fn000781,247.000,248.186,dat je overgaat
fn000781,248.186,249.392,met dat rapport van je
fn000781,249.790,251.521,maar of dat ook zo is?
fn000781,251.521,252.347,je weet het niet
fn000781,252.755,254.777,ten diepste heeft hoop te maken met
fn000781,254.777,256.051,onzekerheid
fn000781,256.962,258.119,ja natuurlijk denkt iemand
fn000781,258.440,259.539,da's toch altijd zo?
fn000781,259.539,260.977,hoop heeft te maken
fn000781,260.977,262.416,met onzekerheid
fn000781,262.416,264.681,dat is nu juist het kenmerkende
fn000781,264.681,265.537,van de dingen
fn000781,265.537,266.487,die je hoopt
fn000781,267.071,268.402,je weet het nooit zeker
fn000781,269.248,269.958,inderdaad
fn000781,270.843,271.912,da's kenmerkend
fn000781,272.515,273.302,voor de hoop
fn000781,273.740,274.498,alleen
fn000781,276.255,277.781,en daar draait het vanmiddag om
fn000781,278.307,280.154,het is kenmerkend voor de hoop
fn000781,280.562,282.312,zoals wij mensen
fn000781,282.565,285.126,onze hoop op aarde beleven
fn000781,285.311,287.127,met alleen die ene
fn000781,287.127,287.895,deugd
fn000781,287.895,289.606,uit de doos van Pandora
fn000781,289.606,291.608,die er nog voor ons over is
fn000781,292.017,293.164,het is laat ik het maar
fn000781,293.835,294.972,ronduit zeggen
fn000781,295.164,296.875,het is de hoop van ons mensen
fn000781,297.021,298.178,met de bijbel dicht
fn000781,299.218,300.880,de hoop van ons mensen
fn000781,301.435,302.446,buiten God om
fn000781,303.155,304.059,het is de hoop
fn000781,304.767,305.632,los van God
fn000781,306.137,307.236,buiten het geloof
fn000781,308.490,310.726,ook in de bijbel wordt over hoop gesproken
fn000781,311.348,312.495,wordt heel veel zelfs
fn000781,313.293,314.476,over hoop gesproken
fn000781,314.991,316.810,het is één van de kernwoorden van de bijbel
fn000781,316.810,317.655,geloof
fn000781,317.655,318.394,hoop
fn000781,318.666,319.386,en liefde
fn000781,320.134,321.097,dat is nogal wat
fn000781,321.738,322.536,de bijbel
fn000781,322.769,323.875,het boek van de hoop
fn000781,324.604,325.916,en zou dat betekenen
fn000781,326.577,328.969,dat de bijbel het boek is van de onzekerheid?
fn000781,330.495,331.458,je hoopt het wel
fn000781,332.634,333.652,maar je weet het niet
fn000781,335.004,336.472,nee buiten de bijbel om
fn000781,336.851,337.920,is hopen
fn000781,337.920,339.009,een kans
fn000781,339.398,340.536,een onzekerheid
fn000781,340.536,342.072,maar in de bijbel
fn000781,342.528,345.005,is wat daar over de hoop wordt gezegd
fn000781,345.287,346.327,een zekerheid
fn000781,346.755,347.824,een vastheid
fn000781,348.612,349.910,moet je in onze wereld
fn000781,349.910,352.311,achter hoop altijd een vraagteken zetten?
fn000781,352.311,353.738,want je weet het nooit
fn000781,353.961,355.876,de bijbel zet achter de hoop
fn000781,356.119,357.432,die de bijbel verkondigt
fn000781,357.432,358.725,een uitroepteken
fn000781,358.725,360.348,en een dip*a dikke streep
fn000781,360.640,361.476,eronder
fn000781,361.768,363.379,bijbelse hoop dat is geen
fn000781,363.379,364.507,luchtkasteel
fn000781,364.507,365.664,dat is geen wensdroom
fn000781,365.897,367.676,maar bijbelse hoop is zeker weten
fn000781,368.541,369.961,bijbelse hoop is zelfs
fn000781,370.214,371.555,een garantie
fn000781,371.815,372.739,vooraf
fn000781,373.478,375.208,en daarover gaat het in de brief
fn000781,375.626,376.491,die Petrus
fn000781,376.695,377.590,heeft geschreven
fn000781,378.465,379.350,men heeft wel gezegd
fn000781,379.632,381.569,als je wilt weten wat geloven is
fn000781,382.142,383.340,dan moet je Paulus lezen
fn000781,384.604,385.635,als je wilt weten wat
fn000781,385.635,386.772,liefhebben is
fn000781,387.297,388.580,dan moet je Johannes lezen
fn000781,389.222,390.398,maar als je wilt weten wat
fn000781,390.398,392.201,hopen is in deze werel*a
fn000781,392.201,393.631,wat christelijke hoop is
fn000781,394.367,395.699,dan moet je bij Petrus zijn
fn000781,397.789,399.141,Petrus schrijft zijn brief
fn000781,400.696,401.834,zijn brief van de hoop
fn000781,402.427,403.897,aan de vreemdelingen
fn000781,403.897,405.832,die in de verstrooiing zijn
fn000781,407.951,408.865,dat is geen
fn000781,409.516,411.179,opwekkend signalement
fn000781,411.665,412.190,van
fn000781,412.545,413.663,deze christenen
fn000781,413.663,414.985,vreemdelingen
fn000781,415.237,417.133,die in de verstrooiing zijn
fn000781,0.000,417.534,regelmatig storing in geluidsignaal
fn000782,0.470,1.496,deze christenen
fn000782,1.694,2.616,die hebben zich
fn000782,2.936,5.016,door het geloof in Jezus Christus
fn000782,5.167,6.192,afgekeerd
fn000782,6.493,7.453,van het
fn000782,7.670,9.298,heidense leven
fn000782,9.797,11.554,geen losse moraal meer
fn000782,12.241,14.782,geen mentaliteit van alles kan ermee door
fn000782,15.300,16.269,nee ze zijn
fn000782,16.627,18.245,vreemdelingen geworden
fn000782,19.243,20.530,in hun eigen land
fn000782,20.803,22.215,en onder hun eigen volk
fn000782,22.478,23.306,niet langer
fn000782,23.692,25.109,geaccepteerd
fn000782,25.109,26.214,door de omgeving
fn000782,26.214,28.153,het zijn dwarsliggers deze christenen
fn000782,28.351,29.383,ze zijn anders
fn000782,29.882,30.814,dan anderen
fn000782,32.037,33.957,vreemdelingen in de verstrooiing
fn000782,34.268,35.403,dat zijn mensen die
fn000782,35.403,36.649,die waren vroeger in
fn000782,36.649,38.016,maar nu liggen ze eruit
fn000782,39.164,40.500,in deze christenen
fn000782,40.858,42.307,aan wie Petrus schrijft
fn000782,42.702,44.952,zien wij een kant van het christen zijn
fn000782,45.752,47.603,die we ook vandaag niet mogen vergeten
fn000782,48.017,50.182,en die we ook niet moeten verdonkeremanen
fn000782,50.182,51.113,een christen
fn000782,51.575,52.102,is
fn000782,52.732,53.805,een vreemdeling
fn000782,54.624,55.523,in deze wereld
fn000782,56.322,58.751,en we kunnen dat in onze tijd ook wel weer herkennen
fn000782,59.447,60.802,wij zijn als christenen
fn000782,61.084,62.289,een minderheid
fn000782,62.741,64.912,aan het worden in onze samenleving
fn000782,65.185,66.736,we zijn een vreemde eend
fn000782,67.169,67.940,in de bijt
fn000782,69.079,70.000,want we doen niet mee
fn000782,70.000,72.269,met wat vele mensen maar heel gewoon vinden
fn000782,72.627,74.010,in onze samenleving
fn000782,75.344,77.537,dat doen we niet omdat wij kinderachtig willen zijn
fn000782,78.403,79.288,dat doen we ook niet
fn000782,79.476,81.104,omdat wij op kleine dingen
fn000782,81.104,82.153,in de samenleving
fn000782,82.153,84.167,onze zin zouden willen doordrijven
fn000782,84.692,85.793,we doen dat ook niet
fn000782,85.972,88.070,omdat wij het leven zouden verachten
fn000782,88.757,89.709,we doen het ook niet
fn000782,89.709,91.345,omdat wij niet zouden weten
fn000782,91.345,92.851,te genieten van het leven
fn000782,93.661,94.750,maar we zeggen nee
fn000782,95.540,96.388,als we zien
fn000782,96.754,98.791,dat de fundamenten van het leven
fn000782,99.051,100.331,en van het samenleven
fn000782,100.557,101.516,in het geding zijn
fn000782,102.119,104.049,bijvoorbeeld als het gaat over het levensbegin
fn000782,104.491,106.336,of het levenseinde van ons mensen
fn000782,106.894,108.227,als het gaat over vrije seks
fn000782,108.924,109.705,als het gaat
fn000782,110.185,113.055,over rassenhaat als het gaat over geld maakt gelukkig
fn000782,114.013,115.754,dan herinneren we ons weer
fn000782,116.394,118.125,dat wij vreemdelingen zijn
fn000782,118.539,119.810,in de verstrooiing
fn000782,120.262,122.191,door onze koning Jezus Christus
fn000782,122.351,125.141,zijn wij apart komen te staan in deze wereld
fn000782,125.642,127.835,en door hem is ook ons leven apart
fn000782,128.249,129.981,is ook onze houding anders
fn000782,130.423,131.868,dan de houding van anderen
fn000782,132.094,133.042,in deze wereld
fn000782,134.576,135.733,en merkwaardig is nu
fn000782,136.289,138.423,dat Petrus aan deze vreemdelingen
fn000782,138.423,140.778,die in de verstrooiing zijn een brief schrijft
fn000782,141.625,143.984,en die brief die begint niet met een klaagtoon
fn000782,145.067,146.874,maar die brief begint met een lofprijzing
fn000782,147.965,150.280,met opwekkende woorden geloofd
fn000782,150.676,152.170,zij de God en vader
fn000782,152.433,154.739,van onze here Jezus Christus
fn000782,155.360,156.988,midden in die duisternis
fn000782,157.336,158.251,begint
fn000782,158.251,159.012,Petrus
fn000782,159.313,160.096,een lied
fn000782,160.096,161.371,van het licht te zingen
fn000782,161.993,163.056,en dat is ook precies
fn000782,163.555,165.860,wat geloven in onze wereld betekent
fn000782,165.860,168.420,dat je in de duisternis want het is duister
fn000782,168.599,169.978,dat je in die duisternis
fn000782,169.978,171.135,het lied zingt
fn000782,171.295,172.453,van het licht
fn000782,172.848,174.006,nie*a de omstandigheden
fn000782,174.006,175.822,bepalen ten diepste ons leven
fn000782,176.340,178.631,maar de machtige daden van God
fn000782,179.391,180.784,en van Jezus Christus
fn000782,180.784,182.149,die bepalen
fn000782,182.516,183.174,ons leven
fn000782,184.172,185.499,en omdat dat zo is
fn000782,185.941,187.861,daarom is ook onze hoop
fn000782,188.452,189.901,onze christelijke hoop
fn000782,190.390,190.908,een
fn000782,190.908,192.291,levende hoop
fn000782,192.724,193.646,door het geloof
fn000782,194.108,196.526,zegt de apostel zijn wij wedergeboren
fn000782,196.752,198.538,tot een levende hoop
fn000782,199.253,200.608,in die donkere nacht
fn000782,200.966,202.490,van de vreemdelingschap
fn000782,202.989,203.723,en w*a en
fn000782,203.911,206.048,van 't leven in de verstrooiing
fn000782,206.424,207.438,zijn wij
fn000782,207.438,208.182,niet
fn000782,208.182,209.537,zonder uitzicht
fn000782,210.083,211.061,ons geloof
fn000782,211.532,213.188,is als het ware een nachtkijker
fn000782,213.593,216.689,wie in dienst is geweest die heeft misschien wel 'ns zo'n nachtkijker voor ogen gehad
fn000782,217.045,217.995,da's*x zo'n*x apparaat
fn000782,218.221,220.107,een verrekijker maar dan voor in de nacht
fn000782,220.602,221.675,en als je d'rdoor kijkt
fn000782,222.268,222.672,dan
fn000782,222.964,224.310,dan is 't net alsof het dag is
fn000782,224.573,225.131,je ziet
fn000782,225.131,227.296,allerlei dingen die je met het blote oog
fn000782,227.597,229.394,helemaal niet kunt waarnemen
fn000782,229.394,230.721,nu dat is ook
fn000782,231.013,232.029,ons geloof
fn000782,232.283,233.930,dat is als een nachtkijker
fn000782,234.100,235.537,wij zien al dingen
fn000782,236.168,237.946,die er nog helemaal niet te zien zijn
fn000782,238.379,239.537,daar weten we al van
fn000782,239.782,240.807,da's onze hoop
fn000782,240.996,242.257,die wij hebben gekregen
fn000782,242.812,243.847,de duisternis
fn000782,244.061,244.993,is er nog
fn000782,245.473,247.110,maar je weet van het licht
fn000782,247.562,248.701,en dat het licht komt
fn000782,248.842,250.197,die hoop hebben wij gekregen
fn000782,250.630,252.531,vanuit onszelf hebben wij die hoop niet
fn000782,253.592,254.627,geboren worden
fn000782,254.994,256.265,dat is niet voldoende
fn000782,256.594,258.486,om deze hoop te bezitten
fn000782,259.032,259.804,in je leven
fn000782,260.029,261.374,vanuit onze geboorte
fn000782,261.374,263.615,zitten wij met die doos van Pandora
fn000782,264.111,265.062,de onzekerheid
fn000782,265.467,266.219,de angst
fn000782,266.747,268.205,de twijfel in het leven
fn000782,268.798,269.957,je bent van jezelf
fn000782,270.746,272.026,een verloren mens
fn000782,272.280,274.028,een mens in de duisternis
fn000782,274.028,276.588,die duisternis die zit als het ware in je kleren
fn000782,277.115,278.828,maar als wij opnieuw geboren worden
fn000782,279.496,280.959,als wij een nieuwe mens
fn000782,280.959,282.611,worden door de dingen van God
fn000782,282.922,284.446,als wij door zijn kracht
fn000782,284.672,285.999,en door zijn geest
fn000782,286.168,288.502,een nieuw leven ontvangen
fn000782,289.011,290.980,dan worden wij wel vreemdelingen
fn000782,291.394,292.486,op deze aarde
fn000782,292.843,294.067,maar we worden tegelijk
fn000782,294.387,295.874,thuiskomers bij God
fn000782,296.309,297.784,we worden staatsburgers
fn000782,297.982,299.584,van het koninkrijk
fn000782,299.932,300.836,van de hemel
fn000782,301.635,303.123,het gaat om het nieuwe leven
fn000782,304.195,304.835,vroeger
fn000782,305.428,306.342,in de dagen van
fn000782,306.342,309.073,de apostel Petrus zochten mensen ook dat nieuwe leven
fn000782,309.447,311.037,en ze zochten 't overal ze zochten 't
fn000782,311.338,313.155,in de mysteriegodsdiensten
fn000782,313.334,314.745,die waren heel populair
fn000782,315.140,316.204,in deze tijd
fn000782,316.599,317.732,en ze zochten het
fn000782,317.732,319.232,in rituele geheimen
fn000782,319.994,321.067,en ze zochten het
fn000782,321.227,322.545,in de inwijding
fn000782,322.545,323.871,in goddelijke riten
fn000782,324.502,326.337,vandaag zoeken mensen ook het nieuwe leven
fn000782,327.288,329.196,en mensen zoeken het in reïncarnatie
fn000782,329.902,332.132,mensen zoeken het in de eeuwige harmonie
fn000782,332.518,334.080,van het New Age-denken
fn000782,334.767,337.190,mensen zoeken het in paranormale verschijnselen*u
fn000782,337.435,338.666,in occulte zaken
fn000782,339.353,340.425,maar dat zijn allemaal
fn000782,340.858,342.609,misleidende nachtkijkers
fn000782,343.286,344.707,ze spiegelen iets voor
fn000782,345.216,346.486,waar geen werkelijkheid
fn000782,346.719,347.623,aan beantwoordt
fn000782,348.112,349.373,het christelijk geloof
fn000782,350.154,352.403,heeft hebben veel mensen bij de achterdeur
fn000782,352.403,353.957,van hun leven neergezet
fn000782,354.493,355.810,maar mensen weten soms niet
fn000782,355.810,358.198,hoe snel ze bij de voordeur van hun leven
fn000782,358.377,359.685,weer een nieuw geloof
fn000782,360.109,361.125,moeten binnenhalen
fn000782,361.765,362.650,alleen al die
fn000782,362.885,363.948,nieuwe vormen
fn000782,364.268,365.233,van geloof die
fn000782,365.233,367.240,geven geen echte antwoorden
fn000782,367.682,370.524,op de vragen 't is nog altijd die doos van Pandora
fn000782,371.362,372.424,dat nieuwe leven
fn000782,372.866,373.958,dat wij allemaal
fn000782,374.278,375.303,nodig hebben
fn000782,375.303,376.722,dat komt niet van onderop
fn000782,376.901,378.548,en dat komt bij ons ook niet
fn000782,378.868,379.875,van binnenuit
fn000782,379.875,381.719,het ligt niet in onze geboorte
fn000782,381.948,383.921,het ligt niet in onze menselijke
fn000782,383.921,385.453,macht en mogelijkheden
fn000782,385.745,386.827,het nieuwe leven
fn000782,387.307,388.785,dat kun je alleen maar ontvangen
fn000782,389.378,390.620,als je voor God je hand
fn000782,391.024,392.210,gaat openhouden
fn000782,392.907,394.438,je kunt het alleen maar ontvangen
fn000782,394.899,395.747,vanuit
fn000782,395.747,396.696,de grote
fn000782,396.696,397.798,barmhartigheid
fn000782,398.278,399.210,van God zelf
fn000782,400.405,402.522,en die woorden grote barmhartigheid
fn000782,403.001,404.321,die komen uit de tekst
fn000782,404.713,405.811,het nieuwe leven
fn000782,406.604,407.541,is een geschenk
fn000782,407.994,408.913,is genade
fn000782,409.323,410.563,is wedergeboorte
fn000782,410.955,412.106,is een nieuwe schepping
fn000782,412.592,414.399,God maakt in zijn goedheid
fn000782,414.765,416.022,een nieuw begin
fn000782,416.489,417.399,met ons
fn000782,417.658,419.326,dat is het enige echte
fn000782,419.647,420.825,nieuwe begin
fn000782,421.119,421.986,in onze werel*a
fn000783,0.000,1.272,t*a da's de enige
fn000783,1.272,2.515,echte hoop
fn000783,2.993,4.437,voor ons mensen
fn000783,4.437,5.460,een vaste
fn000783,5.699,7.134,en zekere hoop
fn000783,7.316,9.037,omdat het de dingen zijn
fn000783,9.037,10.242,die God ons
fn000783,10.565,11.263,belooft
fn000783,11.263,13.195,het is een ontwijfelbare
fn000783,13.434,14.246,zekerheid
fn000783,14.246,16.436,als in de bijbel over hoop wordt gesproken
fn000783,16.723,18.674,en die hoop ook wordt ingevuld
fn000783,18.885,21.369,met de woorden van eeuwig leven
fn000783,21.742,22.708,met de woorden van
fn000783,22.708,24.811,vergeving met de woorden van toekomst
fn000783,25.022,26.389,dan zijn die woorden
fn000783,26.724,27.872,ook vast en zeker
fn000783,28.455,30.021,en je kunt je afvragen hoe weten we nu
fn000783,30.204,32.058,dat die woorden dan wel vast zijn?
fn000783,32.307,34.133,als al die andere woorden dan
fn000783,34.707,36.247,wel onbetrouwbaar zijn
fn000783,36.715,38.351,als dat slechte nachtkijkers zij*a
fn000783,38.351,39.467,hoe weten we dan
fn000783,39.811,42.279,dat deze woorden wel waar zijn?
fn000783,43.130,44.163,Petrus zegt
fn000783,45.062,47.041,en dan sluiten we aan bij het paasfeest
fn000783,47.813,49.210,dat we enkele weken geleden
fn000783,49.382,50.214,hebben gevierd
fn000783,50.472,51.400,Petrus zegt
fn000783,51.859,53.083,wij weten het zeker
fn000783,53.523,55.043,door de opstanding
fn000783,55.292,56.879,van Jezus Christus
fn000783,57.250,58.512,uit de doden
fn000783,59.105,60.272,door die daad
fn000783,60.654,61.525,van God
fn000783,61.917,62.663,zijn wij
fn000783,62.892,64.336,wedergeboren
fn000783,64.853,66.153,tot een levende hoop
fn000783,66.629,67.643,wat God doet
fn000783,68.140,69.651,dat is geen slag in de lucht
fn000783,70.282,72.845,juist in de opstanding van Jezus Christus
fn000783,73.075,73.916,zijn zoon
fn000783,74.136,76.391,heeft God het bewijs geleverd
fn000783,76.725,78.903,van zijn grote barmhartigheid
fn000783,79.382,80.653,voor ons mensen
fn000783,81.552,83.379,want die opstanding van Jezus
fn000783,83.857,85.053,die zegt ons
fn000783,85.053,87.463,niet de schuld van ons mensen
fn000783,87.671,88.923,heeft het laatste woord
fn000783,90.597,92.739,die zegt ons niet onze mislukkingen
fn000783,93.083,95.675,als mensen hebben het laatste woord niet
fn000783,95.675,97.872,de dood heeft het laatste woord
fn000783,98.319,100.901,aan die wereldse krachten en machten
fn000783,101.370,102.795,is niet het laatste woor*a
fn000783,103.321,104.660,het laatste woord is aan God
fn000783,105.291,106.237,de levende God
fn000783,106.668,109.083,de God van de grote barmhartigheid
fn000783,109.573,110.978,voor allen die bij hem komen
fn000783,111.495,112.490,de God van het leven
fn000783,113.302,114.393,de God van de hoop
fn000783,114.785,115.693,voor ons mensen
fn000783,116.848,118.665,wij zijn door Jezus' opstanding
fn000783,119.306,120.807,wedergeboren
fn000783,121.429,122.787,tot een levende hoop
fn000783,123.781,125.904,en die hoop die noemt Petrus dus levend
fn000783,126.409,129.106,en hij geeft daarmee aan dat je met deze hoop
fn000783,129.555,131.343,niet bedrogen uitkomt
fn000783,132.204,133.390,het is een vaste hoop
fn000783,134.155,136.056,een hoop die werkelijk doet leven
fn000783,136.381,138.033,maar dan niet zoals dat gaat
fn000783,138.549,140.902,met onze menselijke Pandora-hoop*u
fn000783,141.514,142.786,want die hoop zegt
fn000783,143.618,144.899,ik hoop dat het goed komt
fn000783,145.645,147.020,maar of het ook gebeurt
fn000783,147.517,148.407,dat weet ik niet
fn000783,148.866,149.709,da's onzeker
fn000783,150.377,152.165,deze hoop die zegt
fn000783,152.920,154.496,ik weet dat het goed komt
fn000783,154.957,156.093,ik weet zeker
fn000783,156.514,157.365,dat het goed komt
fn000783,157.365,158.828,Jezus Christus
fn000783,159.086,160.167,is de garantie
fn000783,160.530,161.468,het komt goed
fn000783,162.003,162.816,christenen
fn000783,163.046,165.627,hebben een levende hoop ook al zijn ze vreemdelingen
fn000783,166.055,167.107,in de verstrooiing
fn000783,167.318,168.131,christenen
fn000783,168.399,170.187,zijn niet zonder uitzicht
fn000783,171.220,172.185,want ze weten
fn000783,172.654,174.289,van de vaste beloften
fn000783,174.490,175.217,van God
fn000783,175.217,176.927,die zijn het fundament
fn000783,177.519,178.571,van hun hoop
fn000783,179.059,180.082,het is geweldig
fn000783,180.082,181.593,broeders en zusters en jongens en meisjes
fn000783,181.593,183.324,om deze levende hoop
fn000783,184.003,184.900,te bezitten
fn000783,185.120,187.080,in je leven een hoop waarmee je niet
fn000783,187.472,188.638,bedrogen uitkomt
fn000783,188.638,190.093,in dit leven niet en ook
fn000783,190.351,192.177,in het toekomende leven niet
fn000783,192.914,193.478,ook in
fn000783,193.755,194.652,onze tijd
fn000783,195.254,196.708,die ervaren wordt als een
fn000783,197.090,198.812,als een tijd van hopeloosheid
fn000783,199.386,200.418,er is heel veel
fn000783,200.897,202.149,hopeloosheid
fn000783,202.436,203.806,onder ons mensen
fn000783,204.897,206.245,maar in onze tijd
fn000783,206.704,208.148,is deze hoop een
fn000783,208.425,209.841,een geweldige kracht
fn000783,210.281,211.419,en stimulans
fn000783,212.306,212.908,als wij
fn000783,213.310,214.601,in onze samenleving
fn000783,215.184,216.667,al de hoop hebben gehad dat van
fn000783,216.667,218.397,tien vijftien jaar geleden toen
fn000783,218.754,221.527,toen 't allemaal veranderde in Oost-Europa in Rusland
fn000783,221.527,223.495,dat er toen iets nieuws zou komen dat
fn000783,223.858,226.545,dat er toen een tijd zou gaan aanbreken van rust
fn000783,226.937,228.047,en van vrede
fn000783,228.248,229.376,nou dan moeten we nu
fn000783,230.313,231.745,jaren later zeggen
fn000783,232.004,232.957,het lijkt wel
fn000783,232.957,234.048,alsof er niks veranderd is
fn000783,234.660,236.123,alsof het nog onrustiger
fn000783,236.563,238.275,is geworden in onze wereld
fn000783,238.590,239.632,die hoop die is
fn000783,239.939,241.507,die is helemaal niet waar gebleken
fn000783,241.830,242.470,er zijn
fn000783,242.470,244.498,conflicten die gaan maar door
fn000783,244.498,245.980,in Bosnië en
fn000783,245.980,247.857,en hoev*a oe*a loopt het af in Ierland en
fn000783,247.857,249.337,hoe gaat het in Afrika?
fn000783,249.796,251.280,hoe zal het allemaal gaan daar?
fn000783,251.759,252.725,wat te denken ggg
fn000783,252.725,255.412,van onze eigen samenleving alle onrust die er is?
fn000783,255.957,257.621,geweld onder de mensen
fn000783,257.956,258.826,geweld ook
fn000783,259.228,260.095,bij jongeren
fn000783,260.401,261.243,een wereld
fn000783,261.913,262.706,zonder hoop
fn000783,263.270,264.179,een wereld
fn000783,264.562,265.852,met geestelijke krachten
fn000783,265.852,268.310,die de mensen steeds dieper in het moeras trekken
fn000783,268.741,270.919,die mensen steeds meer in vertwijfeling
fn000783,271.301,272.563,en in wanhoop brengen
fn000783,272.563,274.113,waar vind je houvast
fn000783,274.524,276.341,als jong mens in deze tijd?
fn000783,276.790,278.708,waar vind je een levende hoop
fn000783,279.069,282.808,waarmee je vooruit kun*a door al die moeilijkheden van het leven heen?
fn000783,283.478,284.778,waar vind je kracht
fn000783,285.055,286.691,ook al ben je een vreemdeling
fn000783,287.111,288.173,in de verstrooiing?
fn000783,288.173,290.428,een onbegrepen christen misschien op school?
fn000783,290.896,292.713,een onbegrepen christen misschien
fn000783,293.058,293.851,op je werk?
fn000783,294.062,296.223,wat houdt het in het leven
fn000783,296.682,297.968,als de golven van
fn000783,297.968,300.271,van onze wrede wereld beuken
fn000783,300.271,301.495,over je bestaan?
fn000783,302.365,303.407,dan zegt Petrus
fn000783,303.637,306.056,dan is daar die ene gebeurtenis
fn000783,306.620,308.402,die het breekijzer is
fn000783,308.736,309.846,in onze wereld
fn000783,310.142,311.902,en dat is de opstanding
fn000783,312.131,313.786,van Jezus Christus
fn000783,314.254,315.201,uit de dood
fn000783,316.100,318.202,door het grote erbarmen van God
fn000783,318.871,321.233,in de opstanding van Jezus Christus
fn000783,321.577,322.878,is gebleken
fn000783,323.538,324.341,wat God
fn000783,324.542,325.857,voor ons leven
fn000783,326.249,327.153,wil betekenen
fn000783,327.363,328.759,aan die gebeurtenis
fn000783,328.970,330.232,word je wedergeboren
fn000783,330.663,331.963,aan die gebeurtenis
fn000783,332.269,334.134,word je een nieuw mens tenminste
fn000783,335.033,337.154,als je met Petrus mee gaat zeggen
fn000783,337.804,339.917,geloofd zij de God en vader
fn000783,340.501,342.193,van onze here Jezus Christus
fn000783,342.509,343.207,die hem
fn000783,343.532,344.642,uit de doden
fn000783,344.642,345.701,heeft opgewekt
fn000783,345.701,346.619,ik geloof
fn000783,346.848,348.225,de opstanding
fn000783,348.646,350.865,van Jezus Christus als je dat zegt
fn000783,351.171,352.663,dan heb je een levende hoop
fn000783,352.988,353.772,gekregen
fn000783,354.145,355.854,dan word je wel een vreemdeling
fn000783,356.294,358.819,in je oude omgeving met alle pijn
fn000783,359.307,362.166,die dat met zich meebrengt en daar hebben we 't vaak moeilijk mee
fn000783,362.826,364.698,je onderscheidt je van deze wereld
fn000783,365.272,367.471,je denkt anders je leeft anders
fn000783,367.471,369.384,je praat anders je doet anders
fn000783,369.747,371.956,je kijkt anders tegen 't leven aan
fn000783,372.817,374.507,want je hebt door de heilige geest
fn000783,375.072,375.952,door de bijbel
fn000783,375.952,378.094,heb je Jezus Christus leren kennen
fn000783,378.601,380.284,en de kracht van zijn opstanding
fn000783,380.284,381.823,je bent een ander mens geworden
fn000783,382.366,383.064,een mens
fn000783,383.418,384.556,van de levende hoop
fn000783,385.082,386.077,en zo is er
fn000783,386.545,388.008,een nieuwe dimensie
fn000783,388.754,390.619,in je l*a in je bestaan gekomen
fn000783,391.107,393.084,al dat hopen van benedenuit*u
fn000783,394.050,395.351,het levert je niets op
fn000783,396.154,398.784,je hoopt wel dingen in je leven en 't hoort er ook bij dat je
fn000783,398.784,401.253,ook op een menselijke manier dingen hoopt
fn000783,401.691,403.661,maar die hoop van benedenuit*u
fn000783,403.910,404.550,ook al
fn000783,405.306,407.094,al betreft ze de grootste idealen
fn000783,407.410,408.156,die hoop
fn000783,408.519,410.566,die opent geen deuren voor ons
fn000783,410.888,412.753,het komt aan op de levende hoop
fn000783,413.451,415.029,die hoop hebben we allemaal nodig
fn000783,415.546,416.512,want ze is de hoop
fn000783,417.554,418.554,vertel*a de apostel
fn000783,418.554,420.337,op een eeuwige erfenis
