fv400011,0.000,2.652,ja n@ Gud@ mIdAx Al@mal
fv400011,2.652,5.548,Als mEns@ mE+ zin
fv400011,5.548,9.515,jA dAn dENk@ z@ an bE+G@lof hE
fv400011,10.000,15.501,En zAn zEG@ z@ war blE+ft s@ dAt_tOx AltE+t hal@ ma w@ kYn@ zEG@ zolAN Er
fv400011,15.501,18.844,hat sAl b@stan zolAN Er livd@ zAl b@stan
fv400011,18.844,24.266,zYl@n Er pOpk@z dorprIkt wOrd@n Of sYl@n Er livd@sfIlt@rs G@brA+@ wOrd@
fv400011,24.266,27.051,En vOltE:r di zE+ t Al hel moj
fv400011,27.051,31.323,bE+G@lof Is d@ wIld@ dOxt@r vAn d@ brav@ mud@r h@t x@lof
fv400011,31.784,36.968,of@rAl war G@lof Is zAl bE+G@lof A+tomat@s fOlG@
fv400011,38.189,42.629,En Als w@ sprek@ In tErm@ dAt_t@ mest@ vAn Ons xrotx@brAxt sE+n
fv400011,42.629,45.346,En w@ hEb@n @t ov@r bId@
fv400011,46.028,50.857,dAd Ons klE+kInt b@forb@lt @ xut x@bor@ zAl wOrd@
fv400011,50.857,52.937,dAn_num@ wE+ dAt x@lof
fv400011,52.937,57.580,mar Als_s@ vruG@r @n kInt hel snEl_lit@ dop@
fv400011,57.580,61.665,OmdAt s@ dAxt@ dAt @t_tAn mer ov@rlevINskAns@n hAt
fv400011,61.665,64.082,dAn_num@ wE+ dAt bE+G@lof
fv400011,64.082,65.007,E
fv400011,65.007,71.986,mar Als_s@ kAst@ lad@ En d2r@ GIN@ op@sEt@ vordAt @t kInt x@mAk@l@k Y+t_t@ mud@rsxot nar bY+t@ kOmt
fv400011,71.986,73.884,ja dAn_num@ wE+ dAt
fv400011,73.884,75.146,vOlksx@lof
fv400011,75.146,83.800,mar wAt for d@-n-en@ G@lof Is Is for d@-n-And@r@ bE+G@lof En dO Om dAn_nimAnt_teG@ d@ bOrst_t@ stot@ hEb@ w@ dez@
fv400011,83.800,88.554,@ mIdAx tAn mar G@numt maGi vAn wix tOt xrAf
fv400011,88.554,92.268,wAnt maGi Is p@r slOt fAn rek@nIN Al@s wAt w@ dun
fv400011,92.268,95.201,Om di bov@nAtyr t@ dwIN@ t@ dun
fv400011,95.201,97.430,wAt wE+ Grax sA+d@ wIl@ hEb@
fv400011,97.430,99.138,@ dAt @r G@b2rt
fv400011,99.138,104.486,En wAner Gan mEns@ ny maGIs hAnd@l@ ja zek@r
fv400011,104.486,106.417,Ob d@ vornamst@ faz@
fv400011,106.417,110.020,In Ons lev@ En dAt Is G@bort@
fv400011,110.020,111.819,hyw@l@k En dod
fv400011,111.819,115.569,E wAt sin w@ ny Op ti vornamst@ faz@ In Ons lev@
fv400011,115.569,120.299,zE+n Er dri dIN@ di hel stErk OpfAl@
fv400011,120.299,125.061,En dAt Is t@n erst@ @t Is @n zak fAn d@ G@mensxAp
fv400011,125.061,126.750,t@n twed@
fv400011,126.750,129.629,w@ hEb@ not an ritywel@
fv400011,129.629,133.268,En t@n dErd@ vruG@r dAn tOx d@ boz@ Gest@
fv400011,133.268,137.140,stOnd@n Om zo t@ zEG@ Ob d@ lur Om_mEns@ kwat_t@ dun
fv400011,138.655,141.279,dAt @t @n zak Is fAn d@ G@mensxAp
fv400011,141.279,142.030,ja
fv400011,142.951,146.788,dAt wet@ d@ vrA+@ di hir zIt@ hel Gut E wet x@ nOx
fv400011,146.788,149.796,vAn @t erst@ oG@mblIk tAt w In v@rwAxtIN war@
fv400011,149.796,151.562,E wE+ GIN@ dAt f@rtEl@
fv400011,151.562,156.406,mar G@ hAt xen rYst mer hE id@ren GIN sIx mEt y b@muj@
fv400011,157.483,164.539,war G@ mus_sIt@ war G@ mus_stan wAt x@ mus et@ wAt x@ must_trINk@ wAt x@ mOxt_tun wA G@ ni mOxt_tun id@ren mujd@ d@r zIx me
fv400011,164.539,172.104,En bE+ @n hyw@l@k Is dAt ok so As @t jON@ kOp@l @t ny v@rtIkt Om Al@ tAnt@s En_nONk@ls @s xan Guj@ndAx t@ zEG@
fv400011,172.104,173.490,vor d@ fAmili
fv400011,173.490,175.459,Is dAt nojt xen Gut kOp[]
fv400011,175.459,176.125,E
fv400011,176.125,179.520,En bE+ @n b@Graf@nIs fAlt_tAt nOx ErG@r Op
fv400011,180.361,183.300,Als x@ dez@ mOrG@ nar @n b@Graf@nIs x@west sE+t
fv400011,183.300,185.589,En y G@byr Is nit kYn@ Gan
fv400011,186.239,189.014,h@t erst@ wAt s y vraG@n As x@ tY+skOmt
fv400011,189.014,191.838,En wAs @r vel vOlk E
fv400011,191.838,195.254,Gen vOlk Op @m b@Graf@nIs Is Erx hE
fv400011,195.254,198.894,Er Is xen Arm@r mEns dAn @n enzam[]
fv400011,198.894,207.227,mEns Armud@ En enzamhE+t sE+n hel d@ G@sxid@nIz dor hel stErk mEt m@kar v@rbOnd@ G@west E
fv400011,207.227,209.069,ny @n twed@ zak
fv400011,209.069,211.037,not an ritywel@
fv400011,211.929,213.117,dar heft_t@ kEr@k
fv400011,213.117,215.458,hel Gut Op InG@spelt
fv400011,215.458,220.472,d@ kErk Is ritywel@ Gan ImbA+@ Ob d@ vornamst@ faz@n In Ons lev@
fv400011,220.472,223.591,En wAt sin w@ teG@word@x vel mEns@
fv400011,223.591,226.896,Gan_nit mer nar d@ kEr@k mar wEl nOx
fv400011,226.896,230.552,vor [] dop vor @n hyw@l@k En vor @n b@Graf@nIs
fv400011,230.552,234.472,pr@sis OmdAt s@ not hEb@ an di ritywel@
fv400011,235.271,239.634,En Als @t_tAn Gat Om di boz@ Gest@ di stan t@ drIN@
fv400011,239.634,242.893,ja dAt mErk@ w@ z nit so vlYx
fv400011,242.893,246.469,mar dAt t sIt nOx In Ons talG@brY+k
fv400011,246.469,249.259,Alz Onz@ dOxt@rs tY+skom@
fv400011,249.259,254.528,vAn d@ GinekOlox dAn wOrt @r dor d@ GAN In @t hY+s x@rup@n Ig bEm nar d@ Gin@kOlox_x@west
fv400011,254.528,261.658,En Ig bEn zovel wek@n En zovel daG@ zwAN@r En vordAt x@ t wet dyw@ z y n@ videjo Ond@r y n2s hE
fv400011,261.658,268.640,E wE+ sxrIk@ darvAn vAn ni zo du mAr ni zo drYk hE mAr @ betS@ vorzIxt@x hE @
fv400011,268.640,273.877,wE+ wE+ lop@ dar zo ni me t@ kop En wE+ sprek@ di word@ zwAN@r En zo nit Y+t
fv400011,273.877,279.114,wE+ Gan Ons v@rhal v@rd@r v@rtEl@n an d@ vrindIn@ En w@ zEG@ dAn di vAn Ons
fv400011,279.114,281.639,t Is_sovEr E z Is_so t@ pAs
fv400011,281.639,283.715,wE+ Gan @d Al ni m@r Y+tsprek@
fv400011,283.715,287.321,mar Grotmud@r Of GrotAnt@ di zExt_tA nOx fel sxon@r
fv400011,287.321,288.721,Ons kInt
fv400011,288.721,291.146,Is In G@zeG@nd@ tustAnt
fv400011,291.146,294.340,hE dYs h@d G@lYk mAr
fv400011,294.340,298.499,vraG@ Y+t_t@ hem@l hE En bE+ @n hyw@l@k ok hE
fv400011,298.499,303.885,di brY+t mEt_ti slY+@r Ox dAs tOx so sxon so rOmAntIs ti slY+@r
fv400011,303.885,308.528,En dAm_mut@ d@r nOx klE+ntS@s bE+lop@ dA pr@sis Ext@ brY+tS@s_sE+n
fv400011,308.528,315.992,E+G@l@k Is dAt Om d@ boz@ Gest@ t@ mIslE+d@ zodAt s@ nit sA+d@ wet@ wi d@ Ext@ brY+t Is E
fv400011,315.992,318.359,ok Ons@ rA+kledIN
fv400011,319.083,323.350,Is Om h@t kwat t@ wer@n Om di Gest@ t@ mIslE+d@
fv400011,323.979,328.113,En G@ wet_tOx Ons mud@rs As w@ nar @n b@Graf@nIs must@ Gan E
fv400011,329.000,332.111,nit fOl mEt xA+d@ jywel@n E
fv400011,332.111,341.569,G@ Gat ni Opx@pOmpAdurt nAr @n b@Graf@nIs_sEG@ wE+ dAn dAt_tut sIx ni dA pAst ni warOm pAst_tAt nit wEl GA+t blINkt
fv400011,342.160,346.149,En vOlG@s @t fOlksx@lof trEkt Al@s wAd blINkt
fv400011,346.149,349.454,d@ zil an E E wet x@ nOx
fv400011,349.454,350.131,vruG@r
fv400011,351.204,354.692,@t lIxam wErt In d@ Guj kam@r Opx@bart
fv400011,354.692,363.196,hE wAnt ny @t_tOx_xIN ov@r Al@rzil@ Al@rhE+l@G@ wE+ hEb@ dAt nOx_x@wet@ @t lIxam In d@ Guj kam@r En dar hIN og di Grot@ spiG@l
fv400011,364.347,368.655,En dAn kwAm d@ b@Graf@nIzOnd@rnem@r En di drajd@ di spiG@l Om
fv400011,368.655,371.144,En dar wErt @n duk for G@drApert
fv400011,371.144,372.740,dAt hord@ zo
fv400011,372.740,377.086,mar warOm wAz dAt wEl OmdAt_ti spiG@l di zil
fv400011,377.086,382.843,wEl @ns_sA+ pAk@ warsxE+nl@k heft_ti b@Graf@nIsOnd@rnem@r In Onz@ tE+t_t ok ni m@r G@wet@
fv400011,382.843,386.928,warOm hE+ @t_tet mar dAt wAs @n G@wont@ En dA blef
fv400011,386.928,388.243,vordb@stan
fv400011,388.868,390.451,ny @
fv400011,391.368,392.944,bE+ @n hyw@l@k
fv400011,392.944,395.247,wAs @t fruG@r G@mAk@l@k x@sExt
fv400011,395.247,398.589,tOt d@ dot hOn Ons_sxE+t hE
fv400011,399.555,403.050,teG@word@x mut@ w@ zEG@ tOt_t@ sxE+t Onz dot hE
fv400011,404.721,407.639,wAnt @ mEd Al Ons mEstov@rsxOt@n E
fv400011,407.639,415.525,@ kYn@ w@ t@r nOG @ns an t@n Ond@r Gan mA jA dA moxt x@ ni @ hArdOp sEG@n E+G@l@k hE mar tOt_t@ dod Ons_sxE+t
fv400011,415.525,416.565,hE
fv400011,416.565,421.354,@ d@ G@mId@ld@ leftE+t Is hel_lAN fert@x jar G@west
fv400011,421.354,422.507,dYs di dot
fv400011,422.507,424.735,di kwAm @r Al hel snEl
fv400011,424.735,427.989,En Ga mAr Ins In yw@-n-E+G@ stAmbom kE+k@
fv400011,427.989,430.528,dAn zit x@ dAd bOmpA
fv400011,430.528,433.611,kInd@r@ vAn twe Ov dri vrA+@
fv400011,433.611,434.730,heft x@hAt
fv400011,435.715,437.069,ny @m
fv400011,437.833,441.374,Als w@ zEG@ teG@word@x z@ sxE+d@ mar En z@ sxE+d@ ma
fv400011,441.374,444.939,mar vruG@r war@ z@ ok hel snEl G@sxE+d@
fv400011,444.939,447.873,en dErd@ vAn d@ hyw@l@k@
fv400011,447.873,451.215,wAs OndbOnd@ na tin jar
fv400011,451.215,456.600,d@ hElft fAn d@ hyw@l@k@ wAz OndbOnd@ na vE+ftin jar
fv400011,456.600,459.109,dAn wAs @t nit_tor @n sxE+dIN G@lE+k ny
fv400011,459.109,465.090,mar dor @n stErfx@vAl vAn en vAn bE+d@ mestAl d@ vrA+ di In @t krambEd blef
fv400011,465.514,468.781,E wAt sin w@ dAn ja di mAn wOrt wedyw@
fv400011,468.781,473.456,wedywnar heft IntYs@ @n bet@r@ pOzisi Opx@bA+t
fv400011,473.456,479.706,hE zIt @r finAnsjel bet@r vor En u A+d@r d@ mAn hu jON@r d@ vrA+ di hE+ Gat pAk@
fv400011,480.481,486.274,E dAn zin w@ b@vorb@lt bE+ b@rumd@ mEns@n Als ryb@ns Als ryb@ns
fv400011,486.274,491.214,Al @n hel stYk In d@ fE+ft@x Is dAn trA+t hE+ nOx mEd en vAn zEstin
fv400011,491.214,495.188,E sA+d@ z@ ny tOx wEl @ns Yn b@dENkIN@ ov@r hEb@n E
fv400011,495.188,499.422,mar wAt x@b2rd@ dAn G@ mut y d@ G@vOlG@n @s forstEl@
fv400011,499.422,501.836,id@ren zAd Ob d@ lur
fv400011,501.836,508.290,dAt @r_rezYltat wAs E wAnt idz dun En Gen kIntS@s fAn kom@ dA wAs @r ni bE+ hE
fv400011,508.290,511.974,dYs ni Alen d@ kEr@k mAr ok hel d@ G@byr@n hel @d_dOr@p
fv400011,511.974,514.275,wAs an t kE+k@ wAner
fv400011,514.275,520.517,kOmt Er its dYs dij@ mAn kwAm Ond@r Grot@ psixOloGIs@ drYk t stan
fv400011,520.517,522.699,En @t x@vOlx wAs
fv400011,522.699,525.653,livd@sfIlt@rs wErd@ weld@rIx
fv400011,525.653,527.907,G@brA+@ @ Gut G@dAxt
fv400011,527.907,529.727,Is fel wart E
fv400011,529.727,533.663,En di livd@sfIlt@rs h@t xat @r nOG AltE+t Om hE
fv400011,533.663,536.783,En @n Ond@rwErp ny s @t @ betS@ G@lywt mar wet x@ nOx
fv400011,536.783,540.980,ov@rAl war G@ kwAm d@ vijaGrapIl En id@ren hAt @r @n mOp ov@r hE
fv400011,540.980,549.178,mar Als w@ dAn @ns @m par krAnt@Artik@ltS@s wAnt Ik hEp @r @n hel stap@ltS@ hor mar @m par krAnt@Artik@ltS@s Ga k y @ns_sEG@
fv400011,550.012,552.060,twej@neG@t@x stOnt In d@ krAnt
fv400011,552.928,560.589,twe Azijat@ zE+n dor d@ frAns@ duwAnirs Ond@rvraxt OmdAt sE+ vir@ntwInt@x_x@droGd@ penIs@ vAn tE+G@rs In Yn b@zIt hAd@
fv400011,560.589,564.749,tE+G@rpenIs@ stan b@kEnt Als AfrOdizjakYm dYs
fv400011,564.749,567.348,@ OpwEk@r vAn sEksywel@ lYst@
fv400011,567.348,570.469,mar @t Is f@rbod@ z@ In frAnkrE+k In t@ vur@
fv400011,570.469,576.856,d@ twe war@n In @d b@zIt vAn @n bElGIs pAsport En zat@ Ob d@ trE+n brYs@l milan
fv400011,576.856,582.464,ja ny kYnt x@ tr @ns me lAx@ dAt_ti mAn@ di G@mal@ tE+G@rpenIs@ wIl@n Opet@
fv400011,582.464,586.475,mar @t Is_spE+t@x tAt an zo n@ penIs ok nOx so sxo best hANt
fv400011,586.475,590.375,hE dAt_tAn mEt Y+tstEr@v@ b@drE+xt Is Om di red@n hE
fv400011,590.375,594.014,@ hir nOG @n Artik@l G@mal@ hor@n
fv400011,594.014,597.357,vAn d@ n2shor@n Is fOrtY+n@ wart
fv400011,599.326,601.071,In drij@neG@t@x
fv400011,601.071,603.819,sxE+fj@s rEndirhor@n Op fOtkA
fv400011,603.819,606.010,hel Gut for d@ potEnsi
fv400011,606.010,609.093,twAl@f nOvEmb@r drij@neG@t@x stOnt In d@ krAnt
fv400011,609.093,610.801,d@ pAsivIs
fv400011,610.801,618.043,En tsInts tAt Ik tAt x@lez@n Ep wet Ik warOm d@ hOlAnd@rz Onz Alt@t @ betS@ vor zE+n As @t Op sEks ankOmt hE
fv400011,618.043,622.165,d@ ned@rIG@ harIN dut_t@ pAsi wer Oplaj@
fv400011,622.165,627.180,dYs for d@ mAn mAn@ harIN hel Gut for d@ potEntsi-j-E
fv400011,631.933,637.875,zEs Oktob@r vE+f@neG@t@x hOnd@penIs@ In b@slAx_x@nom@ hE
fv400011,637.875,642.666,tin kArtOn@ doz@ Elk @ vAn hOnd@rt sev@t@x kilo
fv400011,642.666,647.531,hOnd@penIs@ wOrd@ ok f@rmal@ wOrd[] vorAl In Sina G@brY+kt hE
fv400011,647.531,649.797,dAn @
fv400011,649.797,652.289,desEmb@r vE+v@neG@t@x
fv400011,652.289,660.642,In d@ v@ren@Gd@ stat@ zE+n In kOrt@ tE+t fir G@vAl@ Opx@tek@nt fAn jON@ mEns@ di stirv@ na @t Inem@ vAn @n AfrOdIzjAkYm
fv400011,660.642,667.252,ja dAt sE+n dAn d@ trist@G@ zak@ OmdAt_ti spYl@ dIkw@ls hArtrItm@stornIs@ v@rorzak@n E
fv400011,667.252,671.149,mar dIt Is ok @n moj vAn mart sev@nEneG@t@x
fv400011,671.149,673.269,G@ zYlt nit stel@
fv400011,673.269,676.945,pr@sis Ob d@ plats war vOlG@z d@ bE+b@ls@ ov@rlev@rIN
fv400011,676.945,680.363,GOt an moz@s h@t x@bOd GE+ zYlt nit stel@
fv400011,680.363,686.262,GAf hEb@ twe Ort@dOks@ jod@ @n hAlf tOn sten@ vAn d@ sinAjibErx
fv400011,686.262,692.500,@m G@stol@ En v@rmal@ En dAt f@rkOxt Als livd@sOpwEk@nt mId@l
fv400011,693.918,698.894,En dIt Is Intr@sAnt for d@ mEns@ di mEt krY+d@ bez@[] sE+n ZOs its for y
fv400011,698.894,703.499,@ In Axt@neG@t@x stOnt In d@ krAnt
fv400011,703.499,704.689,@n mAn di sExt
fv400011,704.689,710.109,wAt Ik Y+tx@dAxt hEp Iz bet@r dAn d@ vijaGrapIl En @t Is @t fOlG@nd@
fv400011,710.109,711.894,@t Is @n kOmbinasi
fv400011,712.562,716.239,vAn AnE+s AmAnd@l En Alkol
fv400011,717.056,721.853,dYs dAt kAn E+G@l@k ni slExt sE+n hE En dAn Is Er
fv400011,721.853,726.939,@ Yn febrywari neG@nEneG@t@x @n And@r Artik@l v@rsxen@
fv400011,726.939,729.794,E di mAn sExt h@t mE+n Is @d b@st@
fv400011,730.574,733.979,di-j-Is EkspErt In frY+tterApi En di zExt
fv400011,733.979,736.814,j@ nemt @n hAlv@ Advokado
fv400011,736.814,739.673,vux Er @n suplep@l honIN an tu
fv400011,739.673,743.239,En @n suplep@l frIs zat fAn
fv400011,743.239,748.252,rYpsklav@rtj@s En rYpsklav@r dAs war wE+ lyzErn@klav@r teG@ zEG@
fv400011,748.252,749.589,dYs
fv400011,749.589,752.623,hel Gut for d@ livd@ nar @t sxE+nt hE
fv400011,752.623,753.637,G@ zit
fv400011,753.637,757.537,mEns@ blE+v@ AltE+t suk@ nar di dIN@
fv400011,757.537,763.183,d@ mEns f@rAnd@rt nojt hel d@ G@sxid@nIs dor zE+n z@ dar Al nar an t suk@n E
fv400011,763.183,764.037,@m
fv400011,764.742,768.159,dYs livd@sdrANk@ z@ wErd@ weld@r@x_x@brA+@
fv400011,768.159,770.239,E wAt sin w@ dAn ok
fv400011,770.239,773.284,Onz@ vlams@ art kEn@nd@ hE
fv400011,773.284,775.067,wE+ hA+d@ vAn
fv400011,775.067,781.306,vel et@ zIN@ En dAns@ dAt hord bE+ d@ vornamst@ faz@ In Ons lev@
fv400011,781.306,784.425,En dAt wE+ hir In lImbYrx Grax
fv400011,784.425,788.326,@n Guj drINk@ dar kYn@ wE+ hel@mal ni-j-an dun hE
fv400011,788.326,791.445,wAnt Als fruG@r @ kInt x@bor@ wErt
fv400011,791.445,796.533,dAn wErt_tAt mEt wArm@ wE+n mEt wAt bot@r In G@wAs@
fv400011,796.533,799.469,En dAn_nOx @ns mEd brAnd@wE+n ov@rwAs@
fv400011,799.469,800.433,hE
fv400011,800.433,804.939,En dAn krex @t kInt @t op@ sxApraj t@ zin dYs d@ brotkAst hE
fv400011,805.595,808.528,dYs wE+ zE+n @rOp forb@stEmt Om
fv400011,808.528,816.509,GraG @n Guj t@ drINk@ ny wAt w@ ok xan zin Is dAt @r @ betj@ hE+l@xE+t In Al@s_sIt
fv400011,816.509,817.877,hE
fv400011,817.877,823.453,ny wAt xan d@ mEns@ Op t@ erst@ plats G@brY+k@ h@t wort
fv400011,824.102,829.464,dAn kom@ d@ plAnt@ dAn kom@ d@ dir@ En As tAt nit x@hOlp@n eft
fv400011,829.464,831.841,dAn wOrd@ d@ hE+l@G@ t@r nOx @z bE+ G@halt
fv400011,831.841,834.565,mar In di vOlGOrd@ wOrt mestAl G@wErkt
fv400011,834.565,839.172,ma Ig dENk dA w@ bet@r b@GIn@ mEt_t@ dijAs En dAn vErd@r v@rtEl@n E
fv400016,0.000,6.069,In 2ropA Iz @t so dA j In fE+t@ dri b@lANr@k@ InstrymEnt@ hEpt Om b@lE+t_t@ vur@
fv400016,6.848,10.139,rIxtlE+n@ v@rOrd@nIN@ En fOnts@n
fv400016,11.268,12.790,@n rIxtlE+n
fv400016,12.790,16.913,mut dor Elk@ lItstat OmG@zEt wOrd@ In d@ nASOnal@ wEtxevIN
fv400016,18.064,21.926,bE+ Onz Iz dAd Al Op sIx @m prOblem wAnt wE+ zIt@ mEd_dri G@wEst@
fv400016,22.595,23.746,di Elk
fv400016,23.746,27.014,Op flAk fAn_nAtyr Yn E+G@ reG@lGevIN hEb@
fv400016,27.014,31.583,d@ bElGi d@ fed@ral@ ov@rhE+t_t@ bElGis@ stat di kAn
fv400016,31.583,38.119,In d@ mest@ G@vAl@ dA sowizo ni OmzEt@ wAnt_tA mut x@b2r@ dor vland@r@ dor wAlonij@ En dor @d brYs@ls hoftsted@l@k x@wEst
fv400016,39.828,41.313,rIxtlE+n@
fv400016,41.313,48.072,dYs bIn@ @n wElb@pald@ pErjod@ Om t@ zEt@ In hE bE+ Ons wEtxevIN
fv400016,49.297,51.860,Op flAk fAn_nAtyr zE+n dar twe b@lAN@r@k@ rIxtlE+n@
fv400016,51.860,55.202,zoAls rets f@rmElt_t@ voG@lrIxtlE+n vAn_nex@tin_neG@n@seft@x
fv400016,56.354,60.848,En nOG @n hel stAk stYk lat@r wAnt_tAn sprIN Ik OmId@l@k nar d@ jar@n_neG@nt@x
fv400016,60.848,65.008,[] zoG@het@ habitAtrIxtlE+n vAn_nex@tin twej@neG@t@x
fv400016,66.716,68.573,di voG@lrIxtlE+n wA hA+t_tA In
fv400016,69.910,74.403,k sEx @t d@ d@ ruts darvAn @ di Gan t@rYx In hel di histori di-j-Ik f@rtElt Ep
fv400016,74.403,78.451,@ vAm_mEns@ di sOms Al tintAl@ jar@ bez@x war@ mEt
fv400016,78.451,82.685,voG@ls t@ b@styder@ En @m poGIN t@ dun Om voG@ls t@ b@sxErm@
fv400016,82.685,87.771,En di hEb@ ok lE+stj@s x@makt E wAnt m@n sprekt fAm bE+laG@ en bE+laG@ twe
fv400016,87.771,89.271,vAn zEx mar
fv400016,90.062,92.862,b@drE+Gd@ kwEdzbar@ sort@
fv400016,94.942,98.915,sort@ di ok lEt@rl@k ov@r d@ GrEnz@ hen trEk@
fv400016,99.769,104.634,war m@n dYs_sIxt ov@rAl In Elk@ lItstat fAn d@ 2ropes@ yni mut_t@zElvd@
fv400016,104.634,108.200,reG@lGevIN GEld@ Om di voG@ls t@ b@sxErm@ wAnt @t
fv400016,108.200,113.437,@t heft nAtyrl@k xen zIn Om t@ zEG@ hir Im bElGij@ hE Ik xa ny-j-@N kONkret forbelt nem@
fv400016,113.437,116.087,mAx nit x@jaxt wOrd@ Op xAnz@n
fv400016,116.087,119.119,hE t@nzE+ dAd @t xad ov@r OntsnApt@ EgzEmplar@ vAn @n
fv400016,119.119,122.759,Egzotis@ sort ma hir bE+ Ons mAx @r ni x@jaxt wOrd@n Op xAnz@
fv400016,122.759,125.542,ny dA wAs twInt@x jar G@lej@ ok nOx And@rs
fv400016,126.264,129.592,En di vliG@ d@ frAns@ GrEnz ov@r En z@ wOrd@n Al@mal nerG@knAlt
fv400016,129.592,137.465,[]z @ @n vrE+ rejAlistis [] mO dys @ ok In_ned@rlAnt In_ned@rlAnt Is @r trA+@s @ dar hel zE+n @r hel vel dA lopt
fv400016,137.465,140.957,In d@ vel@ hOnd@rtY+z@nd@ GAnz@ di dar vAnAf ny Gan ov@rwInt@r@
fv400016,140.957,146.602,ma Is @r nOx @m b@pErkt@ jAxt_tuG@stan E d@ ned@rlAns@ voG@lb@sxErmIN Iz dar ni Erx_x@lYk@x me ma Is @r nOx @m b@pErkt@ jAxt Op
fv400016,146.602,149.652,b@pald@ sort@ tuG@stan En Im b@pald@ pErjod@s
fv400016,149.652,151.430,ma dYs @
fv400016,151.430,158.114,j@ Gat @rvAn Y+t dA mut ov@rAl @tsElvd@ zE+n Ik xa [] wAxt m@sxin @m bet@r vorbelt Im plats fAn di GAnz@
fv400016,158.114,163.125,Iz Az @t xat ov@r rofoG@ls @ d@ nam zEG @t sElf dA klINkt ni so Erx sImpAtik
fv400016,163.125,165.108,di wErd@ vruG@r vak Afx@sxot@
fv400016,165.108,168.811,mEt @t hel@ dedetev@rhal @ sajl@nt sprIN
fv400016,168.811,170.744,kwAm nar vor dAt
fv400016,170.744,175.595,[] b@vobelt_t@ slExtfAlk @ @n sort_ti ov@r hel @t nord@l@k hAlfrOnt forkOmt
fv400016,175.595,177.873,di pOpylasi stOrt@ In Elkar
fv400016,177.873,178.606,@
fv400016,178.606,183.258,en vAn d@ Avbrakprodykt@ vAn dedete Iz dedee En dAd eft As x@vOlG dAt_t@ E+sxal
fv400016,183.258,185.299,vAn di voG@ls v@rdYnt
fv400016,185.299,188.977,di Gan @rOp sIt@ brekt @r kwam@ nAtyrl@k xen jON@ wAnt_t@ E+@r@ GaN kApOt
fv400016,188.977,192.580,@ Om @ lAN v@rhal kOrt_t@ mak@ mEn eft_tAd OndEkt dAd Iz @n Ext
fv400016,192.580,199.154,bE+na wet@sxAp@l@g dedEktiv@v@rhal u m@n dAt x@vOnd@ eft EN kYn@ b@wE+z@n eft dYs dedete Is t@nmInst@ bE+ Ons
fv400016,199.154,200.973,nit In @ @
fv400016,200.973,208.624,OntwIk@lINslAnd@ v@rbod@ En ny mErk j@ ok wAnt_ti slExtfAlk dAd Iz @n moj@ wAt_tAn het bijoIndikatOr
fv400016,208.624,215.643,dAt_ti pOpylasi vAn slExtfAlk Op @t nord@l@k hAlfrOnt @ As x@ di di b@kek di-j-Is fAn In d@ jar@ sEst@x In Elkar G@stOrt
fv400016,215.643,222.069,En_ny Iz di-j-Op tsElvd@ nivo Opniw Als pAkwEx kOrt na d@ twed@ wer@ltorlOx
fv400016,222.848,228.679,warY+t dY+d@l@k @ Afx@lE+t kAn wOrd@ dAt di G@varl@k@ GIft@G@ stOf
fv400016,228.679,231.501,In h@t milj2 Is hel stErk x@dalt
fv400016,231.501,235.549,En di pOpylasi heft sIx kYn@ hErstEl@ dA xElt_trA+@s for Al@ rofoG@ls
fv400016,235.549,239.337,@ bE+na zOnd@r Y+tsOnd@rIN zIt@ wE+ ny
fv400016,239.337,244.722,E mE pOpylasis Ig b@dul darme brutpOpylasis fAm bY+z@rt spErw@r tor@vAlk
fv400016,244.722,249.254,@m bomvAlk ma di-j-Is mInd@r Ond@rhev@x_x@west brY+n@ kik@ndif
fv400016,249.254,254.193,@ num_mar Op di warsxE+nl@k hoG@r zE+n dAn In d@ jar@ dErt@x
fv400016,254.193,260.692,En dAt eft_t@ mak@ mE-j-@t fE+t_tAt ok Al vAnY+t_ti benelyksov@reNkOmst Y+t nex@tin seft@x Inzak@ jAxt En voG@lb@sxErmIN
fv400016,260.692,263.076,mEN G@zExt eft j@ mAx ni mer jaG@n Op rofoG@ls
fv400016,263.076,270.125,wErt_tuG@pAst In d@ bElGis@ wEtxevIN wAnt_ti sort@ kom@ dAn ok for Ob di bE+laG@ vAn d@ voG@lrIxtlE+n di zEG@ ok mAx nit Op x@jaxt wOrd@
fv400016,270.958,274.694,ma da sta ni-j-Alen O In @ j@ mut_ti
fv400016,274.694,279.114,reG@lGevIN zo ampAs@ dAt_tar ni-j-Op G@jaxt mAx wOrd@ d@r stat ok In
fv400016,279.114,283.087,j@ mut_t@ x@bid@ di b@lANr@k sE+n vor di voG@ls Gam b@sxErm@
fv400016,283.087,285.724,En di G@bid@ dAd Is_sowEl In tErm@ vAn
fv400016,286.801,290.998,brutx@bid@ plE+st@rplats@ Als ov@rwInt@rINsx@bid@
fv400016,290.998,295.491,En z@ num@n dAt_tAn ok spES@l prOtEkS@n E:rij@s Espeas
fv400016,295.491,300.729,di Afx@bak@nt mut@ wOrd@ In Elk@ lItstat En dAd Iz ok In vland@r@ G@b2rt mEN Gat_tYs
fv400016,300.729,305.334,GaN kE+k@ nar di bE+laG@ wElk@ G@bid@ zE+n vor wElk@ sort@ b@lAN@r@k
fv400016,305.334,310.607,En di wOrd@ dAn A aNG@dY+t Als wAt_tAn het voG@lrIxtlE+NG@bit kONkret In vland@r@ zE+n dAt
fv400016,310.607,315.510,drij@ntwInt@x_x@bid@ tOtalOp@rvlAkt@ vAn rY+m hOnd@rtY+z@nt Ektar@
fv400016,315.510,318.096,hOnd@rt En en dY+z@nt Ektar@ Om kOrEkt_t@ zE+n
fv400016,319.069,321.823,ny Iz @t wEl zo dAt_tAn bE+ d@ tupAsIN darvAn mEn
fv400016,321.823,327.580,slExts zev@n vAn di drij@ntwInt@x_x@bid@ Als InteGral b@sxErmt aNG@dY+t heft
fv400016,327.580,333.847,En In di And@r@ G@bid@ eft m@n G@zExt dar zE+m b@pald@ bijotop@n [] darstrAk numd@ lev@ns
fv400016,333.847,337.719,Ale @m betj@ vrE+ v@rtalt lev@sx@mensxAp@
fv400016,337.719,344.478,E d@ plats@ t@mInst@ war di vorkom@ di b@sxErmt wOrd@ E bvobelt j@ hEpt @N Grot foG@lrIxtlE+NG@bit En dAn stat_tar
fv400016,344.478,349.380,@m ritlAnd@n op@ wat@r dE+k@n
fv400016,349.380,356.994,di zE+n b@sxErmt Ov In @n hE+d@G@bit wOrt [] G@zExt vEn@n_nAt@ hE+d@ droG@ hE+d@ zE+m b@sxErmt ma t kAn zE+n dAt_tA x@bit Grot@r Is
fv400016,356.994,362.973,En @r wOrt_tAn ok @N kOp@lIN G@makt nar d@ rY+mt@l@k@ Ord@nIN E vAndar dA [] tOx wEl s tOx wEl b@lAN@r@k
fv400016,362.973,365.833,Al@ G@bid@ di Grun aNG@dY+t sE+n Ob d@ G@wEstplAn@
fv400016,365.833,367.578,h@ dYz b@vorbelt
fv400016,368.841,374.412,En # ny E dIt jar heft mEn @n evAlywasi G@makt_twInt@x jar voG@lrIxtlE+n
fv400016,374.412,381.617,En Is m@n ok an t kE+k@ vAm_mut@ w@ dar ni-j-@n antAl dIN@ Gan bE+styr@ v@rAnd@r@ ok In wAlonij@ heft mEn @n Y+tx@brE+d@
fv400016,381.617,385.554,@ lE+st Ale dAs ni-j-Alen @n lE+st mO G@bid@ dYs aNG@dY+t
fv400016,385.554,391.793,@m di trA+@s In d@ GrotOrd@ vAn twejOnd@rtY+z@nt Ektar@ Als foG@lrIxtlE+n aNG@dY+t
fv400016,393.798,398.441,@n twed@ b@lAN@r@k@ rIxtlE+n Iz di habitAtrIxtlE+n ja @t wort habitAt
fv400016,398.441,401.074,Iz y m@sxin b@kEnt vAn @n wINk@lket@
fv400016,401.074,405.460,ok hir In AntwErp@ mar @ jA dA b@tek@d ok lefOmGevIN
fv400016,406.351,414.708,Em_mEn hAt Al its vor d@ voG@ls dYs wErt @t_tE+t Om @ ker vor d@ And@r@ bestj@z En d@ plAntj@z its t@ Gan dun En In di habitAts vInt j@ dYs Ind@rdat
fv400016,414.708,417.938,ok werAl bE+laG@ di OfwEl
fv400016,418.736,423.324,G@rIxt sE+n nar lev@sx@mensxAp@ bE+na b@ v@rtalt Als
fv400016,423.324,425.007,plAnt@G@mensxAp@
fv400016,425.007,427.000,E b@vob@lt nAt@ hE+d@
fv400016,427.000,431.197,hE bA jA m@sxin ok wAt mEn dar ok x@dan eft Is 2ropa ING@delt
fv400016,431.197,435.543,In @n antAl wAt_tAn het bijoGejoGrafis@ zon@s
fv400016,436.249,438.588,b@vobelt wE+ zIt@ In
fv400016,438.588,441.931,d@ nortAtlAntis@ bijoGejoGrafis@ zon@
fv400016,443.439,450.435,bElGij@ lIxt Alz @t war@ [] bIn@ d@ Invlut fAn d@ AtlAntis@ osejan Ale vrE+ v@rtalt h@ zo kYJ_J@ dA sEG@ Em bvob@lt
fv400016,450.435,459.611,k sEx ma wAt @t @t medit@ran@ G@bit Iz dY+d@l@k @n And@r@ bijoGrGejoGrafis@ zon@ @t Alpin@ G@bit Iz dY+d@l@k @n And@r@ zon@ En @t hoG@ nord@
fv400016,460.306,462.098,Iz dY+d@l@k ok nOG its And@rs
fv400016,462.766,463.917,m@n eft sElfs
fv400016,464.548,470.416,@m # betj@ GrAp@x d@ kAnaris@ E+lAnd@ dYz @n @n @ di-j-In fE+t@
fv400016,471.605,474.264,vel mer ja kwazi vo d@
fv400016,474.264,477.101,kYst kYst@n vAn
fv400016,477.769,478.772,@
fv400016,479.478,480.815,nortafrikA lIG@
fv400016,481.743,485.234,ma di-j-In fE+t@ og del Y+tmak@ vAn di-j-2ropes@ G@mensxAp@
fv400016,485.234,487.601,dar eft mEn @n @n wort for b@dAxt
fv400016,487.601,490.472,dAt Is mAkArOnezijA
fv400016,491.289,499.050,# [] wAnt Ig dAxt ers mAkArAnezijA dAd Iz dA x@bit dAd Iz @n ApArd bijoGejoGrafis G@bit @
fv400016,499.050,500.167,wAnt
fv400016,500.167,502.690,id@ren kEnt @N kAnari
fv400016,502.690,507.206,@wEl Ob dA kAnaris@ E+lAnd@ lev@ EfEktif kAnariz In @t wIlt
fv400016,507.206,508.669,En Alen dar
fv400016,508.669,518.502,dA het @n Endemis@ sort @n sort_ti Alen Ob di plEk forkOmt En_nErG@z And@rs t@r wer@lt dYs mut@n @r matreG@l@ G@nom@ wOrd@ Om di t@ b@sxErm@ [] @
fv400016,518.502,520.294,[] @m
fv400016,521.222,523.933,habitAt Ond@r d@ vOrm vAn E
fv400016,523.933,529.207,erst Grot@ zon@s p@r zon@ @n antAl G@mensxAp@
fv400016,529.207,534.146,en@rzE+ts And@rzE+ts lE+st@ mEt sort@n dirsort@
fv400016,534.146,538.780,mar Gen voG@ls wAnt_ti zIt@ In d@ voG@lrIxtlE+n dA kYn@ zowEl zoGdir@ zE+n
fv400016,538.780,541.277,b@vorb@lt bE+ Ons @
fv400016,541.277,543.181,wAd OpfAl@nt Is stan @r
fv400016,544.049,547.104,zEs vlermY+ssort@ @n vlermY+z Iz @ zoGdir
fv400016,548.042,549.968,di Im bElGij@ vorkom@
fv400016,551.231,552.347,En dAd eft @
fv400016,553.181,562.298,dYs di habi @ di sort@ zIt@ In d@ habitAtrIxtlE+n mO b@vob@lt ok Op 2ropes nivo mut x@ dAn dENk@ an @ zoGdir@ zoAls d@ brY+n@ ber d@ wOlf
fv400016,562.298,570.172,E dA sE+n dYs_sort@ di EfEktiv Op @n antAl plats@ nOx forkom@ di speSal@ b@sxErm b@sxErmt mut@ wOrd@ Az @k @t hEp ov@r @
fv400016,570.172,574.628,rof A ja di rofoG@lz di zit@ bE+ di voG@lrIxtlE+NG@bit @m
fv400016,574.628,579.679,dar zIt@ zElfs Ik xa n@ ker [] d@ zIt@ b@vob@lt ok rEptil@ En Amfibij@n In
fv400016,579.679,586.475,dYs en Amfibi dA bE+ Ons forkOmt Ale ni hel zEltsam mar wAt Is_sEltsam d@ kAmsAlAmAnd@r di stat @rIn
fv400016,586.475,589.632,OmAt_ti Op 2ropes nivo b@sxA+t wOrt Als_sE+nd@
fv400016,589.632,593.531,@n Erx kwEdzbar@ sort_t@ kYn@ @n antAl InsEkt@ ok vorkom@
fv400016,593.531,598.360,tOt Em_mEt @n @n antAl slAk@sort@ Enzovort zIt@ In di habitAtrIxtlE+n@
fv400016,598.360,604.525,ny wAt @r dAn mut x@b2r@ Iz dAt_t@ lItstat mut xaN kE+k@ war zIt@ di sort@ bE+ Ons
fv400016,604.525,612.138,war zIt@ di plAnt@G@mensxAp@ bE+ Ons En wE+ mut@ dYz @ vorstEl dun an d@ 2ropes@ kOmIsi an d@ Amt@nar@ h@ Om t@ zEG@
fv400016,612.138,616.706,di-j-En di G@bid@ stEl@ wE+ vor Als habitAtrIxtlE+nG@bit
fv400016,616.706,623.614,kONkret vland@r@ heft fert@x_x@bid@ mEd @n tOtal@ Op@rvlAkt@ vAn sev@nt@GdY+z@nt Ektar@
fv400016,623.614,625.323,vorG@stElt an d@ kOmIsi
fv400016,625.323,627.106,dAd Is nOx ni xux@k2rt
fv400016,627.106,628.622,ma dAd Iz @t forstEl
fv400016,628.622,634.756,dYs voG@lrIxtlE+NG@bit drij@ntwInt@x_x@bid@ Ond@rtY+z@nt Ektar@ hAbitAtrIxtlE+NG@bit fert@x_x@bid@
fv400016,634.756,641.478,sev@nt@GdY+z@nt Ektar@ ma G@ mut_tA ni so b@kE+k@ wAnt for @n antAl dIN@ ov@rlApt_tAd Elkar ja b@vorb@lt
fv400016,641.478,643.112,d@ mEx@ls@ hE+d@
fv400016,643.112,647.050,ni-j-Alen @t hY+d@G@ wAt_tAn_ny het vlams natyrezErvat
fv400016,648.051,654.551,E dAd Is @n voG@lrIxtlE+NG@bit vAn ONG@ver twedY+z@nt_trijOnd@rt Ektar@ Ik rOnt Af
fv400016,654.551,658.933,ma dA fInt x@ ok t@rYx bE+ @t forstEl vAn habitAtrIxtlE+NG@bid@
fv400016,658.933,663.613,dar heft @ vor d@ mEx@ls@ hE+d@ Gat mEn dAN GaN kE+k@n_nar k sEx mar wAt E
fv400016,663.613,665.829,nAxtswaly Em bomlew@rIk
fv400016,665.829,672.563,dA sE+n twe sort@ di In d@ AnEks@n zoAlz dA het_t@ bE+laG@ vAn d@ voG@lrIxtlE+n vorkom@ Alz b@lAN@r@k@ sort@ mar
fv400016,672.563,675.088,di dAsElvd@ hE+d@G@bit
fv400016,675.088,678.135,G@ kYnt so @ v@ral v@rtEl@ ov@r d@ kAlmtA+ts@ hE+d@ ok
fv400016,678.135,681.106,kOmt ok for bE+ d@ habitAtrIxtlE+NG@bit OmdAt m@n dar
fv400016,681.106,686.639,ordelt dAt d@ lev@sx@mensxAp@ nAt@ hE+d@ En droG@ hE+d@ b@sxErmt mut@ wOrd@
fv400016,686.639,689.239,bE+ di kAlmtA+ts@ hE+d@ kAn Ik @t sElfs nOx @m betj@
fv400016,689.239,693.064,@ spesifjer@ dar eft m@n zowEl @m
fv400016,693.064,698.997,Als foG@lrIxtlE+NG@bit G@koz@ vor @m brutfoG@l zoAlz d@ zwArt@ spExt
fv400016,699.708,701.940,In fE+t@ Gen tipis@ hE+d@sort ma Ale
fv400016,701.940,706.063,di dYs zEx mar In d@ d@ dEn@bOs@n darOnt forkOmt En di-j-Op 2ropes nivo
fv400016,706.063,711.114,wOrd b@ordelt Alz @m b@lAN@r@k@ sort niteG@stand@ t fE+t dAt_tAd @n sort Iz di ov@rAl In 2ropa
fv400016,711.114,714.048,tunemt En_nit Afnemt ma Ale @m
fv400016,714.048,718.430,ma vor d@ kAlmtA+ts@ hE+d@ heft mEn ok x@kj@ G@koz@n
fv400016,718.430,723.295,Als plE+st@rplats wAnt Ik sEx @d Is ni-j-Alen brutx@bit ok
fv400016,723.295,729.051,E dYz dA wIl zEG@ di voG@ls trEk@ di kYn@ dar zElfs_sOms mar ENk@l@ daG@ Op @ jar t@ zin zE+n En di trEk@ dAn
fv400016,729.051,735.737,t@rYx fErd@r nar @t sY+d@ Ov OmG@kert wEl di kAlmtA+ts@ hE+d@ mEn eft E dAd Iz dAn OrnitoloGis vEltwErk
fv400016,735.737,739.822,OndEkt dAt_tA @m b@lAN@r@k@ plE+stratplats Is for d@ reG@nwYlp
fv400016,739.822,744.464,dYs @ [] mart@n t hArt @n vlYxt reG@nwYlp@n
fv400016,744.464,748.141,dA b@stat Ext b@dul Ik dYs [] [] []
fv400016,748.141,753.563,Y+tx@vOnd@ voG@l t sA+ kYn@ ma Ale @ En di brud@ hel hox In @t nord@
fv400016,753.563,756.460,ov@rwInt@r@ spAJ@ pOrtyGAl
fv400016,756.460,759.810,En di plE+st@r@ dYs ir bE+ Ons Ond@r And@r@ In di kAlmtA+ts@ hE+d@
fv400016,760.847,765.671,ma di brud@n ir el@mal ni dYz dAd i dAd Iz og b@lAN@r@k trA+@z di voG@lrIxtlE+n zExt ok
fv400016,765.671,768.827,t sE+n_ni-j-Alen d@ sort@ mar b@vorb@lt ok h@
fv400016,768.827,774.398,nit Alen d@ G@bid@ ma b@vob@lt ok d@ nEst@n d@ E+@r@ En d@ jON@ di b@sxErmt mO mut@ wOrd@
fv400016,774.398,781.160,En dAd Is nit Omb@lAN@r@k wAnt @ dA b@stat ok nOx stets @n zer mErkward@G@ hObi @t v@rzam@l@ vAn E+@r@n
fv400016,782.062,786.469,hE mE+n v@rhal vAn dedete wAnt Al@s Is tOx wEl @m betj@-n-an Al@s x@lINkt
fv400016,787.731,791.260,d@ v@rdYnIN vAn d@ E+sxal heft m@n kYn@ b@wE+z@
fv400016,791.260,793.026,dor trYx t@ GrE+p@ nar
fv400016,793.026,795.122,E+kOlEksis
fv400016,795.122,797.721,vAn fE+ft@x sEst@x sef@t@x tAxt@x jar A+t
fv400016,797.721,799.549,di b@vob@lt E In
fv400016,799.549,801.361,k sEx ma wAt @ brItIS
fv400016,801.361,804.443,@ mjuzijYm fO:r nES@n@l hIst@ri b@wart wErd@
fv400016,804.443,805.972,En di A+d@
fv400016,806.806,810.905,E+sxal@ Gan Opmet@ Om t@ kE+k@n u dIg dAt_ti war@ En di dAn Gan v@rG@lE+k@
fv400016,810.905,813.543,mEt_t@ E+sxal@ di mEn In d@ jar@ sEst@x trYxfOnt
fv400016,813.543,816.106,OmdAt fruG@r wErd@ dYs jA
fv400016,816.106,819.596,E+@r@ v@rzam@lt Ik sEx @t d@ zE+n_nOx stets mEns@ t Iz @n mErkward@G@
fv400016,819.596,825.947,bez@xhE+t di zEG@ Ik mut E+@r@n Eb@ vAn Elk@ In @t wIlt lev@nd@ voG@lsort In dIt lAnt [] dYz di Gan
fv400016,825.947,833.226,mA di zE+n dA dA mAx dYs ni Is Apsolyt f@rbod@ OmdAt sOm@G@ vAn di syp@rzEltsam@ voG@l[] di di mEns@ Gan dYs_ser vEr Om dAt_t@
fv400016,833.226,837.794,@ t@ kYn@ vAstkrE+G@ Em b@tal@ dar sOms_sElfs_ser hoG@ b@draG@ vor
fv400016,837.794,840.840,@ Om dAd E+ In Yn kOlEksi t@ kYn@ Ond@rbrEN@
fv400016,840.840,844.090,ma dYs og dAt zIt In di voG@lrIxtlE+[]
fv400016,844.090,847.636,Gu dYs di rIxtlE+n@ hEb@ Y+twErkIN G@kreG@
fv400016,847.636,856.067,Avbak@nIN vAn @n antAl G@bid@ wAt_t@ habitAt@rIxtlE+NG@bid@ b@trEft nOx ni OfiSel @ Gutx@k2rt_tor d@ kOmIsi
fv400016,857.218,861.823,@n twed@ El@mEnt is j@ hEpt ni-j-Alen rIxtlE+n@ ma j@ hEpt ok v@rOrd@nIN@
fv400016,861.823,863.160,@n v@rOrd@nIN
fv400016,863.160,869.326,AS_S@ @t pyblikasiblAt fAn d@ 2ropes@ G@mensxAp@ dornemt_tar stan dY+z@nd@ v@rOrd@nIN@n In di b@vob@lt_t@ mak@n Eb@ mEt
fv400016,870.328,874.488,lAndbA+b@lE+t hE mEt @ Al@rlE+
fv400016,874.488,880.690,prE+z@ di G@hAntert wOrd@ hE GArAnsiprE+z@ b@vob@lt for dAd En dAd En dAd En dAt
fv400016,880.690,884.181,wAt_tAd In fE+t@ wIlt sEG@ Is wAt @r In @n v@rOrd@nIN stat
fv400016,884.812,886.966,kAn j@ G@brY+k@
fv400016,886.966,888.549,In y E+G@ b@lE+t
fv400016,888.549,891.942,En di v@rOrd@rIN@ zE+n_nit sEld@ G@lINkt an
fv400016,891.942,893.809,sypsidis
fv400016,893.809,896.526,hE vAndar lAndbA+b@lE+tprE+z@
fv400016,897.271,901.525,lAndbA+sypsidis wEl hir Iz dAd @N klE+n betj@ @tsElvd@ En @r zE+n
fv400016,901.525,903.605,twe v@rOrd@nIN@
fv400016,903.605,910.067,@ twInt@x Axt@nsef@t@x twej@next@x twInt@x tAxt@x twej@next@x dA sE+n d@ nYm@rk@z di z@ daraN Gev@
fv400016,910.067,915.117,di nYm@rIN Geft y ok Al @n ide vAn uvel dY+z@nd@ v@rOrd@nIN@ @r p@r jar zE+n
fv400016,915.117,918.311,En di hEb@ t@ mak@ mE en@rzE+ts
fv400016,918.311,922.546,@n Ond@rst2nIN vAn nAtyr En milj2vrind@l@k@ lAndbA+
fv400016,922.546,925.925,dAd Is twInt@x Axt@nseft@x En twInt@x tAxt@x
fv400016,925.925,930.493,2ropes@ sypsidis for d@ b@bOsIN vAn EkslAndbA+GrOnd@
fv400016,930.493,933.353,@m di latst@
fv400016,933.353,938.626,wOrt ny @ dYz di-j-2ropes@ sypsidis wOrt ny G@brY+kt In vland@r@
fv400016,938.626,943.120,di erst@-n-Is nOx mar hel r@sEnt wAnt @t Al@rerst@ Y+tfurINzb@slY+t
fv400016,943.120,950.177,dAt_tAt zA+ mut@ Gan tupAs@ In vland@r@ Is pAs In mE+ vAn dIt jar In @d bElGis_stadzblAt f@rsxen@ En dA wAz dAn
fv400016,950.177,952.627,nOG @n vrE+ Ale @
fv400016,952.627,964.438,tejOretiz b@slY+t nam@l@k E [] d@ prOsedyr@Afsprak@ di dar InstOnd@ dAt hAt nAtyrl@k t@ mak@ k mut @r wEl bE+ zEG@ nAtyr Em_milj2vrind@l@k@ lAndbA+ dYz dA xa ni-j-Alen ov@r nAtyr En dAd
fv400016,964.438,974.094,dAt nAtyrAspEkt Iz dAn bE+ Ons f@rtalt dENk an wAd Ig darstrAks_sE+ d@ lAndbA+@r di zOrG@n_ni for d@ nAtyr Als zOrx for @n antAl lAntsxApsAl@mEnt@n haG@n hA+tkAnt@
fv400016,974.094,977.507,pul@n stan @r ok In En @n
fv400016,977.507,981.049,premi vor zoG@het@ Ak@rrAnd@n
fv400016,981.847,983.297,nit mer
fv400016,983.297,987.090,mEt hErbisid@ Of And@r@ pEstisid@
fv400016,987.090,988.690,t@ b@spY+t@n
fv400016,988.690,997.417,zodA j@ dYs @ sistem krE+xt fAm b@vob@lt vE+f met@r Ak@rAnt war Gen pEstisid@n mer moG@ G@brY+kt wOrd@ di lAndbA+@r krE+xt_tar dAn @n v@rGudIN vor
fv400016,997.417,1000.165,hE Ov b@vob@lt lANz @n wat@rlop
fv400016,1000.165,1008.151,kAJ_J@ ok sEG@ vAn @n strok di war hA+tkAnt@n aNG@plAnt wOrd@ di lAndbA+@r Alz di dA sElv dut krE+xt_tar @n v@rGudIN vor
fv400016,1008.151,1012.087,O Om @t envA+d@x Y+t_t_trYk@ In di rIxtIN Gat_tA ma @t Is
fv400016,1012.087,1015.913,@n b@slY+t dA so r@sEnt Iz dAd @t_tYs In fE+t@
fv400016,1015.913,1021.669,Is @r nOx_xen ENk@l tupAsIN Op flams nivo mar dA dA sA+ ny mut@ GaN kom@ hE wAnt @m
fv400016,1021.669,1028.094,d@ ObdrAxt Is x@Gev@ an d@ vlams@ lAntmatsxApE+ dYz @n vlams@ op@mbar@ InstElIN di mer b@kEnt Is
fv400016,1028.094,1031.549,@ warsxE+nl@g bE+ y dor t fE+t_tAt_ti ok
fv400016,1031.549,1035.039,@ rY+lv@rkav@lIN In ar ObdrAxt@pAkEt eft
fv400016,1035.039,1043.470,hE di zA+ dA mut@ Gan tupAs[] En_nAtyrl@g di ErvarIN mEt_ti rY+lv@rkav@lIN kOntAkt@ mE lAndbA+@rs Et sEt@ra zA+ mut@ lE+d@ tOt dAt_tAd Op @t_tErE+n Y+tx@vurt wOrt
fv400016,1043.470,1045.549,b@bOsIN Eb Ik Al v@rmElt
fv400016,1045.549,1047.068,[] dAt Is @
fv400016,1047.068,1050.377,w wA fruG@r het@ wat@rz Em bOs@ ny d@ AvdelIN bOz EN Grun
fv400016,1050.377,1054.611,di dA Op @t_tErE+n mut_tupAs@ di dYz ok an priveE+G@nars
fv400016,1054.611,1057.063,d@ d@ en@G@ vorward@ Is @t mut
fv400016,1057.063,1058.854,In @m p@rjod@ vAn vE+f jar
fv400016,1058.854,1061.222,@ vor dA x@ di sypsidi krE+xt
fv400016,1061.222,1064.514,mut @t @ ojt lAndbA+GrOnt G@west sE+n En d@
fv400016,1064.514,1068.576,d@ vE+f jar na @t f@rkrE+G@ vAn d@ sypsidi mut @t @
fv400016,1068.576,1073.441,pErsel EfEktif Alz dar dYz bom@n Op x@plAnt wOrd@ Als
fv400016,1073.441,1076.672,ja b@bOst@ Op@rvlAkt@ IN G@brY+g blE+v@
fv400016,1076.672,1082.903,[] j@ krE+xt @n enmal@G@ InrIxtINsypsidi @t plAnt@ vAn di bom@ EJ_J@ krE+xt ok El@k jar
fv400016,1083.562,1085.511,En AfANk@l@k fAn d@ sord bom@
fv400016,1085.511,1088.701,@n Ond@rhA+tsypsidi hE dYz Ik dYs ok Als
fv400016,1088.701,1095.464,pArtikylir@ v@rOnd@rstElt_tA dA x@ G@ mut_tYs xen lAndbA+@r In hovdb@rup sE+n Of soits ok Als pArtikylir kYnt x@ dar G@brY+k fAm_mak@
fv400016,1095.464,1100.292,Im prInsip@ kAn ok @N G@ment@b@styr dar G@brY+k fAm_mak@ mar t mut@ dYs wEl GrOnd@ zE+n wAnt
fv400016,1100.292,1104.043,t Is Opx@stElt In t kad@r vAn @t 2ropes lAndbA+b@lE+t Alz @t OntrEk@ vAn
fv400016,1104.043,1109.688,lAndbA+GrOnt En @t @ prOmot@ vAn dYs E+G@ zEx mar hA+tprOdyksi
fv400016,1110.432,1115.445,@n dErd@ b@lAN@r@k InstrymEnt E wAnt w@ sprek@n ov@r sypsidis
fv400016,1115.445,1117.472,zE+n Ind@rdat fOnts@n
fv400016,1118.375,1122.093,E rIxtlE+n@ v@rOrd@rIN@ fOnts@ GElt
fv400016,1122.093,1124.470,En dar hEp j@ en@rzE+ts
fv400016,1124.470,1131.043,dAt @r @n antAl reGylir@ fOnts@ zE+n @t 2ropes fOnts for_reGjOnal@ OntwIk@lIN efro b@vorbelt
fv400016,1131.637,1136.912,En In di fOnts@ kAJ_J@ sOms x@brY+kmak@ vAn @n antAl El@mEnt@ Om ok its for nAtyr t@ dun
fv400016,1136.912,1141.331,En dAd Iz b@vob@lt @ In lImbYrx @m
fv400016,1141.331,1145.862,dor d@ AvdelIN nAtyr En @t reGjOnal_lAntsxAp kEmp@n Em_maslAnt x@b2rt vor
fv400016,1145.862,1152.175,@n el kONkret forbelt @n vormal@G@ zAntxruv@ In t@ rIxt@n Als nAtyrG@bit mE finAnsjel@ st2n vAn efro
fv400016,1152.175,1158.303,ma efro Iz bE+ Ons Im bElGij@ mar In @m b@pErkt antAl reGijos reGjOnal@ OntwIk@lIN vAn tupAsIN
fv400016,1158.303,1161.385,hE b@vob@lt wAlonij@ hen@GA+@
fv400016,1161.385,1164.989,vOldut an @n antAl kriterijA Om st2n vAn @t efro t@ krE+G@
fv400016,1165.954,1169.185,dAn Ep j@ ok ov@r d@ GrEns hen [] In fE+t@ @n proGrAmA
fv400016,1169.185,1171.822,@n fOnts IntErEx Int@reGjOnal
fv400016,1171.822,1177.021,hir In AntwErp@ lopt ny Ob dIt E+G@st@ oG@mblIk h@t soG@het@ tAksAndrijAprOjEkt
fv400016,1177.021,1181.923,sam@wErkIN tYs@ [] Ik x@lof zEs@ntwInt@x f@rsxIl@nd@
fv400016,1181.923,1185.786,pArtn@rs Om In d@ sfer vAn_nAtyrb@her
fv400016,1185.786,1192.036,En turIzm@ @n antAl dIN@ t@ dun In @t xrEnsov@rsxrE+d@nt lAntsxAp tAksAndrijA t@ nord@ vAn tYrnA+t
fv400016,1193.090,1199.936,Int@rEx Iz ok x@brY+kt for @n antAl InrIxtINsmatreG@l@ Ob d@ kAlmtA+ts@ hE+d@ In wAt_tAn het @t xrEnspArk d@ zom
fv400016,1199.936,1204.430,kAlmtA+ts@ hE+d@ Ond@r d@ vl2G@ls fAn d@ ben@lyks ekonomis@ yni
fv400016,1204.430,1206.769,Int@rEx Iz ok x@brY+kt for
fv400016,1206.769,1212.637,Y+dbA+ vAn @n antAl prOjEkt@ lANz d@ GrEnsmas d@ nam zEG @t sElf ok werAl GrEnzov@rsxrE+d@nt
fv400016,1212.637,1217.465,mar @d b@lAN@r@kst@ finAnsjel InstrymEnt Iz In fE+t@ wAt_tAn het
fv400016,1217.465,1218.515,lajf
fv400016,1219.222,1221.271,h@ lev@n
fv400016,1221.271,1225.154,En Om kOrEkt_t@ zE+n lajf b@stat Y+t dri Ond@rdel@
fv400016,1225.154,1229.610,Envaj@rm@nt nejtS@r En wAt_tAn het tY:rt kOntris
fv400016,1229.610,1230.827,dA b@tek@nt
fv400016,1230.827,1232.507,milj2 dA sE+n mestAl
fv400016,1232.507,1236.146,vorbeltprOjEkt@ Inzak@ milj2b@her
fv400016,1236.146,1240.008,dA kAn In d@ sfer vAn rEsiklaZ@ zE+n dA kAn In d@ sfer vAm b@drE+v@ zE+n di
fv400016,1240.008,1246.694,k sEx ma wA @t wat@rv@rbrY+k for @m b@palt prOdyksiprOsEs t@rYxsxruv@ Enzovort tY:rt kOntris
fv400016,1246.694,1253.082,zE+n dYs lAnd@ di nid b@hor@ tOt_t@ 2ropes@ yni ma di-j-ok Ond@rst2nt wOrd@ bE+vorbelt rYslAnt
fv400016,1253.082,1255.250,eGIpt@ tynezij@
fv400016,1255.250,1256.981,zE+ Eb@n @n antAl prOjEkt@ di
fv400016,1256.981,1259.098,Ond@rst2nt wOrd@ dor d@ 2ropes@ yni
fv400016,1259.098,1262.958,En dAn hEp j@ ok nAtyrl@k nejtS@r dA sE+n_nAtyrprOjEkt@
fv400016,1263.792,1267.491,En vor wi dAd Intr@sert Ik Eb ir zo @ ker @n ov@rzIxt me
fv400016,1267.491,1273.697,vor Al@ prOjEkt@ di-j-In_nextin_neG@n@next@x dYz dIt jar In anmErkIN kwam@ vor Ond@rst2nIN vAn lajfnejtS@r
fv400016,1273.697,1277.150,ma-j-Ik xa t k xa t hirbE+ lat@ ma dYs
fv400016,1277.150,1285.113,wAd Ik dA latst@ wA k ny zEx dAd Is wEl b@lANr@k Om t@ OnthA+d@ dAs_som betj@ d@ kErn vAn dAt 2ropes nAtyrb@lE+t
fv400019,0.000,4.696,d@ Grot@ diskysi Ond@r kAm@rad@n E Alz Ik mEt m@n vrA+ mEt frind@ sam@ bEn
fv400019,4.696,6.721,ja w@ hEb@n_nAtyrl@k In d@ lop fAn di jar@n
fv400019,6.721,8.464,Al yr@n G@diskySert
fv400019,8.464,10.206,ov@r v@rsxIl tYs@ mAn En vrA+ I
fv400019,10.974,12.627,En t kOmt AltE+t Op @tsElvd@ ner
fv400019,12.627,15.426,@r Iz @ v@rsxIl mar Iz dAt f@sxIl
fv400019,16.265,19.720,Genetis Iz dAt f@sxIl kyltyrel b@palt
fv400019,20.312,22.188,@t Antwort sAl wEl In t mId@ lIG@
fv400019,22.635,24.065,@n stYk GenetikA
fv400019,24.065,26.883,wAnt @n mAn En @n vrA+ zin @r Al And@rz Y+t Om t@ b@GIn@
fv400019,27.292,30.851,@n stYk GenetikA mar zek@r ok_kyltyrel
fv400019,31.688,35.574,En di twe sam@ makt dAt @t f@sxIl Ind@rdat dY+d@l@k wOrt I
fv400019,36.782,38.464,ma-j-Ik sA+ liv@r zEG@n I
fv400019,38.464,39.757,@r zE+n
fv400019,39.757,43.801,Ik sA+ liv@r zEG@n Im pladz dAt @r mAn@ zE+n En vrA+@ zE+n zA+ k nOx liv@r zEG@n
fv400019,43.801,45.752,@r zE+n wA j@ zA+ kYn@ num@n
fv400019,45.752,47.733,mAn@l@k@ E+G@sxAp@n
fv400019,47.733,49.921,En @r zE+n vrA+@l@k@ E+G@sxAp@n
fv400019,50.532,53.794,En_ny Iz @t wEl zo nem hOnd@rt mAn@ En hOnd@rt frA+@
fv400019,53.794,55.342,dAt hOnd@rt mAn@
fv400019,55.342,58.622,mer zYl@ xan pYt@n Y+t d@ mAn@l@k@ E+G@sxAp@n
fv400019,58.622,60.484,En d@ vrA+@ bE+ d@ vrA+@
fv400019,60.946,62.810,mar lEt Op I margr@t_tEtS@r
fv400019,64.606,68.232,eft fOlG@s mE+ vor mer dAn sEst@x p@sEnt x@pYt Y+t d@ mAn@l@k@ E+G@sxAp@n
fv400019,70.736,72.627,@ bErtS@-n-AnSo
fv400019,73.965,74.814,Ontrur mE+
fv400019,75.647,79.132,zAl vOlG@s mE+ vor sEst@x p@sEnt G@pYt Eb@n En dAn wIl Ik ni flA+ dun I
fv400019,79.132,81.062,I ny wIl Ik nid_dun AzOf @ wen@n
fv400019,81.062,82.357,tipis for d@ vrA+@n Iz I
fv400019,82.357,83.859,mar d@ emosi
fv400019,83.859,84.767,hE
fv400019,85.541,86.346,ZA~lyg d@han@
fv400019,88.216,91.855,E ZA~lyk eft fOlG@s mE+ wE+n@x_x@pYt Y+t @t frA+@l@k@
fv400019,91.855,93.016,@ pYtj@
fv400019,93.016,95.416,bErtS@ AnSo mer dAz dY+d@l@k
fv400019,95.416,98.487,mEd And@r@ word@ j@ hEpt mAn@l@k@ mAn@
fv400019,98.487,100.051,j Ept vrA+@l@k@ vrA+@
fv400019,100.051,102.696,ma j Ept mAn@l@k@ vrA+@ En j Ept frA+@l@k@ mAn@
fv400019,102.696,104.706,ma E bO~ j@ wet wAd Ig b@dul
fv400019,105.715,106.574,kE+k
fv400019,107.981,111.388,[] [] nOG @n dENkfA+t wAn Ik fInt dENkfA+t@n @nOrm Intr@sAnd I
fv400019,111.388,113.079,nOG @n dENkfA+t
fv400019,113.079,115.353,vel mEns@ dENk@
fv400019,115.353,117.244,dA j@ @n And@r kYnt f@rAnd@r@
fv400019,118.044,120.903,nAtyrl@k Op leftE+t v@rGet mEn dAt
fv400019,120.903,124.677,ma As mEn jON Is dENkt mEn [] dAt mEn d@ And@r kAn v@rAnd@r@
fv400019,124.677,126.149,E wi dENkt_tAt forAl
fv400019,126.149,128.160,ny Ik mut wEl zEG@n Ik Ep nAtyrl@k
fv400019,128.160,130.900,@m betj@ d@ vulIN v@rlor@ mEt_t@ jON@ mArkt fAn d@ vrA+@
fv400019,130.900,131.363,hE
fv400019,131.855,134.490,@ hu twInt@G@rs_sE+n dAt wet Ik nit mer
fv400019,134.490,140.426,dAt kAn Ond@rtYs@ @n hel@ stYk f@rAnd@rt sE+n ma Ik pYt nOx ev@ t@rYx Y+t mE+n hErIn@rIN@n En vAn di vAn d@ kam@rad@
fv400019,141.532,142.843,Ik_kOm Y+t @n tE+t
fv400019,142.843,145.881,dAt mE+S@s En Ik prat ny ov@r d b@GIn vAn d@ jar@ sev@nt@x I
fv400019,145.881,148.183,Ik_kOm Y+d @n tE+t dAt mE+S@s
fv400019,148.585,150.864,n@ jON@ b@kek@ zo vAn
fv400019,151.968,154.038,t Iz dYb@l an d@ en@ kAnt
fv400019,154.038,156.686,hA+d@n vrA+@n vAn romAntik En drom@ z@ vAn
fv400019,156.686,158.435,d@ rId@r Op @t wIt@ part
fv400019,158.435,161.726,dENk mar t@rYx an sxAlks@ rY+t@rs mEt_tOm lenarts Em bArt_t@ pA+
fv400019,161.726,163.088,prAxt@G@ Gen@rik I
fv400019,163.088,165.277,En d@ vrA+@ vil@ In kAtswE+m I
fv400019,165.277,167.361,Em bArt En tOm ov@r d@ AfxrOnt
fv400019,167.361,169.922,A[] Alz dA xen Gen rY+t@rz Op @ wIt part sE+n
fv400019,170.374,172.718,dYz an d@ en@ kAnt hA+d@ vrA+@ vAn di
fv400019,173.210,174.073,romAntik
fv400019,175.130,178.198,En an d@ And@r@ kAnt bE+na @t_teG@nov@G@stEld@
fv400019,178.198,179.568,b@kE+k@ vrA+@
fv400019,180.071,183.124,jON@ vrA+@ vruG@r tOx Als_s@ @n mAn Intr@sAnt fInd@
fv400019,183.124,184.776,b@kE+k@ z@ hEm vOlG@s mE+ zo
fv400019,186.102,188.143,m d@r vAlt its me t@ dun
fv400019,189.908,192.306,@t fE+t_tA j@ lAxt Gef j@ m@ G@lE+k
fv400019,194.024,196.350,@ AS_S@ ni lAxt Is t OmdA j@ t ni hErkEnt
fv400019,197.264,201.032,Ik hEb dAt fel t@ vel meG@makt dA j@ mE+S@s a j@ ho z@ zEG@ dAt_trA+@z I
fv400019,201.032,204.163,k xan d@r wEl its fAn mak@n En dA Gad @t fA+t I
fv400019,204.549,209.424,jON@z E En_ny prat Ik Y+t mA Y+t_t@ mAn@l@k@ k2k@n E dA kAn Ig dYs hOnd@rt pr@sEnt f@rklar@n I
fv400019,209.424,210.721,mAn@ dENk@ zo ni s@
fv400019,211.747,214.204,mAn@ j@ wet @m betj@ ov@rdrE+v@n wer I
fv400019,214.204,216.766,mAn@ kE+k@n erst A moj@ bOrst@n
fv400019,217.529,218.185,A
fv400019,218.765,221.014,sxo@ kOpk@ sxon oG@
fv400019,221.610,224.320,En Ig bEn_nOGAl @n lifEb@r vAm_moj@ vutS@z Ik_kE+k na d@ vutj@s
fv400019,224.320,226.316,ma vo mE+ zE+n t slExt@ tE+d@n I u
fv400019,227.425,230.329,Ik Eb deprEsiz Az Ik fut@ zi I dAt_tAt sE+N Gen vut@ mer I
fv400019,230.329,233.255,mar @m_moj vutj@ En dAn Ga j@ na bov@n I j@ wet wEl
fv400019,233.255,234.922,dYs wAd_dut @n mAn
fv400019,234.922,236.239,di kE+kt
fv400019,236.239,238.279,di v@rGapt sIx E
fv400019,238.279,240.259,warOm kE+k@ mAn@ Op strat so Om
fv400019,240.259,244.669,[] dYs mAn@ v@rGap@ zIx Op @t id@jalbelt fAn @n vrA+
fv400019,245.134,248.246,En As_s@ dYs @n id@jalbelt fAn @n vrA+ G@zin Eb@
fv400019,248.246,249.437,dAt Iz @t
fv400019,250.384,251.739,@n mAn dENkt_tAn_nit fAn
fv400019,251.739,254.255,k zAl s@ [] @m betS@ na mE+n Ant sEt@n mO dAd_dENkt n@ mAn_nojt
fv400019,254.869,256.671,E+ E+ hopt_tA z@ kAN kok@
fv400019,256.671,258.309,En dA s@ t hY+shA+@ kAn dun
fv400019,258.309,259.664,En dA s@ moj blE+ft
fv400019,260.413,261.113,E
fv400019,261.113,266.260,En E+ zAl wEl Als t n@ As-t-i vAn romAntik hA+t zAl ti dAn wEl zOrG@n dA s@ d@ d@ nod@G@ jywel@n eft
fv400019,266.260,268.195,Om_moj t@ blE+v@n En wA wet Ik Al
fv400019,268.195,270.310,n@ mAn dENkt Ob dA flAk zer sImp@l
fv400019,270.822,272.862,vrA+@n dENk@ vel IG@wIk@ld@r nAtyrl@k
fv400019,272.862,274.068,z@ dENk@ vAn
fv400019,274.768,277.314,dA sit @r en@n Y+t di zIxsElf Al @m betj@ kEnt
fv400019,277.314,279.473,ma di mut nOx @m betj@ bE+G@sxaft wOrd@
fv400019,279.902,282.180,Ik num dAt d@ ryw@n dijAmAnt
fv400019,282.180,285.501,@n vrA+ hA+t mer vAn_n@ ryw@n dijAmAnt dAn vAn_n@ G@sxavd@n dijAmAnt
fv400019,285.501,287.960,vAn_n@ G@sxavd@n dijAmAnt di-j-Is Af
fv400019,287.960,289.762,En dAn kAn zE+ nIks mer dun
fv400019,291.116,292.769,d@ vrA+ wErkt @r zElf liv@r @m betj@-n-an
fv400019,294.194,296.562,E+G@l@k Is id@r@ vrA+ wer ov@rdrev@n I
fv400019,296.562,298.841,E+G@l@k Is id@r@ vrA+ @m betj@ @n
fv400019,298.841,300.821,OpfutkYnd@x b@drE+fj@
fv400019,300.821,302.653,mar dAn kOmt_t@ mizeri I
fv400019,302.653,304.688,Ik spel zoN klE+n@ sE:n@
fv400019,304.688,306.527,Ik num Em jAn En har mijA
fv400019,307.184,309.775,kOp@ltj@ Y+t_t@ jar@ sev@nt@x jAn
fv400019,310.415,311.368,wOrt f@rlift
fv400019,311.878,315.348,Ale z@ wOrd@ v@rlift Op Elkar En d@ erst@ ker dA wAs nOG In @n tE+t
fv400019,315.348,317.868,dA s@ zE+@n d@ d@ d@ sxonA+d@rs tun
fv400019,317.868,320.657,E G@ mut Em ni lat@n bY+t@nstan brENt Em_mar me bIn@n
fv400019,321.512,324.805,@ dA wAs en j@ bEnt fAn t strat E wAnt_tA d2xt nit
fv400019,324.805,327.124,En_nOxtAns In dij@n tE+t war@n d@r Gen drYxs
fv400019,327.600,329.819,dAd_d2xt nit mA d@ war@ wEl bOS@z I
fv400019,329.819,330.574,twe
fv400019,331.342,334.743,sxonvad@r zE+ dA ni-j-or brENt Em_ma bIn@n dAd Intr@serd@ hEm ni
fv400019,334.743,336.263,sxonmAma zE+ dAt
fv400019,336.263,338.825,wAnd_dAn kOn z@ d@ dOxt@r hElp@n bE+ @t k2r@n
fv400019,339.515,340.668,jAn kOmd bIn@
fv400019,341.113,345.908,jAn zIt teve t@ kE+k@n et me ja mut xut kYn@n et@n ok nAtyrl@k AS_S@ bE+ d@ sxonfAmili kOmt I
fv400019,346.343,346.894,En
fv400019,347.371,348.889,@ wAt x@b2rt @r Ond@rtYs@
fv400019,348.889,352.228,Als t @m betj@ klIkt_tYs@ d@ sx tukOmst@G@ sxompa En d@
fv400019,352.228,353.598,tukOmst@G@ sxonzon
fv400019,354.298,356.472,@ di Gam_m@ten ov@r t fudbAl b@GIn@
fv400019,356.472,358.389,@ Of ov@r d@ kurs
fv400019,358.389,362.265,Of han z@ @m bompj@ kart@ Of fitst@ GE+ ok w@ Gan_n@ ker sam@ Gan fits@
fv400019,362.920,364.230,En dA sE+n Al d@rEkt kAm@rad@
fv400019,365.012,367.692,bE+ mAma Is t @m betj@ ING@wIk@ld@r
fv400019,367.692,369.152,z@ Ga @m betj@ bAb@l@n
fv400019,370.450,372.475,ny sla Ik @m par wikEnts ov@r
fv400019,372.475,374.456,wAd Is @r G@b2rt ni fel
fv400019,375.170,379.875,jAn d@ twed@ ker tun i bIn@kwAm GIN Alwer In d@ fotY+ zIt@n_nast s@n tukOmst@G@ sxompApa
fv400019,379.875,382.451,En zAd brafj@s stIl@tj@s me t@ kE+k@n_na teve
fv400019,383.605,385.210,stIl zE+n ni fel zEG@n
fv400019,386.753,388.436,@ mAma dAxt
fv400019,388.942,391.578,mE+n@ vEnt Iz ok so dAs x@varl@k
fv400019,392.738,395.478,z@ rupt mijA me In d@ k2k@ En z@ zExt mijA
fv400019,395.478,397.936,hEb d@ GE+ Al G@mErkt dAt jAn
fv400019,397.936,399.281,tOx ni fel zExt I
fv400019,399.906,402.721,A jA ma @ twe vrA+@ teG@ m@kar I AltE+ G@varl@k
fv400019,403.060,405.174,ja mA ja zEx mijA teG@n ar mud@r mAma
fv400019,405.174,406.812,dAz d@ fA+t
fv400019,406.812,409.493,vAn zE+n mAma wA G@ mut sE+n mAma kEn@n
fv400019,410.015,411.504,di jON@ zwE+xt fAm_mizeri
fv400019,412.303,415.743,mar zExt s@ @r m@ten bE+ Als wE+ sam@ zYl@ zE+n
fv400019,415.743,417.962,zAlt E+ wEl bAb@l@n Yp
fv400019,417.962,419.004,dENkfA+t
fv400019,420.325,421.874,Grot@ dENkfA+t
fv400019,422.507,425.589,@n bAb@lar bAb@lt En @n zwE+G@r zwE+xt
fv400019,426.260,428.449,dAt Is_so war Alz Ik ir sta
fv400019,428.449,430.340,Ik Ep AltE+t x@bAb@lt
fv400019,431.252,433.813,En Ik sAl stErv@n Al bAb@l@nd_dENk Ik
fv400019,433.813,436.109,En im [] Ik Ep @n Ik Ep @n sxonbrur I
fv400019,436.822,439.577,Ik xa @N klE+n@ AnEgdot@ v@rtEl@ vAn di sxonbrur
fv400019,439.577,442.465,En_ny Ga j@ zEG@n dIt hEp j@ v@rzOn@n
fv400019,442.465,444.502,En @t Is_so war Alz Ik ir sta
fv400019,446.200,448.091,m@ sxonbrur zExt nojt its
fv400019,448.816,450.812,di kOmt fAn z@n@n dZOp z Eb@n n@ wINk@l
fv400019,450.812,452.852,kOmt fAn d@n dZOp In fE+t@ vAn tY+s_sElv I
fv400019,453.250,456.690,lExt Em dAs_so @n @n ritywel I Gojt sIx In d@ fotY+
fv400019,456.690,459.330,t@rwE+l i In di vluj@nd@ b@weGIN
fv400019,459.330,462.353,bez@G Is nemt i En d@ hymo En @t sAptustEl
fv400019,462.353,463.481,E+ Iz Al b@GOn@n
fv400019,464.538,467.040,ny z@ war@n pAs x@trA+t [] @m par jar
fv400019,467.721,469.969,t erst@ zontj@ wAz dar z@ hAt Al @n dOxt@rtj@
fv400019,470.476,473.603,En z@ hAt m@n zYz Iz @n hel@ nErv2z@ dYs Antipod@n
fv400019,474.069,475.642,En z At x@dAxt mE+n zYs
fv400019,475.642,478.442,d@ klE+n@ tomAs di ny-j-Ond@rtYs@n_neG@ntin Is
fv400019,478.442,480.211,d@ klE+n@ Iz dof
fv400019,480.211,481.834,ja dAz @n idefiks I
fv400019,481.834,483.642,dYs E+ must ma dof sE+n
fv400019,483.642,486.144,dYs wAt x@b2rt @r @ z@ b@GInt
fv400019,486.144,488.500,Op ar E+G@ Op ar entj@ tEst@n Y+t_t@ vur@
fv400019,488.500,489.676,Op n@m bebi
fv400019,490.337,491.871,En di klE+n@ rejAGerd@ nit
fv400019,491.871,494.641,dYs z@ wErt hu lAN@r hu mer ov@rtY+xt dAt i dov Is
fv400019,495.257,498.994,p@r tuvAl kOmt d@ jYfrA+ d@ v@rplexst@r vAn hu het_tAt kInt En wElzE+n
fv400019,498.994,500.290,jA kInt E G@zIn
fv400019,500.873,502.631,kOmt In dij@n tE+d bIn@
fv400019,503.182,505.520,z@ slaxt @rIn m@n zYs ma z@ kAn vel Ob dA flAk
fv400019,505.520,508.116,Om di jYfrA+ me nErv2s t@ krE+G@n
fv400019,508.116,510.662,A[] Om @t kOrt_t@ mak@ dA f@rhal d@n A+to In
fv400019,510.662,512.251,nar d@ kInd@rspeSAlist
fv400019,512.251,515.125,ny Ik_kAm_m@ vorstEl@ Al d@ muk@s di dar zIt@
fv400019,515.125,516.778,zIt@ Al@mal Im pAnik I
fv400019,517.124,519.030,ma mE+n zYs wAz I Grot@ pAnik
fv400019,519.745,523.706,z@ vliG@n dYs d@ wAxtkam@r dor kOnsyltasibyro vAn d@n dOkt@r bIn@n
fv400019,523.706,525.374,OmAt_ti v@rplexst@r me wAs
fv400019,525.792,527.490,d@n dOkt@r eft erst mut@
fv400019,527.490,529.336,tin m@nyt@n di twe vrA+@ kAlmer@
fv400019,529.336,531.197,vor i-j-@t Ond@rzuk_kOn dun
fv400019,531.197,533.017,ny E+ dut @t Ond@rzuk
fv400019,533.017,534.099,d@ dOkt@r zExt
fv400019,534.099,536.531,Ind@rdat_t@ klE+n@ rejAGert ni fe ni fel
fv400019,536.531,538.854,ma-j-Ig bEn @r zek@r vAn d@r mANkert nIks
fv400019,539.432,541.085,t@rYx na hY+s mar ni x@kAlmert
fv400019,541.085,543.155,En_ny kOmt mE+n sxonbrur Ob d@ prOp@n
fv400019,544.183,547.370,E+ wAz dYz Al In di vluj@nd@ b@weGIN In zE+n@ fotY+
fv400019,548.276,549.437,lIxt_t@ kE+k@
fv400019,549.894,553.453,m@n zYs kOmt @ran G@vloG@n_ny ja dAd Iz i G@wEnd I z@ vlixt AltE+t
fv400019,553.878,555.906,kOmt @r anG@vloG@n En zExt
fv400019,556.276,558.137,Onz@ klE+n@ zAl dof sE+n
fv400019,558.783,562.553,En_ny Gev Ik Op j@ @m brifj@ hu m@n sxonbrur G@rejAGerd eft
fv400019,563.427,565.608,dYs Onz@ klE+n@ zAl dof sE+n
fv400019,565.608,567.299,E+ kE+kt Op fAn z@n@ hymo
fv400019,567.299,569.213,En sprekt_t@ historis@ word@
fv400019,570.255,571.789,w@ Gan d@r mut@ ler@ me lev@n
fv400019,574.410,575.750,zo war Az @k ir sta
fv400019,575.750,577.343,w@ Gan d@r mut@ ler@ me lev@
fv400019,577.897,579.625,eft i G@lE+k ja E+ eft x@lE+k
fv400019,580.507,584.096,O~ fO~ wet@sxAp@l@k eft i G@lE+k G@ mut_tar ler@ me lev@
fv400019,584.602,588.683,ma kY j@ j@ vorstEl@ dA mE+n zYz bE+na hileri hilari Ale di di kreG @n delirijYm I
fv400019,589.927,590.537,kE+k
fv400019,591.371,594.290,@ wer ov@rdrev@ G@zExt ma dId Iz Ext x@b2rd I
fv400019,594.290,597.059,wer ov@rdrev@ G@zExt mAn@n zE+n
fv400019,597.059,598.429,prOblemOplOs@rs
fv400019,598.983,602.200,Als n@ mAn vor @n prOblem zAt stat xat i t ev@tj@z OplOs@n
fv400019,602.781,604.627,ny Alz dAd @n lEk@nd@ kran Is
fv400019,604.627,606.073,Iz dA moj meG@nom@n
fv400019,606.073,609.055,h@ mut_tar ni lAN ov@r diskySer@ ov@r @n lEk@nd@ kran
fv400019,609.055,611.720,ma t x@b2rt_tAn_nOx hel dIkw@lz dAt_ti kran og blE+ft lEk@
fv400019,611.720,613.060,E dAd Iz ok so
fv400019,613.566,617.156,ma mAn@ zE+N G@bor@ prOblemOplOs@rs wAt Iz @t prOblem
fv400019,617.156,620.625,En dAn Gan z@ dAt prOblem OplOs@ En dAn kYn@ z@ @n And@r prOblem ampAk@
fv400019,621.817,624.587,mar ok Al @t r@lASOnel@
fv400019,625.215,627.300,dAt hel And@rz Iz dAn @n lEk@nd@ kran I
fv400019,628.253,631.023,k xa j@ [] m@ten @n vorbelt xev@n Y+t sxolwer@lt
fv400019,631.927,634.771,Op sxol En dAd_du @k xrax E Ik OpsErver GraG I
fv400019,635.146,637.514,Ik_krE+x dYz @m pa ke p@ jar d@ A+d@rs
fv400019,637.514,641.360,an d@ And@r@ kAnt wAner Ig d@ dOkt@r bEn j@ wet wEl Als_s@ kom@n Om @t rezYltat
fv400019,642.123,644.044,En [] hEp Ig dri moG@l@k@ s@narijoz I
fv400019,644.431,646.009,OfwEl kOmt mAmA Alen
fv400019,646.009,648.789,wAt wEl vel G@b2rt pApA E
fv400019,648.789,650.412,eft xen@n tE+t Of wet Ik fel
fv400019,650.412,652.250,ny En dAn Ep Ik mestAl @ hel Gut x@sprEk
fv400019,652.250,654.633,d@ mud@rs_sE+n ov@r @t AlG@men tam@l@g b@zOrxt
fv400019,654.633,657.301,mO j@ kEnt_tAt wEl dYs En j@ kYnt_tar In meGan bO~
fv400019,658.458,659.813,OfwEl kom@ z@ sam@
fv400019,660.947,663.240,Als_s@ sam@ kom@ Ep j@ wer twe moG@l@ked@
fv400019,663.240,664.395,bEst@ G@vAl
fv400019,664.395,666.301,nem@ z@ Elk @n del vAn d@ kuk
fv400019,667.055,670.286,ma hel dIkwE+ls hANt pApA @rbE+ Alz @t fE+vd@ wil an d@ waG@n I
fv400019,670.877,673.498,mAmA vurt @t wort ja wAnt pApA wet nIks
fv400019,674.421,675.076,A ja
fv400019,675.450,676.954,Als t ni war Is mu j Ond@rbrek@n I
fv400019,677.502,681.210,pApA wet nIks fAn @d_dOSe vAn d@ klE+n@ E+ wet Amp@r In wElk@ rIxtIN i zIt
fv400019,681.210,682.889,dYs pApA zIt @rnast
fv400019,682.889,684.334,En dAn bEn Ik stA+t I
fv400019,684.334,685.361,dAn bEn Ik stA+t I
fv400019,685.361,687.735,mAmA zukt m@n oG@n Op I ja zE+ wIl
fv400019,688.254,690.130,En dAn hef Ik nAtyrl@k har ok
fv400019,690.130,691.490,har del mar dAn zIt Ik
fv400019,691.490,693.004,betj@ stA+t_tA xev @k tu
fv400019,693.004,694.448,rIxtIN pApA t@ kE+k@n
fv400019,694.448,697.948,zo vAn jON@ Ig b@trEk j@ In dIt x@sprEk Al wOrt j@ Amb@tAnt
fv400019,697.948,699.669,Em b@GInt i Op s@n@ stul t@ vrIN@
fv400019,699.669,703.243,vAn ja vAn zo lat mE+ mEt rYst I jON@ wAnt @ du-w-@t mar mEt_t@ vrA+
fv400019,704.050,705.539,En dA hEp j@ nOx @n s@narijo
fv400019,705.539,706.790,dAn hEp j@ nOx @n s@narijo
fv400019,706.790,708.216,@t mojst@ s@narijo
fv400019,708.216,710.629,Als pApA Alen kOmt A+lAla
fv400019,711.245,714.223,k_kA j@ v@rzek@r@n Als pApA Alen kOmt dAt sE+n speSal mAn@n I
fv400019,715.245,718.283,ev@tj@z d@ GejEzEm Y+tsxak@l@ vo vE+f s@kOnd@ ni lAN@r
fv400019,718.798,721.553,w@ Gan ev@ntj@s dA kAlfj@ Ov dA kutj@ Gan wAs@n dar
fv400019,721.553,723.847,w@ han t prOblem OplOs@n dYs
fv400019,724.280,725.576,d@ zon kOmt_tAm_me
fv400019,725.576,728.688,bAN wAnt Als pApA me-j-Iz Is t Om bAN t@ zE+n nAtyrl@k
fv400019,729.117,732.319,o Als t xud Is zi j@ pApA ni-j-I dAn kom@ z@ nit dAn Is @r Gen prOblem
fv400019,733.055,735.288,mar Als t slExt Is k xO k Ik n@ ke@ Gan
fv400019,735.288,737.001,ZA~lyg d@han@ I
fv400019,737.001,738.243,pApA kOmt @ran
fv400019,738.243,740.566,En dAn Iz Ext prAxt@x I dAs dAs tejat@r I
fv400019,740.566,742.368,pApA Gat sIt@ m@ner
fv400019,744.079,745.152,wAd Is t prOblem
fv400019,745.822,747.906,[] zo vAn w@ han t OplOs@n I
fv400019,747.906,749.418,[] k fIn dA l2k I
fv400019,749.418,751.414,a m@ner ja d@r Iz Ind@rdad @n prOblem
fv400019,751.414,753.555,E+ eft mar zovel p@rsEnd bvorbelt_twej@nvE+ft@x
fv400019,753.555,756.213,p@rsEnt En vor dri vAk@ vir vAk@ Ond@r d@ hElft
fv400019,756.213,758.074,jA En dAn
fv400019,758.074,761.052,mEt_t@ vrA+@n Iz dAt_tAn Ext fAn xO m@ner En u kOmt_tA
fv400019,761.052,765.116,zA+t i v@rkerd@ vrind@n Eb@n stydert i wEl n@ hel@bul vraG@n
fv400019,765.531,768.093,En j@ hEpt @N G@sprEk I pApA ni s@
fv400019,769.309,772.024,[] [] dA xort dE ni hud I jON
fv400019,772.024,773.850,[] ja pApa ne ne ne
fv400019,773.850,775.533,bO~ mest@r wet j@ wA w@ han dun
fv400019,776.024,777.543,z@n@ vudbAl mAxt i v@rGet@n
fv400019,777.909,779.398,tevekE+k@n mAxt i v@rGet@n
fv400019,780.068,782.451,vwAlA prOblem Iz Opx@lOst E j@ t xort
fv400019,782.451,783.227,[]
fv400019,783.719,784.642,[]
fv400019,784.642,788.007,wer @m betj@ ov@rdrev@n ma vad@rz dA sE+n prOblemOplOs@rz I
fv400019,788.007,791.125,z@ Gan zE+ ni fraG@n En mAn@k@ Eb d@ hE+ d@ v@rkerd@ vrind@n
fv400019,792.801,795.913,dA fraG@ zE+ ni G@ mut styder@n Eb d@ G@stydert
fv400019,795.913,797.596,ne AwEl Gen@n teve mer
fv400019,797.596,799.293,EN Gen@ bu Gen@ vudbAl mer
fv400019,799.293,800.541,w@ han t OplOs@n I
fv400019,801.158,804.685,mAn@ zE+n G@bor@n prOblemOplOs@rs
fv400019,804.685,806.920,En @t xat ov@r dAt prOblem OplOs@
fv400019,806.920,809.334,war Ik In d@ fA+t sAt I v@rtEl Ik sEf@z I
fv400019,810.361,813.206,kE+k zE+n w@ G@bujt dor Onz@ r@lasi
fv400019,813.206,813.980,ja I
fv400019,814.752,817.313,k sA+ bE+na zEG@n lEt@rl@k En fiGyrl@k
fv400019,818.422,820.804,ja E j@ bEnt x@bujt_tor j@ []lasi I
fv400019,821.237,822.488,@ @t Is ni war
fv400019,822.488,826.698,@t Is ni war dA j@ In @n r@lasi hOnd@rt p@rsEnt j@zElf kYnt sE+n I dAs ni war
fv400019,827.418,828.981,@ dAt Is nit war
fv400019,828.981,832.049,k xa j@ @N kONkret forbelt xev@n vAn vAm_m@zElf ny kE+k
fv400019,832.608,833.919,Ik wErk ny nEt
fv400019,833.919,836.539,tuvAl@x nEt m@n tind@ s@zun me mEt @t sejEmbeve
fv400019,836.539,838.713,dYz Ik Ep In di tin jar A erl@k x@zExt
fv400019,838.713,841.811,vrE+ vel meG@makt I l2 Ext l2k @ [] Is mE+n dIN
fv400019,841.811,845.340,Ig du wEst En ostfland@r@n dA b@tek@nt_t@n vErst@ d@ pAn@
fv400019,845.340,847.320,En d@ And@r@ kAnt sIntniklaz I
fv400019,848.733,852.485,Ig du @t xrax dYz Alz Ik hir Om tin yr dErt@x Of wet Ik wAner v@rtrEk
fv400019,852.485,854.300,dAn bEn Ik an d@ en@ kAnt wEl mu
fv400019,854.777,857.845,mar nit mu In d@ kOp zo @m betj@ []
fv400019,857.845,859.058,dAn mud Ik Afkik@
fv400019,859.058,861.902,wA ded Ik fruG@r Ik makt@ @n fA+t fruG@r
fv400019,861.902,864.077,dAn ret Ik sporslAxs na hY+s
fv400019,864.916,866.852,mar dAn kwAm @k Ig bIn@ Ond@r drYk
fv400019,866.852,868.341,kEnt_tAd I []
fv400019,868.867,871.488,In d b@GIn wA+ @k f@rtEl@ vAn d@ av@nt jA
fv400019,871.488,874.272,ma mE+n vrA+ heft ok har avOnt x@hAt dAs mE+n@ hObi
fv400019,874.774,880.909,ma mE+n vrA+ wA+ dAn_nOx Al wAz @t Elv yr Of Elv yr dErt@x wA+ dAn_nOx @n stYkj@ har av@nt f@rtEl@n
fv400019,881.459,885.420,En erl@k x@zExt dAt kAn_ny eGowistis klINk@n mar Ik xef m@zElv blot
fv400019,885.420,887.804,Ig bEn d@r Op so @n av@nt ni m@r an tu
fv400019,888.343,891.054,Ig bEn dAn lEt@rl@k Y+tx@tEt@rt
fv400019,891.808,895.457,En dAn Als mE+n vrA+ wIl b@GIn@ bAb@l@n mut Ik Ind@rdat mebAb@l@n
fv400019,895.457,896.704,En Ik_kAn t ni m@r ObrEN@n
fv400019,897.180,898.699,En wA dun w@ ny E z@ wet @t
fv400019,898.699,902.192,En w@ zE+n d@r Al@bE+ In fE+t@ t@vred@ me Alz Ik so @n av@nt hEp
fv400019,902.192,903.680,Alz Ik fAn hir v@rtrEk
fv400019,903.680,906.465,wet Ik nOx wEl ErG@s @N kAfe war z@ n@ lAN@n tox Eb@
fv400019,906.465,910.078,war Ig dAn an d@n tox kAn zIt@ dAt nimAnt m@ lAst@xfAlt
fv400019,910.078,913.113,ja Als mAn kYJ_J@ dA bet@r pErmIter@n dAn @n vrA+ nAtyrl@k E
fv400019,913.113,914.483,j@ Gat an d@n tox hAN@
fv400019,914.483,915.794,Ik nem nOx @n wIt@k@
fv400019,916.112,917.378,Ik_kik Af
fv400019,917.378,920.535,m@n Adr@nAlin@ zAkt na b@ned@ Ik_kOm tY+s
fv400019,920.535,922.082,m@n vrA+ slapt_tAn Al
fv400019,922.082,924.257,Ik_krY+p Im_mE+n@ nEst En Ik_kAn ok slap@
fv400019,924.257,928.438,En Als @r dAn wA x@b2rd Is its_speSals dA j@ zExt E d@ mujt@ Om t@ v@rtEl@
fv400019,928.438,930.190,dAn v@rtEl Ik @t wEl d@n dAx d@rOp
fv400019,930.190,932.051,ma Als Ik ny zA+ tY+skom@
fv400019,932.051,934.002,dYs Ik sOrx @m betj@ vor m@zElf
fv400019,934.638,936.753,mar In fE+t@ zOrx @k ok for d@ r@lasi wAnt
fv400019,936.753,938.718,w@ kYn@ dAn Gen diskysi Eb@ d@ av@nt
fv400019,938.718,940.371,lat dA m@n vrA+ zExt
fv400019,940.371,942.577,ja j Ept ny Al di andAxt x@Gev@ an
fv400019,942.577,944.096,En Ik Ep xen@n andAxt mer
fv400019,944.096,945.763,mO z@ b@GrE+pt_tAt wEl I []
fv400019,945.763,947.168,t Iz @m_mAnir vAn wErk@
fv400019,72.852,75.277,#
fv400019,188.118,191.608,#
fv400019,226.055,227.960,#
fv400019,429.843,434.139,#
fv400019,498.690,499.868,kInt En G@zIn
fv400019,571.985,574.584,#
fv400019,578.454,581.191,#
fv400019,588.601,591.757,#
fv400019,669.434,671.928,#
fv400019,673.665,677.887,# a ja
fv400019,713.801,715.464,#
fv400019,782.872,784.639,#
